row_id,project_mode,app_type,monthly_users,expected_concurrent_users,requests_per_user_min,estimated_rps,peak_rps,budget_usd,storage_gb,performance_score,performance_available,cdn_present,database_intensity,api_intensity,realtime_required,realtime_connections,background_jobs,media_heavy,growth_rate,operational_skill,availability_level,high_availability,traffic_pattern,multi_region_required,autoscaling_required,managed_database_preferred,recommended_vcpu,recommended_ram_gb
WH-00001,LIVE_URL,SAAS,670496,38,7.73,4.9,6.66,46.0,159.4,61.0,1,0,VERY_HIGH,HIGH,0,0,0,0,MEDIUM,INTERMEDIATE,99.9,0,NORMAL,0,0,1,2,16
WH-00002,LIVE_URL,ECOMMERCE,442308,3286,6.37,348.86,519.81,241.81,32.1,,0,0,MEDIUM,HIGH,0,0,1,0,RAPID,ADVANCED,99.95,1,NORMAL,0,0,0,32,64
WH-00003,LIVE_URL,BLOG,69368,6,2.92,0.29,0.43,11.11,11.5,98.0,1,0,LOW,LOW,0,0,0,0,STABLE,BEGINNER,BASIC,0,BUSINESS_HOURS,0,0,0,1,4
WH-00004,PLANNED,BLOG,4653,25,2.11,0.88,1.31,20.97,17.3,,0,0,LOW,LOW,0,0,0,0,SLOW,INTERMEDIATE,99.9,0,NORMAL,0,0,0,1,4
WH-00005,PLANNED,SAAS,1219194,3981,14.86,985.96,2839.57,936.99,752.8,,0,1,HIGH,HIGH,0,0,0,1,STABLE,ADVANCED,99.95,1,EVENT_DRIVEN,1,0,0,32,64
WH-00006,LIVE_URL,MARKETPLACE,172514,3358,6.35,355.39,1407.34,265.18,134.0,66.0,1,0,HIGH,HIGH,0,0,0,1,MEDIUM,ADVANCED,99.95,1,EVENT_DRIVEN,0,1,0,32,64
WH-00007,LIVE_URL,SAAS,149603,241,16.4,65.87,127.14,31.37,14.8,,0,0,MEDIUM,HIGH,1,177,1,0,RAPID,ADVANCED,99.95,1,BUSINESS_HOURS,0,0,0,8,16
WH-00008,PLANNED,MARKETPLACE,519854,3109,14.29,740.46,2613.82,1268.0,117.4,,0,1,MEDIUM,HIGH,1,1381,1,0,MEDIUM,ADVANCED,99.9,0,EVENT_DRIVEN,1,0,0,32,64
WH-00009,PLANNED,CORPORATE,21212,62,5.47,5.65,8.48,19.72,325.4,,0,0,LOW,LOW,0,0,0,1,MEDIUM,BEGINNER,99.95,1,NORMAL,0,0,1,2,4
WH-00010,NEW_IDEA,MEDIA_STREAMING,202564,868,2.87,41.52,64.35,117.64,596.8,,0,0,MEDIUM,MEDIUM,1,422,0,1,STABLE,ADVANCED,99.5,0,EVENING,0,0,1,4,8
WH-00011,LIVE_URL,SAAS,1154380,4953,12.58,1038.48,3115.44,458.77,48.0,68.5,1,1,HIGH,HIGH,1,1233,1,0,MEDIUM,BEGINNER,99.99,1,SEASONAL,0,0,0,32,64
WH-00012,PLANNED,MARKETPLACE,130017,1366,5.71,130.0,202.8,46.06,151.0,,0,0,HIGH,HIGH,0,0,0,1,MEDIUM,ADVANCED,99.9,0,EVENING,0,0,1,16,32
WH-00013,LIVE_URL,EDUCATION,255478,76,3.7,4.69,8.39,82.18,741.3,70.5,1,0,MEDIUM,HIGH,0,0,0,1,STABLE,ADVANCED,BASIC,0,SEASONAL,0,0,0,2,4
WH-00014,LIVE_URL,SAAS,349448,1899,13.96,441.83,751.12,128.83,219.3,73.6,1,0,VERY_HIGH,VERY_HIGH,0,0,0,1,SLOW,BEGINNER,99.9,0,BUSINESS_HOURS,0,0,1,32,64
WH-00015,LIVE_URL,MEDIA_STREAMING,18311,53,3.35,2.96,3.88,21.78,33.8,77.8,1,1,LOW,MEDIUM,0,0,0,1,MEDIUM,INTERMEDIATE,99.9,0,WEEKEND,0,0,0,1,4
WH-00016,LIVE_URL,PORTFOLIO,2611,4,2.45,0.16,0.6,18.75,57.5,87.8,1,0,LOW,LOW,0,0,0,0,RAPID,INTERMEDIATE,99.9,0,EVENT_DRIVEN,0,0,0,2,4
WH-00017,LIVE_URL,SAAS,96631,2733,15.22,693.27,2800.81,322.66,87.0,62.7,1,1,HIGH,HIGH,0,0,0,1,RAPID,BEGINNER,99.9,0,EVENT_DRIVEN,0,0,0,32,64
WH-00018,PLANNED,INTERNAL_BUSINESS,198,2,4.02,0.13,0.23,18.71,42.5,,0,1,MEDIUM,MEDIUM,1,0,1,0,MEDIUM,ADVANCED,99.9,0,BUSINESS_HOURS,0,0,0,1,4
WH-00019,LIVE_URL,INTERNAL_BUSINESS,607,10,8.57,1.43,1.66,11.28,44.1,84.8,1,0,MEDIUM,MEDIUM,0,0,0,0,SLOW,INTERMEDIATE,99.9,0,NORMAL,0,0,0,2,4
WH-00020,NEW_IDEA,MARKETPLACE,202174,1657,17.84,492.68,1645.56,190.86,34.8,,0,0,HIGH,VERY_HIGH,0,0,0,0,SLOW,ADVANCED,99.9,0,SEASONAL,0,0,1,32,64
WH-00021,LIVE_URL,BLOG,42731,114,2.18,4.14,13.42,16.16,24.0,71.0,1,0,LOW,LOW,0,0,0,0,STABLE,INTERMEDIATE,99.9,0,EVENT_DRIVEN,0,0,0,2,4
WH-00022,PLANNED,BLOG,29844,45,4.93,3.7,15.09,10.43,11.6,,0,0,LOW,LOW,0,0,0,0,STABLE,BEGINNER,BASIC,0,EVENT_DRIVEN,0,0,0,1,4
WH-00023,PLANNED,CORPORATE,5308,14,4.08,0.95,1.25,8.0,57.7,,0,0,LOW,LOW,0,0,0,0,SLOW,ADVANCED,99.9,0,NORMAL,0,0,1,2,4
WH-00024,PLANNED,SAAS,664250,3347,19.19,1070.48,1477.27,420.66,67.8,,0,1,HIGH,HIGH,1,1869,1,0,MEDIUM,INTERMEDIATE,99.9,0,EVENING,0,1,0,32,64
WH-00025,PLANNED,INTERNAL_BUSINESS,6546,4,8.57,0.57,1.19,9.33,17.0,,0,0,MEDIUM,LOW,0,0,0,0,STABLE,ADVANCED,99.9,0,EVENING,0,0,1,2,4
WH-00026,PLANNED,SAAS,262074,2919,20.57,1000.73,1991.45,276.02,16.5,,0,0,HIGH,MEDIUM,0,0,1,0,SLOW,ADVANCED,99.9,0,BUSINESS_HOURS,0,1,1,32,64
WH-00027,NEW_IDEA,INTERNAL_BUSINESS,20853,14,2.63,0.61,1.38,38.25,16.4,,0,1,MEDIUM,MEDIUM,0,0,0,0,SLOW,BEGINNER,99.95,1,SEASONAL,0,0,0,2,8
WH-00028,PLANNED,CORPORATE,50334,116,3.92,7.58,10.23,21.28,13.7,,0,0,LOW,LOW,0,0,0,0,STABLE,INTERMEDIATE,99.5,0,BUSINESS_HOURS,0,0,0,2,4
WH-00029,LIVE_URL,CORPORATE,65822,8,3.66,0.49,0.96,12.23,25.1,62.8,1,1,LOW,LOW,0,0,0,0,MEDIUM,BEGINNER,99.5,0,BUSINESS_HOURS,0,0,0,1,4
WH-00030,NEW_IDEA,CORPORATE,18467,35,5.7,3.33,6.25,24.64,17.8,,0,0,LOW,LOW,0,0,1,0,MEDIUM,INTERMEDIATE,99.5,0,SEASONAL,0,0,0,2,4
WH-00031,PLANNED,ECOMMERCE,18464,205,17.18,58.7,120.33,35.86,113.4,,0,1,HIGH,HIGH,0,0,1,0,RAPID,BEGINNER,BASIC,0,WEEKEND,1,0,0,8,16
WH-00032,LIVE_URL,MARKETPLACE,798983,59,16.67,16.39,25.9,14.33,27.5,71.7,1,1,HIGH,HIGH,0,0,1,0,SLOW,BEGINNER,99.95,1,WEEKEND,0,0,0,2,8
WH-00033,PLANNED,API_SERVICE,6004,20,18.27,6.09,19.73,14.58,49.1,,0,0,MEDIUM,HIGH,0,0,1,0,MEDIUM,ADVANCED,99.9,0,EVENT_DRIVEN,0,0,0,1,4
WH-00034,PLANNED,SAAS,678359,4493,11.46,858.16,1192.85,239.18,76.3,,0,1,MEDIUM,HIGH,0,0,1,0,SLOW,INTERMEDIATE,99.5,0,EVENING,0,1,0,32,64
WH-00035,PLANNED,SAAS,5111,71,10.91,12.91,20.79,13.26,20.0,,0,0,HIGH,HIGH,0,0,1,0,MEDIUM,INTERMEDIATE,99.95,1,BUSINESS_HOURS,0,0,0,2,8
WH-00036,NEW_IDEA,API_SERVICE,161417,2021,16.57,558.13,2310.67,343.17,78.1,,0,1,MEDIUM,VERY_HIGH,0,0,1,0,STABLE,INTERMEDIATE,99.95,1,EVENT_DRIVEN,0,0,1,32,64
WH-00037,PLANNED,BLOG,44039,33,3.31,1.82,4.44,26.43,11.3,,0,0,LOW,LOW,0,0,0,0,MEDIUM,INTERMEDIATE,99.99,1,EVENT_DRIVEN,0,0,0,2,4
WH-00038,NEW_IDEA,ECOMMERCE,27850,569,17.93,170.04,268.66,100.64,191.9,,0,0,VERY_HIGH,MEDIUM,0,0,0,0,STABLE,INTERMEDIATE,99.9,0,BUSINESS_HOURS,0,0,1,16,32
WH-00039,LIVE_URL,PORTFOLIO,1426,38,3.96,2.51,8.63,24.25,54.4,74.1,1,0,LOW,LOW,0,0,0,1,MEDIUM,INTERMEDIATE,BASIC,0,EVENT_DRIVEN,0,0,0,2,4
WH-00040,LIVE_URL,EDUCATION,7666,36,4.84,2.9,7.61,29.87,170.1,42.2,1,0,HIGH,MEDIUM,0,0,0,0,MEDIUM,INTERMEDIATE,99.9,0,EVENT_DRIVEN,0,0,1,1,8
WH-00041,PLANNED,BLOG,12811,24,3.15,1.26,2.86,18.98,17.0,,0,1,LOW,LOW,0,0,1,0,MEDIUM,BEGINNER,99.9,0,EVENT_DRIVEN,0,0,0,1,4
WH-00042,PLANNED,EDUCATION,3678,53,10.87,9.6,11.52,8.0,32.6,,0,1,LOW,LOW,0,0,0,0,SLOW,INTERMEDIATE,99.9,0,NORMAL,0,0,1,2,4
WH-00043,LIVE_URL,API_SERVICE,216957,4083,29.05,1976.85,5258.43,598.01,126.1,69.3,1,1,MEDIUM,VERY_HIGH,1,3432,1,0,STABLE,BEGINNER,99.5,0,SEASONAL,0,0,0,32,64
WH-00044,PLANNED,MEDIA_STREAMING,524616,134,5.84,13.04,16.17,20.49,95.7,,0,1,MEDIUM,MEDIUM,1,73,0,1,MEDIUM,INTERMEDIATE,BASIC,0,NORMAL,0,0,1,1,8
WH-00045,LIVE_URL,CORPORATE,78167,12,3.05,0.61,0.91,22.85,77.9,80.9,1,1,LOW,LOW,0,0,0,0,MEDIUM,INTERMEDIATE,99.9,0,BUSINESS_HOURS,0,0,0,2,4
WH-00046,PLANNED,SAAS,477943,5304,20.87,1844.91,6918.41,634.42,96.2,,0,0,VERY_HIGH,HIGH,0,0,1,0,RAPID,BEGINNER,99.95,1,EVENT_DRIVEN,0,1,1,32,64
WH-00047,LIVE_URL,MARKETPLACE,272419,3014,17.7,889.13,2614.04,416.91,888.2,60.8,1,0,HIGH,HIGH,1,1476,1,1,RAPID,INTERMEDIATE,99.9,0,EVENT_DRIVEN,0,0,1,32,64
WH-00048,NEW_IDEA,BLOG,5465,92,1.99,3.05,4.64,13.56,48.6,,0,0,LOW,LOW,0,0,0,0,SLOW,BEGINNER,99.99,1,NORMAL,0,0,0,2,4
WH-00049,PLANNED,ECOMMERCE,120735,44,15.1,11.07,36.43,13.72,43.0,,0,1,HIGH,HIGH,0,0,0,0,MEDIUM,BEGINNER,99.99,1,SEASONAL,0,0,0,2,8
WH-00050,PLANNED,SAAS,128491,2359,22.73,893.67,1983.94,229.89,20.9,,0,0,MEDIUM,VERY_HIGH,0,0,0,0,RAPID,INTERMEDIATE,BASIC,0,SEASONAL,0,0,1,32,64
WH-00051,LIVE_URL,ECOMMERCE,114961,1360,17.87,405.05,465.81,204.0,216.9,,0,0,HIGH,HIGH,0,0,1,0,STABLE,ADVANCED,BASIC,0,NORMAL,0,0,0,32,64
WH-00052,LIVE_URL,ECOMMERCE,18281,185,13.61,41.96,76.79,55.05,197.1,77.9,1,1,HIGH,MEDIUM,0,0,0,0,MEDIUM,ADVANCED,99.9,0,EVENING,0,0,0,4,8
WH-00053,LIVE_URL,ECOMMERCE,292243,3236,16.08,867.25,2419.62,202.59,996.7,50.6,1,0,VERY_HIGH,HIGH,0,0,1,1,SLOW,INTERMEDIATE,99.95,1,SEASONAL,0,0,1,32,64
WH-00054,PLANNED,CORPORATE,31577,53,4.05,3.58,6.05,99.19,289.1,,0,1,LOW,MEDIUM,0,0,0,1,SLOW,INTERMEDIATE,99.9,0,WEEKEND,0,0,0,1,4
WH-00055,PLANNED,NEWS,807848,5436,7.88,713.93,2248.87,132.47,79.4,,0,1,MEDIUM,MEDIUM,0,0,0,1,MEDIUM,INTERMEDIATE,99.9,0,SEASONAL,0,1,0,32,64
WH-00056,LIVE_URL,BLOG,41910,18,2.33,0.7,0.95,10.23,22.0,83.8,1,0,LOW,LOW,0,0,0,0,MEDIUM,ADVANCED,99.99,1,BUSINESS_HOURS,1,0,1,2,4
WH-00057,PLANNED,ECOMMERCE,24161,174,13.65,39.59,65.32,23.36,69.8,,0,1,HIGH,HIGH,0,0,0,1,MEDIUM,INTERMEDIATE,99.9,0,EVENING,0,0,1,4,8
WH-00058,NEW_IDEA,PORTFOLIO,8586,3,1.23,0.06,0.09,25.95,21.4,,0,0,LOW,MEDIUM,0,0,1,0,STABLE,BEGINNER,99.99,1,NORMAL,0,0,0,2,4
WH-00059,PLANNED,SAAS,332424,1830,21.64,660.02,2085.66,537.67,51.2,,0,0,HIGH,VERY_HIGH,0,0,1,0,STABLE,INTERMEDIATE,99.95,1,EVENT_DRIVEN,0,1,0,32,64
WH-00060,LIVE_URL,CORPORATE,4879,13,3.44,0.75,1.01,18.2,21.8,66.4,1,0,LOW,MEDIUM,0,0,0,0,RAPID,BEGINNER,99.9,0,EVENING,0,1,0,2,4
WH-00061,PLANNED,PORTFOLIO,12041,32,2.17,1.16,1.7,13.49,185.8,,0,0,LOW,MEDIUM,0,0,1,1,MEDIUM,INTERMEDIATE,99.9,0,WEEKEND,0,0,0,1,4
WH-00062,LIVE_URL,MARKETPLACE,101254,2322,19.62,759.29,2270.29,179.19,487.5,79.8,1,0,VERY_HIGH,VERY_HIGH,0,0,0,0,STABLE,ADVANCED,99.9,0,SEASONAL,0,1,1,32,64
WH-00063,LIVE_URL,COMMUNITY,322870,993,8.97,148.45,210.8,39.11,86.2,67.8,1,1,HIGH,HIGH,1,588,1,0,MEDIUM,ADVANCED,99.9,0,NORMAL,0,0,1,16,32
WH-00064,PLANNED,ECOMMERCE,22891,35,14.75,8.6,10.58,19.53,185.6,,0,1,HIGH,HIGH,0,0,1,1,SLOW,BEGINNER,BASIC,0,NORMAL,0,0,0,2,8
WH-00065,LIVE_URL,API_SERVICE,77693,49,11.49,9.38,14.08,13.52,22.8,69.8,1,0,MEDIUM,HIGH,0,0,1,0,SLOW,INTERMEDIATE,99.95,1,NORMAL,0,0,0,2,8
WH-00066,PLANNED,BLOG,10939,68,4.46,5.05,7.63,12.14,13.0,,0,1,LOW,LOW,0,0,0,0,MEDIUM,BEGINNER,99.95,1,EVENING,0,0,0,2,4
WH-00067,NEW_IDEA,PORTFOLIO,2772,27,1.53,0.69,0.88,18.01,18.1,,0,1,LOW,LOW,0,0,0,0,RAPID,INTERMEDIATE,BASIC,0,NORMAL,0,0,1,2,4
WH-00068,PLANNED,MARKETPLACE,240063,268,17.63,78.75,167.73,113.31,245.6,,0,0,HIGH,HIGH,0,0,1,0,MEDIUM,INTERMEDIATE,99.95,1,EVENT_DRIVEN,0,0,0,16,32
WH-00069,PLANNED,ECOMMERCE,17947,105,9.32,16.31,23.98,51.13,123.6,,0,0,HIGH,HIGH,0,0,0,0,SLOW,BEGINNER,99.95,1,NORMAL,0,0,1,2,8
WH-00070,PLANNED,SAAS,278837,2058,20.38,699.03,2355.74,604.09,295.3,,0,1,HIGH,MEDIUM,0,0,1,0,MEDIUM,ADVANCED,99.9,0,EVENT_DRIVEN,0,1,1,32,64
WH-00071,NEW_IDEA,INTERNAL_BUSINESS,2009,58,9.9,9.57,14.16,19.91,19.1,,0,0,MEDIUM,MEDIUM,0,0,0,0,SLOW,BEGINNER,99.9,0,NORMAL,0,0,0,2,4
WH-00072,PLANNED,COMMUNITY,122564,58,11.93,11.53,23.06,27.21,372.5,,0,0,HIGH,MEDIUM,0,0,0,1,SLOW,INTERMEDIATE,99.99,1,WEEKEND,0,0,0,2,8
WH-00073,LIVE_URL,CORPORATE,102128,80,4.41,5.88,19.23,13.17,17.3,76.4,1,1,LOW,MEDIUM,0,0,1,0,MEDIUM,BEGINNER,99.9,0,SEASONAL,1,0,0,2,4
WH-00074,PLANNED,PORTFOLIO,2040,17,1.57,0.44,0.66,19.52,86.7,,0,0,LOW,LOW,0,0,0,1,MEDIUM,INTERMEDIATE,99.5,0,NORMAL,0,0,0,1,4
WH-00075,LIVE_URL,BLOG,3525,24,1.79,0.72,1.01,47.91,73.6,88.1,1,1,LOW,LOW,0,0,1,1,RAPID,ADVANCED,99.95,1,NORMAL,0,0,0,2,8
WH-00076,NEW_IDEA,SAAS,1351163,7320,6.81,830.82,1021.91,349.47,108.7,,0,1,HIGH,VERY_HIGH,1,3214,1,0,RAPID,ADVANCED,BASIC,0,NORMAL,0,0,0,32,64
WH-00077,LIVE_URL,SAAS,220172,4238,21.67,1530.62,4056.15,698.82,20.8,47.3,1,0,MEDIUM,HIGH,1,2332,0,0,STABLE,INTERMEDIATE,99.9,0,SEASONAL,0,0,0,32,64
WH-00078,PLANNED,API_SERVICE,311896,1952,21.89,712.15,2179.19,233.13,15.2,,0,0,MEDIUM,VERY_HIGH,0,0,1,0,MEDIUM,ADVANCED,99.95,1,SEASONAL,0,0,0,32,64
WH-00079,NEW_IDEA,MARKETPLACE,559245,139,17.07,39.55,54.97,36.37,67.0,,0,1,HIGH,HIGH,0,0,0,0,SLOW,INTERMEDIATE,99.95,1,EVENING,0,0,1,4,8
WH-00080,LIVE_URL,CORPORATE,114964,27,3.46,1.56,2.23,8.0,14.6,77.3,1,0,LOW,LOW,0,0,1,0,SLOW,BEGINNER,99.9,0,NORMAL,0,0,0,1,4
WH-00081,PLANNED,MARKETPLACE,448608,2505,11.8,492.65,1310.45,358.71,171.9,,0,1,HIGH,MEDIUM,0,0,1,0,MEDIUM,ADVANCED,99.95,1,EVENT_DRIVEN,0,1,0,32,64
WH-00082,NEW_IDEA,CORPORATE,36792,8,2.76,0.37,1.01,15.46,45.7,,0,0,LOW,MEDIUM,0,0,1,0,STABLE,BEGINNER,99.9,0,EVENT_DRIVEN,0,0,1,1,4
WH-00083,LIVE_URL,MARKETPLACE,88391,173,9.51,27.42,40.58,56.31,27.1,,0,0,HIGH,HIGH,0,0,1,0,MEDIUM,INTERMEDIATE,99.95,1,NORMAL,0,0,1,4,8
WH-00084,LIVE_URL,ECOMMERCE,35859,653,9.69,105.46,159.24,62.11,118.8,70.4,1,1,HIGH,HIGH,0,0,0,0,STABLE,BEGINNER,99.5,0,BUSINESS_HOURS,0,0,1,8,16
WH-00085,PLANNED,API_SERVICE,43669,600,8.55,85.5,166.72,27.93,58.2,,0,1,MEDIUM,HIGH,0,0,0,0,SLOW,BEGINNER,99.9,0,WEEKEND,0,0,1,8,16
WH-00086,NEW_IDEA,API_SERVICE,437691,1399,31.97,745.43,2646.29,513.79,19.7,,0,0,MEDIUM,VERY_HIGH,0,0,1,0,STABLE,BEGINNER,99.5,0,EVENT_DRIVEN,0,1,1,32,64
WH-00087,LIVE_URL,EDUCATION,108679,55,11.21,10.28,16.03,12.36,47.5,79.1,1,0,LOW,HIGH,0,0,0,0,SLOW,INTERMEDIATE,99.5,0,EVENING,0,0,1,2,4
WH-00088,NEW_IDEA,SAAS,95989,1286,12.33,264.27,417.55,91.85,20.9,,0,0,MEDIUM,VERY_HIGH,0,0,0,0,MEDIUM,INTERMEDIATE,99.95,1,BUSINESS_HOURS,0,0,0,32,64
WH-00089,LIVE_URL,MARKETPLACE,852862,2992,8.28,412.9,1412.1,220.56,48.0,65.0,1,0,HIGH,HIGH,0,0,0,0,MEDIUM,INTERMEDIATE,99.9,0,EVENT_DRIVEN,0,0,0,32,64
WH-00090,LIVE_URL,MARKETPLACE,335783,2618,16.56,722.57,2312.22,141.62,78.7,66.5,1,1,MEDIUM,HIGH,0,0,0,1,RAPID,ADVANCED,99.9,0,SEASONAL,0,0,1,32,64
WH-00091,NEW_IDEA,MARKETPLACE,204069,2830,19.01,896.64,3030.64,413.39,172.7,,0,0,MEDIUM,HIGH,1,1308,1,1,SLOW,ADVANCED,99.9,0,SEASONAL,0,0,0,32,64
WH-00092,LIVE_URL,SAAS,22847,79,16.9,22.25,36.72,8.77,172.6,,0,1,HIGH,HIGH,0,0,0,0,MEDIUM,BEGINNER,99.95,1,WEEKEND,0,0,1,2,8
WH-00093,PLANNED,NEWS,494142,3112,3.02,156.64,527.87,175.52,293.0,,0,0,HIGH,MEDIUM,0,0,0,1,RAPID,INTERMEDIATE,99.5,0,SEASONAL,0,1,0,16,32
WH-00094,PLANNED,API_SERVICE,244309,2983,23.5,1168.34,2126.38,447.64,15.0,,0,1,MEDIUM,VERY_HIGH,0,0,1,0,STABLE,ADVANCED,99.9,0,BUSINESS_HOURS,0,1,0,32,64
WH-00095,LIVE_URL,SAAS,18284,35,5.98,3.49,5.41,60.9,147.1,54.6,1,0,VERY_HIGH,HIGH,0,0,0,0,SLOW,INTERMEDIATE,99.9,0,EVENING,0,0,0,1,16
WH-00096,PLANNED,EDUCATION,7147,30,7.18,3.59,6.32,12.36,17.3,,0,0,MEDIUM,MEDIUM,0,0,1,0,MEDIUM,BEGINNER,BASIC,0,WEEKEND,0,0,0,1,8
WH-00097,LIVE_URL,SAAS,742292,3982,22.28,1478.65,4125.43,534.01,16.7,71.5,1,0,HIGH,HIGH,0,0,1,0,MEDIUM,BEGINNER,BASIC,0,SEASONAL,0,1,0,32,64
WH-00098,LIVE_URL,ECOMMERCE,89591,40,16.09,10.73,19.84,27.57,95.8,43.4,1,0,MEDIUM,HIGH,0,0,1,0,SLOW,INTERMEDIATE,99.9,0,BUSINESS_HOURS,0,0,0,2,8
WH-00099,LIVE_URL,SAAS,10594,178,18.75,55.62,91.78,12.0,34.0,80.0,1,1,HIGH,HIGH,0,0,0,0,STABLE,INTERMEDIATE,99.95,1,BUSINESS_HOURS,0,0,1,8,16
WH-00100,NEW_IDEA,CORPORATE,2793,21,5.41,1.89,2.65,14.44,64.1,,0,0,LOW,MEDIUM,0,0,0,0,MEDIUM,BEGINNER,BASIC,0,NORMAL,0,0,1,2,4
WH-00101,NEW_IDEA,SAAS,6162,45,23.52,17.64,63.15,37.2,80.4,,0,0,HIGH,HIGH,0,0,1,0,MEDIUM,INTERMEDIATE,99.95,1,EVENT_DRIVEN,0,0,0,4,8
WH-00102,PLANNED,SAAS,293868,1035,20.4,351.9,619.34,50.19,36.9,,0,0,HIGH,HIGH,0,0,0,0,STABLE,INTERMEDIATE,99.5,0,EVENING,0,0,1,32,64
WH-00103,LIVE_URL,SAAS,725823,6298,13.76,1444.34,2224.29,470.35,31.4,50.3,1,0,HIGH,HIGH,0,0,0,0,MEDIUM,INTERMEDIATE,BASIC,0,BUSINESS_HOURS,1,1,1,32,64
WH-00104,LIVE_URL,EDUCATION,4415,54,5.42,4.88,10.05,12.36,13.6,88.6,1,0,MEDIUM,MEDIUM,0,0,0,0,MEDIUM,BEGINNER,99.9,0,WEEKEND,0,0,0,1,4
WH-00105,LIVE_URL,API_SERVICE,13623,295,23.29,114.51,166.04,69.49,55.6,50.8,1,1,LOW,VERY_HIGH,1,241,0,0,RAPID,BEGINNER,99.99,1,NORMAL,0,0,0,16,16
WH-00106,NEW_IDEA,API_SERVICE,1033954,4008,33.67,2249.16,4340.87,219.54,15.8,,0,0,MEDIUM,VERY_HIGH,0,0,1,0,SLOW,INTERMEDIATE,99.9,0,BUSINESS_HOURS,0,1,0,32,64
WH-00107,LIVE_URL,SAAS,81941,2000,20.38,679.33,2676.57,296.23,222.9,79.1,1,0,HIGH,HIGH,1,1290,0,1,RAPID,ADVANCED,99.9,0,EVENT_DRIVEN,0,0,1,32,64
WH-00108,NEW_IDEA,API_SERVICE,633281,6690,31.74,3539.01,7538.09,524.38,43.1,,0,1,MEDIUM,VERY_HIGH,0,0,1,0,RAPID,INTERMEDIATE,99.5,0,WEEKEND,0,1,0,32,64
WH-00109,NEW_IDEA,NEWS,39610,1047,3.89,67.88,112.0,88.7,16.1,,0,1,HIGH,HIGH,0,0,1,0,STABLE,INTERMEDIATE,BASIC,0,BUSINESS_HOURS,0,0,0,4,8
WH-00110,NEW_IDEA,API_SERVICE,1462044,403,12.25,82.28,143.99,36.29,113.7,,0,0,MEDIUM,VERY_HIGH,1,135,1,1,MEDIUM,INTERMEDIATE,99.9,0,EVENING,0,0,0,16,32
WH-00111,PLANNED,NEWS,1097434,7411,3.24,400.19,468.23,105.63,16.4,,0,0,MEDIUM,MEDIUM,0,0,1,0,STABLE,INTERMEDIATE,99.95,1,NORMAL,0,0,1,16,32
WH-00112,PLANNED,API_SERVICE,1173898,1323,20.96,462.17,804.17,78.64,32.2,,0,1,LOW,HIGH,0,0,1,0,STABLE,BEGINNER,99.5,0,BUSINESS_HOURS,0,0,0,32,32
WH-00113,PLANNED,MARKETPLACE,16621,360,15.58,93.48,351.48,194.42,476.0,,0,0,HIGH,HIGH,1,249,1,1,RAPID,ADVANCED,BASIC,0,EVENT_DRIVEN,0,1,0,32,64
WH-00114,PLANNED,CORPORATE,4347,26,2.88,1.25,1.8,23.08,58.6,,0,1,LOW,LOW,0,0,0,0,MEDIUM,INTERMEDIATE,99.95,1,NORMAL,0,0,0,2,4
WH-00115,PLANNED,ECOMMERCE,16508,117,9.87,19.25,24.06,40.64,40.4,,0,0,HIGH,VERY_HIGH,0,0,0,0,SLOW,INTERMEDIATE,99.95,1,NORMAL,0,0,1,2,8
WH-00116,PLANNED,NEWS,414067,1100,2.97,54.45,111.62,99.75,357.0,,0,1,MEDIUM,MEDIUM,0,0,0,1,SLOW,BEGINNER,BASIC,0,EVENING,0,0,0,4,8
WH-00117,PLANNED,SAAS,683881,3267,23.84,1298.09,4854.85,325.99,138.7,,0,0,HIGH,HIGH,0,0,1,0,RAPID,INTERMEDIATE,99.95,1,EVENT_DRIVEN,0,0,0,32,64
WH-00118,LIVE_URL,INTERNAL_BUSINESS,579,14,2.99,0.7,0.93,8.0,18.3,81.3,1,0,MEDIUM,MEDIUM,0,0,0,0,RAPID,BEGINNER,99.9,0,NORMAL,0,1,0,2,4
WH-00119,PLANNED,SAAS,7544,196,12.53,40.93,70.4,33.86,50.6,,0,0,HIGH,HIGH,0,0,0,0,RAPID,INTERMEDIATE,99.9,0,BUSINESS_HOURS,0,0,1,4,8
WH-00120,LIVE_URL,CORPORATE,88965,171,4.12,11.74,16.44,11.68,60.9,71.0,1,0,LOW,LOW,0,0,1,0,RAPID,INTERMEDIATE,99.99,1,NORMAL,0,0,0,2,4
WH-00121,NEW_IDEA,API_SERVICE,5741,115,18.17,34.83,65.12,26.29,96.2,,0,0,MEDIUM,VERY_HIGH,0,0,0,0,MEDIUM,INTERMEDIATE,99.95,1,WEEKEND,0,0,0,4,8
WH-00122,LIVE_URL,SAAS,10959,160,14.83,39.55,73.56,21.2,29.4,87.6,1,1,HIGH,HIGH,0,0,1,0,MEDIUM,INTERMEDIATE,99.9,0,EVENING,0,0,1,4,8
WH-00123,NEW_IDEA,MARKETPLACE,1020058,206,6.81,23.38,27.12,70.02,101.6,,0,1,HIGH,MEDIUM,1,112,1,0,MEDIUM,INTERMEDIATE,99.9,0,NORMAL,0,0,1,2,8
WH-00124,PLANNED,MARKETPLACE,19091,44,18.16,13.32,19.04,143.77,194.5,,0,1,VERY_HIGH,HIGH,0,0,0,1,SLOW,BEGINNER,99.5,0,EVENING,0,0,0,2,16
WH-00125,LIVE_URL,SAAS,395344,5542,20.48,1891.67,3159.09,430.29,55.0,65.3,1,0,HIGH,VERY_HIGH,0,0,1,0,SLOW,BEGINNER,99.95,1,WEEKEND,0,0,1,32,64
WH-00126,PLANNED,SAAS,255956,5911,11.29,1112.25,2046.55,96.38,51.2,,0,1,VERY_HIGH,HIGH,0,0,1,0,MEDIUM,INTERMEDIATE,99.95,1,BUSINESS_HOURS,1,1,1,32,64
WH-00127,LIVE_URL,BLOG,32428,37,4.02,2.48,4.64,14.5,34.7,67.5,1,1,LOW,LOW,0,0,0,0,MEDIUM,BEGINNER,99.5,0,EVENING,0,0,1,1,4
WH-00128,LIVE_URL,SAAS,1236069,5780,7.0,674.33,2178.1,418.45,97.9,59.9,1,0,HIGH,HIGH,0,0,1,0,MEDIUM,BEGINNER,99.95,1,EVENT_DRIVEN,0,1,1,32,64
WH-00129,LIVE_URL,ECOMMERCE,605912,515,12.5,107.29,152.35,63.2,164.2,74.4,1,1,HIGH,MEDIUM,0,0,1,0,RAPID,BEGINNER,99.95,1,BUSINESS_HOURS,0,0,1,8,16
WH-00130,LIVE_URL,INTERNAL_BUSINESS,18537,30,7.98,3.99,7.74,53.37,42.5,66.5,1,1,HIGH,MEDIUM,0,0,0,0,MEDIUM,INTERMEDIATE,99.9,0,BUSINESS_HOURS,0,0,0,1,8
WH-00131,PLANNED,ECOMMERCE,47486,262,11.22,48.99,131.79,101.91,313.4,,0,0,VERY_HIGH,HIGH,0,0,1,0,STABLE,INTERMEDIATE,99.95,1,SEASONAL,0,0,0,8,16
WH-00132,PLANNED,PORTFOLIO,3021,9,3.84,0.58,2.07,8.0,48.0,,0,1,LOW,LOW,0,0,0,0,SLOW,BEGINNER,99.9,0,EVENT_DRIVEN,0,0,1,1,4
WH-00133,PLANNED,SAAS,866634,6624,22.07,2436.53,8308.56,673.75,12.7,,0,0,MEDIUM,HIGH,0,0,1,0,MEDIUM,BEGINNER,99.95,1,SEASONAL,0,0,0,32,64
WH-00134,PLANNED,MEDIA_STREAMING,1067468,130,4.13,8.95,13.15,47.28,96.7,,0,0,HIGH,MEDIUM,0,0,1,1,MEDIUM,BEGINNER,BASIC,0,BUSINESS_HOURS,0,0,0,2,8
WH-00135,LIVE_URL,SAAS,29969,77,23.5,30.16,60.02,23.42,120.9,78.6,1,0,HIGH,HIGH,1,29,1,0,RAPID,BEGINNER,99.5,0,BUSINESS_HOURS,0,0,0,4,8
WH-00136,NEW_IDEA,CORPORATE,70026,10,1.67,0.28,0.46,8.0,10.0,,0,0,LOW,LOW,0,0,0,0,MEDIUM,BEGINNER,99.5,0,BUSINESS_HOURS,0,0,0,1,4
WH-00137,PLANNED,SAAS,48592,298,22.77,113.09,162.85,62.34,33.4,,0,1,HIGH,VERY_HIGH,0,0,1,0,MEDIUM,INTERMEDIATE,99.9,0,NORMAL,0,0,1,16,32
WH-00138,LIVE_URL,API_SERVICE,511306,2176,9.12,330.75,687.96,199.41,216.0,99.0,1,0,LOW,VERY_HIGH,0,0,1,1,SLOW,ADVANCED,99.99,1,WEEKEND,1,0,1,32,32
WH-00139,PLANNED,SAAS,518383,3571,18.21,1083.8,3912.51,1121.99,17.1,,0,0,HIGH,HIGH,1,1939,1,0,MEDIUM,BEGINNER,99.95,1,EVENT_DRIVEN,0,1,1,32,64
WH-00140,PLANNED,SAAS,711152,3606,19.6,1177.96,1625.58,410.5,240.4,,0,1,HIGH,HIGH,0,0,0,0,RAPID,INTERMEDIATE,99.95,1,NORMAL,1,1,1,32,64
WH-00141,LIVE_URL,ECOMMERCE,27570,300,13.43,67.15,99.38,62.87,141.5,77.1,1,1,HIGH,HIGH,0,0,0,1,STABLE,BEGINNER,99.9,0,NORMAL,0,0,0,8,16
WH-00142,LIVE_URL,SAAS,118681,44,17.06,12.51,21.77,45.08,22.1,77.0,1,0,MEDIUM,HIGH,0,0,0,0,MEDIUM,INTERMEDIATE,99.9,0,BUSINESS_HOURS,0,0,1,1,8
WH-00143,PLANNED,API_SERVICE,603512,2461,19.62,804.75,2293.53,140.18,20.0,,0,0,MEDIUM,VERY_HIGH,0,0,0,0,SLOW,INTERMEDIATE,99.9,0,SEASONAL,0,1,1,32,64
WH-00144,NEW_IDEA,SAAS,801721,6034,20.23,2034.46,2787.22,388.84,71.3,,0,0,VERY_HIGH,HIGH,0,0,0,0,STABLE,INTERMEDIATE,99.5,0,NORMAL,0,1,1,32,64
WH-00145,PLANNED,PORTFOLIO,734,12,1.62,0.32,1.28,8.55,22.2,,0,0,LOW,LOW,0,0,0,0,RAPID,BEGINNER,99.9,0,EVENT_DRIVEN,0,0,1,1,4
WH-00146,PLANNED,API_SERVICE,63055,1821,32.72,993.05,3475.68,264.46,76.2,,0,1,MEDIUM,VERY_HIGH,0,0,0,0,SLOW,BEGINNER,99.99,1,SEASONAL,0,1,0,32,64
WH-00147,PLANNED,ECOMMERCE,11438,331,7.29,40.22,64.35,46.14,221.0,,0,0,HIGH,HIGH,0,0,1,1,SLOW,BEGINNER,99.95,1,BUSINESS_HOURS,0,0,1,4,8
WH-00148,LIVE_URL,NEWS,105170,925,8.33,128.42,457.18,124.78,10.0,79.0,1,1,LOW,MEDIUM,0,0,0,0,MEDIUM,BEGINNER,99.95,1,EVENT_DRIVEN,0,0,0,16,16
WH-00149,LIVE_URL,CORPORATE,12599,136,4.21,9.54,15.17,8.83,43.0,65.5,1,0,LOW,LOW,0,0,1,1,RAPID,ADVANCED,BASIC,0,EVENING,0,0,1,2,4
WH-00150,PLANNED,SAAS,13673,52,10.57,9.16,14.29,78.59,159.8,,0,0,HIGH,HIGH,0,0,0,0,MEDIUM,INTERMEDIATE,99.9,0,EVENING,0,0,1,2,8
WH-00151,LIVE_URL,CORPORATE,2211,54,4.85,4.36,6.2,20.84,75.4,76.8,1,0,LOW,LOW,0,0,0,0,SLOW,BEGINNER,99.95,1,NORMAL,0,0,0,2,4
WH-00152,LIVE_URL,ECOMMERCE,35378,193,11.96,38.47,48.47,31.37,453.8,63.2,1,0,HIGH,MEDIUM,0,0,1,1,MEDIUM,INTERMEDIATE,99.5,0,NORMAL,0,0,0,2,8
WH-00153,PLANNED,COMMUNITY,77412,947,14.7,232.01,354.98,312.0,78.1,,0,1,HIGH,MEDIUM,1,686,1,0,RAPID,ADVANCED,BASIC,0,NORMAL,0,1,1,16,32
WH-00154,LIVE_URL,ECOMMERCE,60466,230,5.11,19.59,66.01,16.74,88.7,61.8,1,0,HIGH,HIGH,0,0,0,0,SLOW,INTERMEDIATE,BASIC,0,SEASONAL,0,0,0,4,8
WH-00155,LIVE_URL,SAAS,1762055,6252,22.54,2348.67,3851.82,771.37,114.5,58.3,1,0,HIGH,HIGH,0,0,0,0,STABLE,BEGINNER,BASIC,0,BUSINESS_HOURS,0,0,1,32,64
WH-00156,NEW_IDEA,CORPORATE,7962,100,1.58,2.63,3.53,29.28,23.8,,0,1,LOW,LOW,0,0,0,0,SLOW,INTERMEDIATE,99.99,1,EVENING,0,0,1,2,4
WH-00157,LIVE_URL,API_SERVICE,244819,5736,26.7,2552.52,5283.72,444.68,45.5,93.1,1,1,LOW,HIGH,0,0,0,0,MEDIUM,ADVANCED,99.9,0,EVENING,0,0,1,32,32
WH-00158,LIVE_URL,ECOMMERCE,16183,37,6.16,3.8,5.17,31.74,52.4,99.0,1,1,MEDIUM,MEDIUM,0,0,1,0,STABLE,BEGINNER,BASIC,0,BUSINESS_HOURS,0,1,0,2,4
WH-00159,LIVE_URL,COMMUNITY,5400,81,4.83,6.52,12.13,10.28,26.2,63.9,1,0,MEDIUM,MEDIUM,1,52,1,0,RAPID,ADVANCED,BASIC,0,SEASONAL,0,0,0,1,8
WH-00160,LIVE_URL,INTERNAL_BUSINESS,452,11,3.01,0.55,0.68,19.78,26.3,77.1,1,1,MEDIUM,MEDIUM,0,0,0,0,SLOW,BEGINNER,99.95,1,NORMAL,0,0,0,2,8
WH-00161,LIVE_URL,INTERNAL_BUSINESS,26982,8,6.97,0.93,1.34,45.2,63.1,,0,0,MEDIUM,MEDIUM,0,0,0,0,STABLE,BEGINNER,99.95,1,NORMAL,0,0,0,2,8
WH-00162,LIVE_URL,SAAS,24091,146,17.76,43.22,54.88,35.82,49.5,99.0,1,1,HIGH,HIGH,0,0,0,0,RAPID,BEGINNER,99.95,1,NORMAL,0,0,0,4,8
WH-00163,PLANNED,ECOMMERCE,65502,68,10.28,11.65,16.78,11.95,212.2,,0,1,HIGH,HIGH,0,0,0,0,MEDIUM,ADVANCED,99.99,1,BUSINESS_HOURS,0,0,0,2,8
WH-00164,LIVE_URL,PORTFOLIO,5350,4,3.59,0.24,0.42,10.58,77.7,91.1,1,0,LOW,MEDIUM,0,0,0,0,MEDIUM,ADVANCED,99.5,0,WEEKEND,0,0,0,2,4
WH-00165,PLANNED,PORTFOLIO,1275,7,2.36,0.28,0.42,40.38,21.8,,0,0,LOW,LOW,0,0,0,0,MEDIUM,BEGINNER,99.5,0,EVENING,0,0,0,2,4
WH-00166,LIVE_URL,SAAS,614214,4870,10.47,849.82,1487.18,569.57,52.4,73.3,1,1,HIGH,HIGH,0,0,1,0,MEDIUM,INTERMEDIATE,99.5,0,WEEKEND,0,0,0,32,64
WH-00167,NEW_IDEA,INTERNAL_BUSINESS,353,8,8.16,1.09,1.82,15.01,19.8,,0,1,MEDIUM,MEDIUM,0,0,0,0,STABLE,INTERMEDIATE,99.9,0,BUSINESS_HOURS,0,0,0,2,4
WH-00168,LIVE_URL,SAAS,128771,2573,15.17,650.54,1567.8,180.82,383.4,60.4,1,1,VERY_HIGH,MEDIUM,1,1033,0,0,MEDIUM,INTERMEDIATE,99.95,1,SEASONAL,0,0,0,32,64
WH-00169,LIVE_URL,CORPORATE,6729,6,4.06,0.41,0.54,22.78,24.8,76.5,1,0,LOW,LOW,0,0,0,0,STABLE,ADVANCED,99.99,1,NORMAL,0,1,0,4,4
WH-00170,PLANNED,CORPORATE,4347,40,4.68,3.12,7.39,15.4,78.1,,0,1,LOW,LOW,0,0,0,0,MEDIUM,BEGINNER,99.95,1,SEASONAL,0,0,1,2,4
WH-00171,PLANNED,MEDIA_STREAMING,118542,929,7.28,112.72,350.56,36.4,358.1,,0,1,LOW,MEDIUM,0,0,0,1,STABLE,INTERMEDIATE,99.9,0,SEASONAL,0,1,0,16,16
WH-00172,PLANNED,SAAS,255854,5134,17.3,1480.3,5743.58,653.91,180.8,,0,1,HIGH,HIGH,1,2700,0,0,RAPID,INTERMEDIATE,99.9,0,EVENT_DRIVEN,1,0,1,32,64
WH-00173,PLANNED,EDUCATION,199000,39,9.11,5.92,7.99,34.93,329.0,,0,1,MEDIUM,MEDIUM,0,0,1,1,SLOW,ADVANCED,99.9,0,NORMAL,0,0,0,2,8
WH-00174,NEW_IDEA,BLOG,78740,8,2.56,0.34,0.42,10.09,19.4,,0,0,LOW,MEDIUM,0,0,1,0,RAPID,INTERMEDIATE,99.9,0,NORMAL,0,0,1,1,4
WH-00175,PLANNED,NEWS,44059,132,4.3,9.46,17.03,33.23,78.6,,0,1,MEDIUM,MEDIUM,0,0,1,0,STABLE,INTERMEDIATE,99.9,0,BUSINESS_HOURS,0,0,0,1,4
WH-00176,PLANNED,EDUCATION,13760,58,6.94,6.71,8.45,17.61,35.2,,0,0,LOW,MEDIUM,0,0,0,0,RAPID,INTERMEDIATE,99.9,0,NORMAL,0,0,0,1,4
WH-00177,LIVE_URL,ECOMMERCE,29104,49,5.55,4.53,8.88,12.0,32.4,77.1,1,1,MEDIUM,MEDIUM,1,38,1,0,RAPID,INTERMEDIATE,99.99,1,BUSINESS_HOURS,0,0,0,2,8
WH-00178,LIVE_URL,API_SERVICE,242453,4162,28.96,2008.86,4499.84,1882.41,31.3,99.0,1,0,MEDIUM,VERY_HIGH,0,0,0,0,MEDIUM,INTERMEDIATE,BASIC,0,SEASONAL,1,1,0,32,64
WH-00179,LIVE_URL,SAAS,289754,4071,23.58,1599.9,6655.6,1190.48,30.3,69.7,1,1,HIGH,HIGH,0,0,1,0,RAPID,INTERMEDIATE,99.95,1,EVENT_DRIVEN,1,1,0,32,64
WH-00180,NEW_IDEA,API_SERVICE,646689,4113,27.89,1911.86,2389.82,193.58,27.1,,0,0,MEDIUM,VERY_HIGH,0,0,0,0,RAPID,INTERMEDIATE,99.5,0,NORMAL,0,0,1,32,64
WH-00181,NEW_IDEA,PORTFOLIO,767,2,1.14,0.04,0.05,18.96,10.0,,0,0,LOW,MEDIUM,0,0,1,0,MEDIUM,BEGINNER,99.9,0,NORMAL,0,0,1,1,4
WH-00182,LIVE_URL,PORTFOLIO,16138,7,1.52,0.18,0.23,9.43,32.8,94.7,1,1,LOW,LOW,0,0,0,0,RAPID,INTERMEDIATE,99.9,0,EVENING,0,1,1,2,4
WH-00183,NEW_IDEA,MARKETPLACE,296970,2907,17.67,856.11,1198.56,282.44,535.3,,0,0,HIGH,VERY_HIGH,0,0,1,1,SLOW,ADVANCED,99.95,1,EVENING,0,1,1,32,64
WH-00184,LIVE_URL,ECOMMERCE,40782,458,12.44,94.96,194.67,37.64,70.3,83.3,1,0,HIGH,HIGH,0,0,0,0,SLOW,BEGINNER,99.9,0,EVENING,0,0,1,16,32
WH-00185,PLANNED,SAAS,125051,1641,23.93,654.49,2401.96,128.24,157.3,,0,1,HIGH,MEDIUM,1,728,1,0,MEDIUM,INTERMEDIATE,BASIC,0,EVENT_DRIVEN,0,0,0,32,64
WH-00186,NEW_IDEA,BLOG,16076,11,2.69,0.49,1.45,15.98,60.4,,0,1,LOW,LOW,0,0,1,1,SLOW,INTERMEDIATE,99.9,0,EVENT_DRIVEN,0,0,0,2,4
WH-00187,PLANNED,BLOG,54181,100,2.1,3.5,4.34,12.47,13.8,,0,1,LOW,LOW,0,0,1,0,SLOW,BEGINNER,BASIC,0,NORMAL,0,0,1,1,4
WH-00188,LIVE_URL,EDUCATION,145012,425,9.65,68.35,92.96,17.95,10.0,70.3,1,0,LOW,MEDIUM,0,0,0,0,MEDIUM,INTERMEDIATE,BASIC,0,NORMAL,0,0,0,4,4
WH-00189,LIVE_URL,SAAS,1572478,6132,10.94,1118.07,2046.06,586.75,183.1,58.0,1,0,HIGH,HIGH,0,0,1,0,MEDIUM,INTERMEDIATE,99.9,0,BUSINESS_HOURS,1,1,1,32,64
WH-00190,PLANNED,ECOMMERCE,12001,183,14.2,43.31,63.23,45.63,146.6,,0,0,HIGH,HIGH,0,0,1,0,MEDIUM,ADVANCED,99.95,1,EVENING,0,0,0,4,8
WH-00191,NEW_IDEA,ECOMMERCE,42092,485,6.74,54.48,92.62,91.05,20.8,,0,0,HIGH,HIGH,0,0,1,0,SLOW,BEGINNER,99.9,0,BUSINESS_HOURS,0,0,1,4,8
WH-00192,LIVE_URL,SAAS,47346,733,16.35,199.74,249.68,115.23,106.3,71.9,1,0,HIGH,HIGH,0,0,1,0,RAPID,BEGINNER,99.99,1,NORMAL,0,0,1,16,32
WH-00193,LIVE_URL,MEDIA_STREAMING,15425,150,6.85,17.12,30.48,11.88,88.0,80.9,1,1,HIGH,MEDIUM,0,0,0,1,MEDIUM,BEGINNER,BASIC,0,EVENING,0,0,1,2,8
WH-00194,NEW_IDEA,ECOMMERCE,25027,63,14.54,15.27,29.77,11.02,124.4,,0,0,HIGH,HIGH,0,0,0,0,STABLE,INTERMEDIATE,99.5,0,WEEKEND,0,0,0,2,8
WH-00195,PLANNED,API_SERVICE,232800,2122,27.72,980.36,1421.53,227.06,10.0,,0,0,LOW,VERY_HIGH,0,0,0,0,MEDIUM,INTERMEDIATE,99.95,1,NORMAL,0,1,0,32,32
WH-00196,PLANNED,SAAS,627564,83,22.54,31.18,106.32,33.28,19.4,,0,0,MEDIUM,HIGH,0,0,0,0,STABLE,ADVANCED,99.5,0,EVENT_DRIVEN,0,1,0,8,16
WH-00197,LIVE_URL,INTERNAL_BUSINESS,1184,6,8.13,0.81,2.46,8.71,60.0,99.0,1,1,MEDIUM,LOW,0,0,0,0,MEDIUM,ADVANCED,99.5,0,EVENT_DRIVEN,0,0,0,1,4
WH-00198,PLANNED,BLOG,5806,15,3.07,0.77,1.17,28.17,69.2,,0,0,LOW,LOW,0,0,0,0,MEDIUM,INTERMEDIATE,99.9,0,EVENING,0,0,1,2,4
WH-00199,PLANNED,SAAS,5284,48,22.41,17.93,28.33,45.55,157.7,,0,1,HIGH,HIGH,0,0,0,0,SLOW,BEGINNER,99.9,0,BUSINESS_HOURS,0,0,1,2,8
WH-00200,PLANNED,EDUCATION,22888,129,9.61,20.66,30.79,11.21,43.4,,0,1,MEDIUM,MEDIUM,0,0,0,0,MEDIUM,BEGINNER,99.9,0,NORMAL,0,0,0,2,8
WH-00201,PLANNED,MARKETPLACE,377217,1311,16.23,354.63,457.47,157.08,146.9,,0,0,HIGH,HIGH,1,340,1,1,MEDIUM,ADVANCED,99.95,1,NORMAL,0,1,1,32,64
WH-00202,PLANNED,BLOG,4850,6,2.43,0.24,0.31,75.56,26.5,,0,0,LOW,LOW,0,0,0,0,SLOW,INTERMEDIATE,99.99,1,NORMAL,0,0,0,2,4
WH-00203,LIVE_URL,ECOMMERCE,458259,2371,17.7,699.44,1231.02,138.72,292.5,72.9,1,0,HIGH,HIGH,1,1809,0,1,RAPID,INTERMEDIATE,99.5,0,EVENING,0,1,1,32,64
WH-00204,LIVE_URL,API_SERVICE,975696,4804,16.75,1341.12,2279.9,198.41,273.4,72.4,1,0,HIGH,VERY_HIGH,1,2940,0,0,STABLE,INTERMEDIATE,99.9,0,EVENING,0,1,1,32,64
WH-00205,LIVE_URL,API_SERVICE,185448,3005,30.93,1549.08,2834.81,295.67,24.9,66.6,1,0,HIGH,VERY_HIGH,0,0,1,0,STABLE,ADVANCED,99.9,0,EVENING,0,0,1,32,64
WH-00206,PLANNED,SAAS,12114,58,14.67,14.18,27.23,26.05,35.9,,0,0,HIGH,MEDIUM,0,0,1,0,MEDIUM,BEGINNER,99.99,1,SEASONAL,0,0,1,2,8
WH-00207,NEW_IDEA,ECOMMERCE,181388,270,13.69,61.6,80.09,113.87,141.6,,0,0,VERY_HIGH,HIGH,0,0,1,0,MEDIUM,ADVANCED,99.99,1,NORMAL,0,0,1,8,16
WH-00208,PLANNED,MARKETPLACE,44645,41,11.81,8.07,10.73,17.07,67.2,,0,1,HIGH,HIGH,0,0,0,0,MEDIUM,BEGINNER,99.9,0,NORMAL,0,0,1,2,8
WH-00209,LIVE_URL,MARKETPLACE,265175,262,15.72,68.64,179.16,44.51,48.3,,0,0,MEDIUM,MEDIUM,0,0,1,0,SLOW,ADVANCED,99.5,0,SEASONAL,0,0,0,8,16
WH-00210,PLANNED,SAAS,374284,4382,19.04,1390.55,4296.81,467.17,234.2,,0,0,HIGH,VERY_HIGH,0,0,1,0,RAPID,BEGINNER,99.95,1,EVENT_DRIVEN,1,1,1,32,64
WH-00211,PLANNED,MARKETPLACE,933751,177,18.74,55.28,183.54,31.36,41.1,,0,0,HIGH,VERY_HIGH,0,0,0,0,STABLE,INTERMEDIATE,99.9,0,SEASONAL,0,0,1,16,32
WH-00212,LIVE_URL,API_SERVICE,37364,614,28.8,294.72,568.81,157.56,34.5,99.0,1,0,LOW,VERY_HIGH,0,0,0,0,STABLE,BEGINNER,BASIC,0,BUSINESS_HOURS,0,0,0,32,32
WH-00213,PLANNED,PORTFOLIO,5581,6,3.68,0.37,0.57,46.6,15.4,,0,0,LOW,LOW,0,0,0,0,MEDIUM,ADVANCED,99.9,0,BUSINESS_HOURS,0,0,0,2,4
WH-00214,LIVE_URL,SAAS,726708,5857,21.81,2129.02,5471.58,2799.73,300.1,86.8,1,0,VERY_HIGH,HIGH,0,0,0,0,MEDIUM,INTERMEDIATE,99.9,0,SEASONAL,0,1,1,32,64
WH-00215,LIVE_URL,MEDIA_STREAMING,24545,608,2.02,20.47,27.22,30.14,220.2,58.8,1,0,HIGH,HIGH,0,0,0,1,STABLE,ADVANCED,99.5,0,BUSINESS_HOURS,0,0,1,2,16
WH-00216,PLANNED,API_SERVICE,773192,2846,12.12,574.89,758.86,104.29,63.5,,0,1,MEDIUM,VERY_HIGH,0,0,1,0,MEDIUM,INTERMEDIATE,99.9,0,BUSINESS_HOURS,0,0,1,32,64
WH-00217,PLANNED,MARKETPLACE,95135,942,11.09,174.11,304.7,35.65,21.0,,0,1,HIGH,HIGH,0,0,0,0,SLOW,ADVANCED,99.95,1,EVENING,0,0,0,16,32
WH-00218,LIVE_URL,SAAS,686620,1768,23.1,680.68,1926.32,681.73,56.1,70.1,1,0,HIGH,VERY_HIGH,0,0,1,0,RAPID,INTERMEDIATE,99.99,1,EVENT_DRIVEN,0,1,0,32,64
WH-00219,LIVE_URL,COMMUNITY,595283,256,6.33,27.01,77.78,44.91,170.2,58.5,1,1,MEDIUM,MEDIUM,0,0,1,1,SLOW,BEGINNER,99.95,1,EVENT_DRIVEN,1,0,0,4,8
WH-00220,PLANNED,CORPORATE,6564,8,4.64,0.62,0.77,11.14,29.9,,0,1,LOW,LOW,0,0,0,0,MEDIUM,ADVANCED,99.95,1,NORMAL,0,0,0,2,4
WH-00221,LIVE_URL,MARKETPLACE,1124938,3809,12.08,766.88,1073.63,580.96,228.0,57.9,1,0,HIGH,HIGH,1,995,1,0,MEDIUM,INTERMEDIATE,99.9,0,BUSINESS_HOURS,1,0,0,32,64
WH-00222,LIVE_URL,NEWS,201973,292,3.22,15.67,27.58,28.54,30.2,78.8,1,1,MEDIUM,MEDIUM,0,0,0,0,STABLE,BEGINNER,99.9,0,SEASONAL,0,0,1,2,4
WH-00223,NEW_IDEA,EDUCATION,39218,74,6.29,7.76,13.65,12.78,28.0,,0,1,MEDIUM,MEDIUM,0,0,1,0,MEDIUM,INTERMEDIATE,99.9,0,BUSINESS_HOURS,0,0,0,1,4
WH-00224,PLANNED,CORPORATE,2243,23,4.77,1.83,3.11,13.54,40.7,,0,0,LOW,LOW,0,0,0,0,MEDIUM,BEGINNER,BASIC,0,BUSINESS_HOURS,0,0,0,2,4
WH-00225,NEW_IDEA,ECOMMERCE,13861,267,15.21,67.68,190.19,31.62,17.1,,0,1,MEDIUM,VERY_HIGH,0,0,0,0,SLOW,INTERMEDIATE,BASIC,0,EVENT_DRIVEN,0,0,1,8,16
WH-00226,PLANNED,API_SERVICE,53043,612,18.36,187.27,249.07,16.14,86.7,,0,0,MEDIUM,HIGH,0,0,1,1,MEDIUM,BEGINNER,BASIC,0,EVENING,0,0,1,16,32
WH-00227,PLANNED,COMMUNITY,4517,135,10.0,22.5,29.03,22.28,60.1,,0,0,MEDIUM,MEDIUM,1,77,0,0,STABLE,INTERMEDIATE,BASIC,0,NORMAL,0,0,0,2,4
WH-00228,PLANNED,API_SERVICE,536778,5378,27.32,2448.78,2963.03,84.85,33.2,,0,0,MEDIUM,VERY_HIGH,0,0,0,0,SLOW,INTERMEDIATE,99.95,1,NORMAL,0,0,0,32,64
WH-00229,LIVE_URL,ECOMMERCE,38607,336,6.57,36.79,53.35,18.14,85.5,45.5,1,0,HIGH,MEDIUM,0,0,0,0,MEDIUM,INTERMEDIATE,99.9,0,WEEKEND,0,0,1,2,8
WH-00230,LIVE_URL,CORPORATE,59208,11,1.76,0.32,1.1,37.51,40.5,63.8,1,0,LOW,LOW,0,0,0,0,MEDIUM,BEGINNER,99.95,1,SEASONAL,0,0,0,2,4
WH-00231,LIVE_URL,NEWS,460278,1923,3.11,99.68,338.9,37.09,11.5,80.5,1,0,LOW,MEDIUM,0,0,1,0,RAPID,BEGINNER,BASIC,0,SEASONAL,0,0,1,8,8
WH-00232,LIVE_URL,MARKETPLACE,321770,2698,8.81,396.16,1327.12,265.84,423.2,74.6,1,0,VERY_HIGH,HIGH,0,0,1,0,RAPID,ADVANCED,99.9,0,SEASONAL,0,1,1,32,64
WH-00233,LIVE_URL,MARKETPLACE,19404,225,15.49,58.09,72.61,21.41,140.1,85.9,1,1,HIGH,MEDIUM,1,145,1,0,RAPID,BEGINNER,99.95,1,NORMAL,0,0,1,4,8
WH-00234,PLANNED,ECOMMERCE,294117,3393,17.76,1004.33,1807.79,333.3,55.3,,0,0,VERY_HIGH,HIGH,0,0,0,0,SLOW,ADVANCED,BASIC,0,EVENING,1,0,1,32,64
WH-00235,PLANNED,API_SERVICE,408411,2370,23.76,938.52,2534.0,364.16,48.6,,0,1,MEDIUM,VERY_HIGH,0,0,0,0,MEDIUM,BEGINNER,BASIC,0,EVENT_DRIVEN,1,0,0,32,64
WH-00236,NEW_IDEA,SAAS,956504,6864,6.73,769.91,985.49,1972.03,1140.1,,0,0,VERY_HIGH,HIGH,1,2810,1,1,RAPID,ADVANCED,99.9,0,NORMAL,0,1,1,32,64
WH-00237,PLANNED,COMMUNITY,66017,636,4.81,50.99,203.94,40.98,296.5,,0,1,MEDIUM,MEDIUM,0,0,0,1,STABLE,INTERMEDIATE,99.95,1,EVENT_DRIVEN,0,0,0,8,16
WH-00238,LIVE_URL,PORTFOLIO,520,3,3.88,0.19,0.29,14.73,71.7,92.6,1,0,LOW,LOW,0,0,0,0,RAPID,BEGINNER,99.9,0,BUSINESS_HOURS,0,0,0,2,4
WH-00239,LIVE_URL,SAAS,206437,1792,17.37,518.78,648.48,153.75,146.6,61.2,1,1,HIGH,VERY_HIGH,0,0,1,0,MEDIUM,INTERMEDIATE,99.9,0,NORMAL,0,0,1,32,64
WH-00240,LIVE_URL,CORPORATE,3379,11,4.23,0.78,1.37,11.38,15.7,82.4,1,0,LOW,LOW,0,0,0,0,MEDIUM,BEGINNER,99.9,0,EVENING,0,0,0,2,4
WH-00241,LIVE_URL,ECOMMERCE,35912,52,11.81,10.24,21.9,30.62,61.2,81.8,1,1,HIGH,MEDIUM,0,0,0,0,STABLE,INTERMEDIATE,99.95,1,WEEKEND,0,0,0,2,8
WH-00242,PLANNED,MARKETPLACE,113480,1812,16.85,508.87,1262.0,433.74,61.2,,0,1,HIGH,HIGH,0,0,1,0,RAPID,ADVANCED,99.9,0,EVENT_DRIVEN,0,0,1,32,64
WH-00243,LIVE_URL,API_SERVICE,515562,971,32.05,518.68,980.3,80.45,11.5,95.8,1,0,MEDIUM,VERY_HIGH,0,0,0,0,RAPID,ADVANCED,99.95,1,EVENING,0,0,0,32,64
WH-00244,PLANNED,ECOMMERCE,14120,60,9.95,9.95,26.27,87.48,69.8,,0,0,HIGH,VERY_HIGH,0,0,1,0,RAPID,ADVANCED,99.9,0,EVENT_DRIVEN,0,0,1,2,8
WH-00245,PLANNED,SAAS,811274,3437,11.11,636.42,1349.21,234.04,59.8,,0,0,VERY_HIGH,HIGH,0,0,1,0,MEDIUM,ADVANCED,99.9,0,WEEKEND,0,1,1,32,64
WH-00246,PLANNED,NEWS,150811,59,7.05,6.93,10.26,17.17,90.0,,0,1,HIGH,MEDIUM,0,0,0,0,RAPID,INTERMEDIATE,99.99,1,NORMAL,0,0,1,2,8
WH-00247,LIVE_URL,API_SERVICE,212730,408,26.59,180.81,262.18,86.41,78.7,63.8,1,0,MEDIUM,VERY_HIGH,0,0,1,0,RAPID,INTERMEDIATE,99.9,0,NORMAL,0,0,0,16,32
WH-00248,PLANNED,SAAS,319122,528,9.5,83.6,124.56,36.25,42.6,,0,1,MEDIUM,HIGH,0,0,1,0,STABLE,BEGINNER,99.9,0,NORMAL,0,0,1,8,16
WH-00249,PLANNED,NEWS,314429,76,8.47,10.73,14.7,25.7,40.8,,0,1,MEDIUM,MEDIUM,0,0,1,0,STABLE,BEGINNER,99.5,0,BUSINESS_HOURS,0,0,0,2,4
WH-00250,PLANNED,CORPORATE,3818,42,5.18,3.63,4.71,52.33,46.2,,0,0,LOW,LOW,0,0,0,0,SLOW,INTERMEDIATE,99.9,0,NORMAL,0,0,0,2,4
WH-00251,LIVE_URL,SAAS,91918,294,12.72,62.33,112.19,61.87,62.8,84.7,1,0,VERY_HIGH,HIGH,0,0,0,0,RAPID,INTERMEDIATE,99.99,1,EVENING,0,0,1,8,16
WH-00252,PLANNED,SAAS,1189695,1336,14.3,318.41,601.8,156.05,266.9,,0,1,HIGH,VERY_HIGH,0,0,0,0,MEDIUM,ADVANCED,99.95,1,BUSINESS_HOURS,0,1,0,32,64
WH-00253,PLANNED,SAAS,637131,4346,20.23,1465.33,2095.42,1072.66,69.0,,0,0,HIGH,HIGH,0,0,1,0,SLOW,BEGINNER,99.9,0,WEEKEND,1,1,1,32,64
WH-00254,LIVE_URL,ECOMMERCE,26740,613,9.78,99.92,115.91,173.55,324.7,62.9,1,0,VERY_HIGH,HIGH,1,456,0,0,SLOW,ADVANCED,99.95,1,NORMAL,0,0,1,8,16
WH-00255,PLANNED,API_SERVICE,509628,5910,17.41,1714.88,4304.36,422.93,115.2,,0,1,MEDIUM,VERY_HIGH,0,0,1,0,STABLE,BEGINNER,99.99,1,EVENT_DRIVEN,1,1,0,32,64
WH-00256,LIVE_URL,CORPORATE,8513,153,5.34,13.62,21.92,22.02,10.0,85.2,1,0,LOW,LOW,0,0,0,0,SLOW,ADVANCED,99.5,0,BUSINESS_HOURS,0,0,0,2,4
WH-00257,LIVE_URL,API_SERVICE,493744,4463,26.87,1998.68,2818.14,563.86,14.5,75.7,1,0,MEDIUM,VERY_HIGH,1,1577,1,0,SLOW,INTERMEDIATE,99.99,1,WEEKEND,1,0,1,32,64
WH-00258,PLANNED,BLOG,2828,39,3.33,2.16,3.35,27.36,10.0,,0,1,LOW,LOW,0,0,0,0,MEDIUM,BEGINNER,99.9,0,WEEKEND,0,0,0,1,4
WH-00259,PLANNED,SAAS,308130,3070,20.88,1068.36,1869.63,152.16,26.6,,0,0,HIGH,HIGH,0,0,0,0,SLOW,INTERMEDIATE,99.9,0,WEEKEND,0,1,1,32,64
WH-00260,PLANNED,API_SERVICE,1274767,2346,18.26,713.97,2891.56,343.5,42.7,,0,0,MEDIUM,VERY_HIGH,1,1229,0,0,RAPID,INTERMEDIATE,99.95,1,EVENT_DRIVEN,1,0,0,32,64
WH-00261,PLANNED,PORTFOLIO,13790,10,2.27,0.38,0.58,15.5,78.0,,0,1,LOW,LOW,0,0,1,1,STABLE,INTERMEDIATE,99.5,0,NORMAL,0,0,0,2,4
WH-00262,PLANNED,MEDIA_STREAMING,352690,87,2.83,4.1,9.93,81.29,218.7,,0,1,MEDIUM,MEDIUM,0,0,0,1,STABLE,ADVANCED,99.95,1,SEASONAL,0,0,0,2,8
WH-00263,PLANNED,NEWS,1704545,474,2.07,16.35,22.4,32.44,35.2,,0,0,LOW,MEDIUM,0,0,0,0,SLOW,INTERMEDIATE,99.9,0,NORMAL,0,0,0,2,4
WH-00264,PLANNED,ECOMMERCE,199820,433,13.82,99.73,161.57,29.2,85.3,,0,1,MEDIUM,HIGH,0,0,1,0,MEDIUM,ADVANCED,99.95,1,BUSINESS_HOURS,0,0,0,8,16
WH-00265,NEW_IDEA,NEWS,800360,473,8.81,69.45,100.01,49.48,16.2,,0,1,LOW,HIGH,0,0,0,0,MEDIUM,ADVANCED,99.5,0,NORMAL,0,1,1,4,8
WH-00266,NEW_IDEA,ECOMMERCE,44434,106,16.38,28.94,54.98,27.83,24.5,,0,0,HIGH,VERY_HIGH,0,0,1,0,RAPID,INTERMEDIATE,99.9,0,EVENING,0,0,1,4,8
WH-00267,LIVE_URL,INTERNAL_BUSINESS,366,4,6.08,0.41,0.65,38.0,54.7,79.1,1,0,HIGH,HIGH,0,0,0,0,SLOW,BEGINNER,99.9,0,EVENING,0,0,0,1,8
WH-00268,PLANNED,API_SERVICE,858886,4192,28.53,1993.3,6737.34,1166.87,57.7,,0,0,HIGH,VERY_HIGH,0,0,1,0,STABLE,INTERMEDIATE,99.9,0,SEASONAL,0,0,0,32,64
WH-00269,NEW_IDEA,SAAS,65235,1320,16.15,355.3,497.42,114.26,152.3,,0,0,HIGH,HIGH,1,739,1,0,RAPID,BEGINNER,99.5,0,NORMAL,0,0,0,32,64
WH-00270,LIVE_URL,SAAS,233441,1492,9.22,229.27,823.08,251.3,55.5,68.8,1,0,HIGH,HIGH,0,0,0,0,RAPID,BEGINNER,99.5,0,EVENT_DRIVEN,0,1,1,32,64
WH-00271,NEW_IDEA,SAAS,52008,130,22.68,49.14,68.8,20.22,22.9,,0,1,HIGH,HIGH,0,0,1,0,RAPID,BEGINNER,99.9,0,BUSINESS_HOURS,0,0,1,4,8
WH-00272,LIVE_URL,SAAS,913216,606,20.42,206.24,315.55,132.86,111.5,59.8,1,0,HIGH,HIGH,0,0,1,0,RAPID,ADVANCED,99.9,0,NORMAL,0,1,1,16,32
WH-00273,LIVE_URL,CORPORATE,38802,9,3.97,0.6,2.25,28.32,54.3,84.8,1,0,LOW,MEDIUM,0,0,0,0,MEDIUM,ADVANCED,99.9,0,EVENT_DRIVEN,0,0,1,2,4
WH-00274,LIVE_URL,MARKETPLACE,76862,1044,5.6,97.44,291.35,50.29,219.0,46.5,1,0,VERY_HIGH,MEDIUM,0,0,0,0,MEDIUM,INTERMEDIATE,99.9,0,SEASONAL,0,0,1,16,32
WH-00275,LIVE_URL,INTERNAL_BUSINESS,6626,170,3.9,11.05,15.03,13.57,37.5,76.9,1,1,MEDIUM,MEDIUM,0,0,0,0,SLOW,INTERMEDIATE,99.9,0,NORMAL,0,0,1,2,4
WH-00276,PLANNED,BLOG,78171,8,1.88,0.25,0.84,17.46,10.0,,0,1,LOW,LOW,0,0,0,0,MEDIUM,BEGINNER,99.9,0,EVENT_DRIVEN,0,0,1,1,4
WH-00277,PLANNED,CORPORATE,71564,17,2.72,0.77,1.76,13.76,29.7,,0,0,LOW,LOW,0,0,0,0,STABLE,BEGINNER,99.5,0,SEASONAL,0,0,1,2,4
WH-00278,LIVE_URL,BLOG,13349,27,3.37,1.52,2.76,14.02,270.4,74.1,1,1,LOW,MEDIUM,0,0,0,1,MEDIUM,BEGINNER,BASIC,0,EVENING,0,0,1,1,4
WH-00279,LIVE_URL,MEDIA_STREAMING,46092,464,4.92,38.05,63.92,41.1,63.8,87.8,1,0,HIGH,MEDIUM,1,226,0,1,MEDIUM,INTERMEDIATE,99.9,0,EVENING,0,0,1,4,8
WH-00280,NEW_IDEA,ECOMMERCE,118941,1232,5.48,112.52,312.81,39.87,94.3,,0,0,MEDIUM,HIGH,0,0,1,0,MEDIUM,BEGINNER,99.9,0,SEASONAL,0,0,0,16,32
WH-00281,PLANNED,API_SERVICE,10056,161,14.0,37.57,68.37,35.55,51.4,,0,0,LOW,HIGH,0,0,1,0,MEDIUM,BEGINNER,99.95,1,WEEKEND,0,0,0,4,8
WH-00282,PLANNED,ECOMMERCE,115634,369,13.9,85.48,117.97,44.56,118.8,,0,0,MEDIUM,HIGH,0,0,1,0,STABLE,INTERMEDIATE,99.9,0,NORMAL,0,0,1,8,16
WH-00283,LIVE_URL,MARKETPLACE,110181,364,19.72,119.63,138.78,20.16,46.7,54.6,1,0,MEDIUM,MEDIUM,0,0,0,0,RAPID,INTERMEDIATE,99.99,1,NORMAL,0,0,1,8,16
WH-00284,LIVE_URL,ECOMMERCE,347436,1385,14.95,345.1,1335.52,172.2,79.4,80.4,1,0,VERY_HIGH,HIGH,0,0,1,0,MEDIUM,BEGINNER,99.9,0,EVENT_DRIVEN,0,1,0,32,64
WH-00285,LIVE_URL,API_SERVICE,238067,2088,34.88,1213.82,4466.87,1218.01,40.4,83.9,1,0,HIGH,HIGH,1,1047,0,0,MEDIUM,BEGINNER,99.95,1,EVENT_DRIVEN,0,0,1,32,64
WH-00286,PLANNED,API_SERVICE,266378,4906,28.33,2316.45,4447.58,304.37,16.7,,0,1,MEDIUM,VERY_HIGH,0,0,0,0,SLOW,ADVANCED,99.9,0,BUSINESS_HOURS,0,1,1,32,64
WH-00287,LIVE_URL,API_SERVICE,385473,67,29.55,33.0,60.39,32.47,81.5,79.5,1,1,MEDIUM,VERY_HIGH,0,0,0,0,RAPID,INTERMEDIATE,99.5,0,BUSINESS_HOURS,0,1,1,4,8
WH-00288,LIVE_URL,MARKETPLACE,493342,351,14.08,82.37,100.49,43.29,331.2,69.5,1,0,VERY_HIGH,MEDIUM,1,251,0,0,MEDIUM,BEGINNER,99.9,0,NORMAL,0,0,1,8,16
WH-00289,PLANNED,ECOMMERCE,167280,117,9.15,17.84,37.29,34.03,197.9,,0,0,VERY_HIGH,HIGH,0,0,1,0,SLOW,INTERMEDIATE,BASIC,0,EVENING,0,0,0,4,16
WH-00290,NEW_IDEA,SAAS,707772,5924,19.47,1922.34,3460.21,775.89,265.4,,0,0,HIGH,HIGH,1,2020,1,0,STABLE,ADVANCED,99.95,1,BUSINESS_HOURS,0,1,1,32,64
WH-00291,PLANNED,SAAS,1781528,1487,5.84,144.73,218.55,31.09,74.9,,0,0,VERY_HIGH,HIGH,0,0,1,0,MEDIUM,BEGINNER,99.9,0,NORMAL,0,0,0,16,32
WH-00292,LIVE_URL,BLOG,47599,29,4.6,2.22,3.38,30.38,71.0,82.1,1,1,LOW,LOW,0,0,0,1,STABLE,ADVANCED,99.5,0,BUSINESS_HOURS,0,0,1,1,4
WH-00293,PLANNED,SAAS,1330268,3812,22.36,1420.61,2940.65,238.8,127.3,,0,1,HIGH,HIGH,0,0,0,1,STABLE,BEGINNER,99.9,0,EVENING,0,0,1,32,64
WH-00294,LIVE_URL,PORTFOLIO,1018,8,3.35,0.45,0.62,33.84,13.3,70.8,1,0,LOW,LOW,0,0,0,0,STABLE,INTERMEDIATE,99.9,0,BUSINESS_HOURS,0,0,0,1,4
WH-00295,PLANNED,EDUCATION,37808,392,7.26,47.43,84.43,60.93,37.1,,0,1,MEDIUM,MEDIUM,0,0,0,0,MEDIUM,ADVANCED,99.95,1,BUSINESS_HOURS,0,0,1,4,8
WH-00296,LIVE_URL,NEWS,24917,549,2.64,24.16,49.52,27.68,75.2,85.7,1,0,MEDIUM,LOW,0,0,0,0,SLOW,ADVANCED,99.5,0,EVENING,0,0,0,1,8
WH-00297,NEW_IDEA,API_SERVICE,21388,187,12.03,37.49,73.49,14.7,36.3,,0,0,MEDIUM,VERY_HIGH,0,0,1,0,STABLE,BEGINNER,99.9,0,BUSINESS_HOURS,0,0,0,4,8
WH-00298,PLANNED,INTERNAL_BUSINESS,3142,36,5.98,3.59,12.67,56.2,16.3,,0,0,MEDIUM,MEDIUM,0,0,0,0,RAPID,BEGINNER,BASIC,0,EVENT_DRIVEN,0,0,1,1,4
WH-00299,LIVE_URL,EDUCATION,100249,220,5.31,19.47,39.33,14.6,61.1,51.3,1,0,MEDIUM,LOW,0,0,0,1,MEDIUM,INTERMEDIATE,99.9,0,WEEKEND,0,0,0,1,8
WH-00300,LIVE_URL,API_SERVICE,5149,83,28.32,39.18,104.6,22.82,27.9,83.1,1,0,MEDIUM,VERY_HIGH,0,0,0,0,SLOW,BEGINNER,99.9,0,SEASONAL,0,0,0,8,16
WH-00301,PLANNED,NEWS,29088,220,4.68,17.16,20.42,26.3,14.6,,0,0,MEDIUM,MEDIUM,0,0,0,0,SLOW,ADVANCED,99.9,0,NORMAL,0,0,0,2,4
WH-00302,LIVE_URL,SAAS,1487610,958,18.2,290.59,534.69,136.31,35.8,61.0,1,1,HIGH,VERY_HIGH,0,0,1,0,STABLE,INTERMEDIATE,99.95,1,SEASONAL,0,0,0,32,64
WH-00303,PLANNED,API_SERVICE,76013,1513,27.29,688.16,963.43,69.03,151.9,,0,0,HIGH,VERY_HIGH,0,0,0,0,RAPID,ADVANCED,99.9,0,NORMAL,0,0,1,32,64
WH-00304,NEW_IDEA,ECOMMERCE,23439,271,10.72,48.42,177.21,101.09,86.1,,0,1,HIGH,MEDIUM,0,0,0,0,STABLE,BEGINNER,99.99,1,EVENT_DRIVEN,0,0,0,8,16
WH-00305,LIVE_URL,BLOG,44292,20,1.89,0.63,1.28,21.48,47.1,71.1,1,1,LOW,MEDIUM,0,0,0,1,SLOW,INTERMEDIATE,99.9,0,EVENING,0,0,0,1,4
WH-00306,LIVE_URL,PORTFOLIO,6227,42,1.62,1.13,3.69,10.92,32.5,90.0,1,1,LOW,LOW,0,0,0,0,MEDIUM,BEGINNER,BASIC,0,SEASONAL,0,0,1,1,4
WH-00307,LIVE_URL,MEDIA_STREAMING,139957,724,5.79,69.87,106.2,27.92,38.3,68.7,1,1,MEDIUM,LOW,0,0,0,1,MEDIUM,INTERMEDIATE,99.9,0,EVENING,0,0,0,4,8
WH-00308,PLANNED,ECOMMERCE,638167,120,8.37,16.74,28.46,31.96,148.3,,0,0,VERY_HIGH,VERY_HIGH,0,0,0,1,RAPID,ADVANCED,99.9,0,BUSINESS_HOURS,0,0,0,2,16
WH-00309,LIVE_URL,API_SERVICE,712571,2478,32.93,1360.01,2189.61,574.65,11.5,85.8,1,0,MEDIUM,VERY_HIGH,0,0,1,0,RAPID,BEGINNER,99.9,0,EVENING,1,0,0,32,64
WH-00310,NEW_IDEA,CORPORATE,95568,43,1.66,1.19,2.44,8.0,75.0,,0,1,LOW,LOW,0,0,0,1,MEDIUM,INTERMEDIATE,99.9,0,WEEKEND,0,0,1,2,4
WH-00311,PLANNED,BLOG,4034,15,2.7,0.68,2.59,22.81,56.7,,0,0,LOW,LOW,0,0,0,0,STABLE,ADVANCED,99.5,0,EVENT_DRIVEN,0,0,1,2,4
WH-00312,PLANNED,NEWS,79920,338,5.91,33.29,62.59,66.14,344.0,,0,0,MEDIUM,MEDIUM,0,0,1,1,STABLE,ADVANCED,99.99,1,WEEKEND,0,0,0,2,8
WH-00313,LIVE_URL,ECOMMERCE,547914,3440,10.82,620.35,1600.49,188.75,298.6,65.5,1,1,HIGH,HIGH,0,0,0,1,STABLE,INTERMEDIATE,99.99,1,EVENT_DRIVEN,1,1,1,32,64
WH-00314,LIVE_URL,ECOMMERCE,430548,2965,16.76,828.22,3163.81,742.11,210.3,59.0,1,0,HIGH,HIGH,0,0,1,0,STABLE,BEGINNER,99.99,1,EVENT_DRIVEN,0,1,0,32,64
WH-00315,LIVE_URL,ECOMMERCE,10123,41,16.68,11.4,15.27,51.02,67.0,76.1,1,0,VERY_HIGH,HIGH,0,0,0,0,RAPID,INTERMEDIATE,99.9,0,BUSINESS_HOURS,0,0,0,2,16
WH-00316,NEW_IDEA,ECOMMERCE,56962,775,7.02,90.67,133.29,59.99,48.3,,0,0,HIGH,HIGH,0,0,0,0,MEDIUM,INTERMEDIATE,99.95,1,EVENING,0,1,1,8,16
WH-00317,NEW_IDEA,PORTFOLIO,754,5,1.37,0.11,0.41,29.75,31.7,,0,0,LOW,LOW,0,0,0,0,MEDIUM,BEGINNER,BASIC,0,EVENT_DRIVEN,0,0,0,1,4
WH-00318,NEW_IDEA,API_SERVICE,260775,3342,23.87,1329.56,1848.09,401.33,43.6,,0,0,MEDIUM,VERY_HIGH,0,0,1,0,SLOW,ADVANCED,99.5,0,EVENING,0,0,0,32,64
WH-00319,PLANNED,BLOG,3213,10,2.71,0.45,1.48,20.47,79.9,,0,1,LOW,LOW,0,0,1,1,MEDIUM,INTERMEDIATE,99.9,0,SEASONAL,0,0,1,2,4
WH-00320,PLANNED,SAAS,26587,590,14.86,146.12,201.65,92.62,93.6,,0,0,HIGH,MEDIUM,1,270,1,0,RAPID,ADVANCED,BASIC,0,NORMAL,0,0,1,16,32
WH-00321,NEW_IDEA,MARKETPLACE,690600,2970,18.84,932.58,1445.5,127.39,155.7,,0,0,HIGH,HIGH,0,0,0,1,SLOW,ADVANCED,BASIC,0,BUSINESS_HOURS,0,1,0,32,64
WH-00322,PLANNED,SAAS,1452832,4225,19.92,1402.7,2033.91,157.87,96.3,,0,0,VERY_HIGH,VERY_HIGH,1,2480,0,0,SLOW,INTERMEDIATE,99.9,0,WEEKEND,1,0,1,32,64
WH-00323,NEW_IDEA,SAAS,868739,7461,21.52,2676.01,10971.65,1556.65,122.8,,0,1,MEDIUM,HIGH,0,0,1,0,SLOW,INTERMEDIATE,99.9,0,EVENT_DRIVEN,0,0,1,32,64
WH-00324,PLANNED,BLOG,22778,12,3.68,0.74,2.4,9.28,27.3,,0,1,LOW,LOW,0,0,0,0,STABLE,BEGINNER,99.5,0,EVENT_DRIVEN,0,0,1,1,4
WH-00325,PLANNED,SAAS,226738,3153,23.63,1241.76,2533.18,1015.54,224.7,,0,0,HIGH,HIGH,0,0,1,0,MEDIUM,BEGINNER,99.95,1,EVENT_DRIVEN,0,0,1,32,64
WH-00326,NEW_IDEA,MARKETPLACE,567304,491,9.96,81.51,111.66,46.45,16.2,,0,1,MEDIUM,HIGH,0,0,0,0,RAPID,INTERMEDIATE,99.95,1,NORMAL,0,0,0,8,16
WH-00327,NEW_IDEA,SAAS,168655,4371,22.79,1660.25,2457.17,65.28,76.5,,0,1,VERY_HIGH,MEDIUM,1,1203,0,0,RAPID,ADVANCED,99.9,0,NORMAL,0,1,1,32,64
WH-00328,NEW_IDEA,SAAS,7045,195,6.4,20.8,40.56,98.11,155.3,,0,0,HIGH,MEDIUM,1,81,0,0,SLOW,INTERMEDIATE,99.9,0,BUSINESS_HOURS,0,0,0,2,8
WH-00329,LIVE_URL,SAAS,370880,6763,16.95,1910.55,4680.84,649.22,79.0,81.8,1,0,VERY_HIGH,HIGH,1,3567,0,0,MEDIUM,INTERMEDIATE,99.99,1,SEASONAL,0,0,0,32,64
WH-00330,LIVE_URL,PORTFOLIO,1355,5,1.76,0.15,0.18,8.0,45.2,71.7,1,0,LOW,LOW,0,0,0,0,STABLE,BEGINNER,99.9,0,WEEKEND,0,0,0,1,4
WH-00331,PLANNED,CORPORATE,67494,54,5.52,4.97,10.58,8.0,19.4,,0,0,LOW,LOW,0,0,0,1,SLOW,INTERMEDIATE,99.95,1,WEEKEND,0,0,0,2,4
WH-00332,NEW_IDEA,EDUCATION,10297,23,3.08,1.18,2.04,15.43,16.5,,0,0,MEDIUM,MEDIUM,0,0,0,0,SLOW,INTERMEDIATE,BASIC,0,EVENING,0,0,0,2,4
WH-00333,LIVE_URL,SAAS,278546,5928,16.7,1649.96,2672.94,271.41,258.4,75.5,1,1,HIGH,VERY_HIGH,0,0,1,1,STABLE,BEGINNER,99.9,0,BUSINESS_HOURS,1,0,1,32,64
WH-00334,LIVE_URL,NEWS,80805,84,4.34,6.08,12.7,22.74,156.8,,0,1,MEDIUM,MEDIUM,0,0,0,1,SLOW,INTERMEDIATE,99.9,0,EVENING,0,0,0,2,4
WH-00335,LIVE_URL,CORPORATE,2561,47,1.57,1.23,1.44,13.88,24.9,74.7,1,0,LOW,LOW,0,0,0,0,STABLE,INTERMEDIATE,99.9,0,NORMAL,0,1,1,2,4
WH-00336,LIVE_URL,BLOG,2507,16,1.72,0.46,0.76,36.79,53.9,57.8,1,1,LOW,LOW,0,0,0,1,RAPID,INTERMEDIATE,99.9,0,BUSINESS_HOURS,0,0,1,2,4
WH-00337,PLANNED,ECOMMERCE,80238,85,6.76,9.58,30.45,51.32,173.4,,0,0,HIGH,MEDIUM,0,0,1,0,SLOW,BEGINNER,99.9,0,SEASONAL,0,0,0,2,8
WH-00338,PLANNED,ECOMMERCE,28925,90,6.22,9.33,29.11,15.8,50.4,,0,1,MEDIUM,VERY_HIGH,1,60,1,0,SLOW,BEGINNER,99.9,0,EVENT_DRIVEN,0,0,0,2,4
WH-00339,LIVE_URL,PORTFOLIO,1514,31,1.54,0.8,1.71,65.22,70.9,76.2,1,1,LOW,LOW,0,0,1,0,RAPID,BEGINNER,BASIC,0,SEASONAL,0,0,1,2,4
WH-00340,PLANNED,ECOMMERCE,10811,56,16.2,15.12,20.41,95.58,866.0,,0,1,VERY_HIGH,HIGH,1,25,1,1,MEDIUM,BEGINNER,99.9,0,NORMAL,0,0,0,2,16
WH-00341,NEW_IDEA,NEWS,220949,94,7.74,12.13,16.37,39.88,27.8,,0,1,MEDIUM,MEDIUM,0,0,0,0,MEDIUM,INTERMEDIATE,99.99,1,EVENING,0,0,0,2,8
WH-00342,LIVE_URL,SAAS,13175,148,6.83,16.85,23.42,14.64,18.1,56.4,1,1,MEDIUM,HIGH,0,0,1,0,RAPID,INTERMEDIATE,99.99,1,BUSINESS_HOURS,0,0,0,2,8
WH-00343,PLANNED,SAAS,510898,1556,14.72,381.74,561.16,115.72,28.0,,0,1,HIGH,HIGH,0,0,0,0,SLOW,ADVANCED,99.95,1,NORMAL,0,0,0,32,64
WH-00344,PLANNED,CORPORATE,2119,24,4.68,1.87,2.77,12.3,12.2,,0,1,LOW,LOW,0,0,0,0,MEDIUM,ADVANCED,99.9,0,EVENING,0,0,1,2,4
WH-00345,LIVE_URL,API_SERVICE,923342,3744,29.48,1839.55,3605.52,189.82,25.2,67.3,1,0,MEDIUM,HIGH,0,0,1,0,MEDIUM,INTERMEDIATE,99.95,1,SEASONAL,0,1,1,32,64
WH-00346,LIVE_URL,BLOG,43997,6,2.07,0.21,0.32,18.09,42.8,84.6,1,0,LOW,MEDIUM,0,0,0,0,MEDIUM,BEGINNER,99.9,0,BUSINESS_HOURS,0,0,1,2,4
WH-00347,PLANNED,EDUCATION,93330,84,11.65,16.31,18.76,8.0,192.1,,0,0,MEDIUM,MEDIUM,0,0,0,1,STABLE,ADVANCED,BASIC,0,NORMAL,0,0,1,1,8
WH-00348,PLANNED,EDUCATION,137871,28,7.05,3.29,10.17,8.89,42.4,,0,0,MEDIUM,MEDIUM,0,0,0,0,STABLE,INTERMEDIATE,99.5,0,SEASONAL,0,0,0,2,4
WH-00349,PLANNED,NEWS,241564,1697,4.27,120.77,271.73,54.57,61.1,,0,0,MEDIUM,MEDIUM,0,0,0,0,MEDIUM,ADVANCED,99.95,1,SEASONAL,0,0,0,8,16
WH-00350,LIVE_URL,BLOG,62998,9,4.5,0.68,1.05,27.14,52.1,56.2,1,0,LOW,LOW,0,0,0,1,MEDIUM,ADVANCED,99.5,0,EVENING,0,0,1,1,4
WH-00351,LIVE_URL,MARKETPLACE,95428,82,5.96,8.15,14.5,58.7,95.8,66.3,1,1,HIGH,VERY_HIGH,0,0,0,0,MEDIUM,ADVANCED,99.5,0,WEEKEND,0,0,1,2,8
WH-00352,PLANNED,API_SERVICE,86904,66,20.31,22.34,44.01,78.05,81.7,,0,0,MEDIUM,VERY_HIGH,0,0,0,1,MEDIUM,BEGINNER,99.9,0,EVENING,0,0,0,4,8
WH-00353,NEW_IDEA,MARKETPLACE,22506,246,13.8,56.58,185.02,25.6,49.6,,0,0,HIGH,HIGH,0,0,1,0,MEDIUM,INTERMEDIATE,99.95,1,SEASONAL,0,0,0,16,32
WH-00354,LIVE_URL,INTERNAL_BUSINESS,3542,5,6.01,0.5,0.78,38.04,306.5,54.3,1,0,MEDIUM,LOW,0,0,0,1,STABLE,BEGINNER,99.95,1,BUSINESS_HOURS,0,0,0,2,8
WH-00355,LIVE_URL,ECOMMERCE,496793,323,16.94,91.19,182.39,70.02,122.1,73.3,1,0,HIGH,HIGH,0,0,0,0,STABLE,BEGINNER,99.95,1,WEEKEND,0,0,1,8,16
WH-00356,PLANNED,MARKETPLACE,391110,3561,18.99,1127.06,1927.27,153.76,35.9,,0,0,VERY_HIGH,HIGH,1,2885,1,0,MEDIUM,ADVANCED,99.9,0,BUSINESS_HOURS,1,0,1,32,64
WH-00357,LIVE_URL,SAAS,59680,153,10.28,26.21,49.81,24.32,23.4,61.6,1,0,MEDIUM,HIGH,0,0,1,0,STABLE,ADVANCED,99.9,0,EVENING,0,0,0,2,8
WH-00358,NEW_IDEA,SAAS,622577,4503,8.13,610.16,1128.79,190.79,32.7,,0,0,HIGH,MEDIUM,0,0,1,0,MEDIUM,INTERMEDIATE,99.99,1,EVENING,0,0,1,32,64
WH-00359,LIVE_URL,SAAS,58597,140,12.49,29.14,81.02,48.12,124.3,,0,0,HIGH,VERY_HIGH,0,0,1,0,RAPID,BEGINNER,99.95,1,SEASONAL,0,0,1,8,16
WH-00360,NEW_IDEA,CORPORATE,40067,170,5.01,14.19,17.18,15.53,31.8,,0,0,LOW,MEDIUM,0,0,0,0,SLOW,INTERMEDIATE,99.95,1,NORMAL,0,0,0,2,4
WH-00361,NEW_IDEA,CORPORATE,14672,7,4.99,0.58,1.72,20.3,64.2,,0,1,LOW,LOW,0,0,0,0,RAPID,ADVANCED,BASIC,0,SEASONAL,0,0,0,1,4
WH-00362,LIVE_URL,ECOMMERCE,59265,68,13.4,15.19,61.51,77.03,154.7,,0,0,HIGH,VERY_HIGH,0,0,0,0,SLOW,BEGINNER,99.95,1,EVENT_DRIVEN,0,0,1,4,8
WH-00363,NEW_IDEA,CORPORATE,2051,6,5.48,0.55,1.95,20.55,25.9,,0,1,LOW,LOW,0,0,1,0,MEDIUM,BEGINNER,99.9,0,EVENT_DRIVEN,0,0,0,1,4
WH-00364,PLANNED,SAAS,709203,2153,5.72,205.25,287.35,33.96,17.8,,0,0,HIGH,HIGH,0,0,1,0,MEDIUM,ADVANCED,99.9,0,NORMAL,0,0,1,16,32
WH-00365,NEW_IDEA,CORPORATE,62727,16,5.56,1.48,3.05,9.4,41.2,,0,0,LOW,MEDIUM,0,0,1,1,MEDIUM,ADVANCED,99.9,0,WEEKEND,0,0,1,2,4
WH-00366,LIVE_URL,API_SERVICE,536149,996,32.13,533.36,1317.39,281.42,19.4,67.4,1,0,MEDIUM,VERY_HIGH,0,0,1,0,MEDIUM,ADVANCED,99.9,0,SEASONAL,0,1,0,32,64
WH-00367,NEW_IDEA,CORPORATE,6742,42,4.26,2.98,3.46,11.22,14.1,,0,1,LOW,LOW,1,9,0,0,STABLE,ADVANCED,99.9,0,NORMAL,0,0,1,2,4
WH-00368,PLANNED,API_SERVICE,40171,221,13.14,48.4,87.6,45.71,82.4,,0,0,MEDIUM,VERY_HIGH,0,0,0,0,RAPID,ADVANCED,99.95,1,BUSINESS_HOURS,0,0,1,8,16
WH-00369,PLANNED,CORPORATE,4948,16,3.59,0.96,1.93,13.96,74.0,,0,1,LOW,LOW,0,0,0,0,MEDIUM,ADVANCED,99.5,0,EVENT_DRIVEN,0,0,0,1,4
WH-00370,LIVE_URL,CORPORATE,83146,158,5.43,14.3,21.88,37.47,260.1,84.6,1,0,LOW,MEDIUM,0,0,1,1,STABLE,ADVANCED,99.9,0,NORMAL,0,0,0,2,4
WH-00371,PLANNED,SAAS,42099,879,8.37,122.62,172.89,40.84,88.8,,0,1,HIGH,HIGH,0,0,1,0,MEDIUM,BEGINNER,99.99,1,BUSINESS_HOURS,0,0,0,8,16
WH-00372,LIVE_URL,MARKETPLACE,187879,2969,11.43,565.59,2075.73,219.94,54.2,70.6,1,1,HIGH,HIGH,0,0,1,0,MEDIUM,INTERMEDIATE,BASIC,0,EVENT_DRIVEN,0,0,0,32,64
WH-00373,LIVE_URL,SAAS,341582,6723,19.54,2189.46,2977.66,176.1,104.4,,0,0,HIGH,HIGH,1,3918,1,0,SLOW,INTERMEDIATE,99.9,0,NORMAL,0,0,0,32,64
WH-00374,LIVE_URL,ECOMMERCE,83298,249,10.67,44.28,52.25,26.93,76.5,95.0,1,0,HIGH,HIGH,0,0,1,0,SLOW,INTERMEDIATE,99.5,0,NORMAL,0,0,1,2,8
WH-00375,LIVE_URL,PORTFOLIO,16497,51,3.34,2.84,5.22,8.0,24.7,91.5,1,0,LOW,LOW,0,0,0,0,MEDIUM,BEGINNER,99.99,1,SEASONAL,0,0,0,2,4
WH-00376,NEW_IDEA,MARKETPLACE,344406,849,19.08,269.98,421.17,23.2,69.9,,0,1,HIGH,HIGH,0,0,0,0,SLOW,INTERMEDIATE,99.9,0,BUSINESS_HOURS,0,1,1,16,32
WH-00377,LIVE_URL,ECOMMERCE,676016,61,17.17,17.46,22.52,74.59,100.3,92.2,1,1,VERY_HIGH,VERY_HIGH,0,0,1,0,MEDIUM,BEGINNER,99.9,0,WEEKEND,0,0,1,2,16
WH-00378,LIVE_URL,INTERNAL_BUSINESS,6892,3,7.59,0.38,0.72,32.53,99.1,63.6,1,1,HIGH,HIGH,0,0,1,0,RAPID,BEGINNER,99.9,0,WEEKEND,0,0,0,1,8
WH-00379,LIVE_URL,BLOG,2332,13,1.72,0.37,0.44,33.32,40.6,79.9,1,1,LOW,LOW,0,0,1,0,MEDIUM,INTERMEDIATE,99.9,0,NORMAL,0,0,0,1,4
WH-00380,PLANNED,API_SERVICE,19816,40,10.72,7.15,10.93,11.27,15.4,,0,1,LOW,VERY_HIGH,0,0,0,0,RAPID,BEGINNER,99.99,1,NORMAL,0,0,0,2,4
WH-00381,LIVE_URL,SAAS,761202,5829,17.2,1670.98,2606.73,102.36,120.8,78.7,1,0,HIGH,MEDIUM,1,1468,0,0,MEDIUM,INTERMEDIATE,99.5,0,EVENING,1,0,1,32,64
WH-00382,LIVE_URL,SAAS,266417,1551,7.4,191.29,369.19,210.1,70.2,61.9,1,1,HIGH,HIGH,0,0,1,0,MEDIUM,BEGINNER,99.9,0,BUSINESS_HOURS,0,0,1,32,64
WH-00383,PLANNED,ECOMMERCE,189605,1021,15.27,259.84,449.53,185.61,293.8,,0,1,HIGH,VERY_HIGH,0,0,0,1,MEDIUM,INTERMEDIATE,99.9,0,EVENING,0,0,1,32,64
WH-00384,PLANNED,MARKETPLACE,212630,2244,6.33,236.74,452.18,223.83,41.6,,0,1,HIGH,HIGH,0,0,1,0,MEDIUM,BEGINNER,99.95,1,BUSINESS_HOURS,0,0,0,32,64
WH-00385,PLANNED,CORPORATE,19659,74,3.96,4.88,10.45,24.68,10.0,,0,0,LOW,LOW,0,0,0,0,MEDIUM,ADVANCED,99.95,1,SEASONAL,0,0,0,2,4
WH-00386,LIVE_URL,INTERNAL_BUSINESS,193,3,6.99,0.35,0.61,14.2,28.1,88.9,1,0,MEDIUM,MEDIUM,0,0,0,0,SLOW,BEGINNER,99.9,0,EVENING,0,0,1,2,4
WH-00387,LIVE_URL,SAAS,1146724,3513,13.97,817.94,2674.68,122.64,17.9,56.1,1,0,MEDIUM,HIGH,0,0,1,0,MEDIUM,INTERMEDIATE,99.9,0,EVENT_DRIVEN,0,0,0,32,64
WH-00388,LIVE_URL,MARKETPLACE,968312,77,16.96,21.77,32.87,23.9,139.3,74.4,1,1,HIGH,HIGH,0,0,0,0,SLOW,ADVANCED,99.9,0,NORMAL,1,0,1,4,8
WH-00389,PLANNED,SAAS,15509,79,17.43,22.95,33.28,71.67,88.6,,0,0,HIGH,HIGH,0,0,1,1,STABLE,ADVANCED,99.95,1,WEEKEND,0,0,1,4,16
WH-00390,LIVE_URL,EDUCATION,379721,1359,11.19,253.45,405.53,86.71,63.1,77.5,1,1,MEDIUM,HIGH,0,0,0,0,MEDIUM,ADVANCED,BASIC,0,BUSINESS_HOURS,0,0,0,16,32
WH-00391,LIVE_URL,SAAS,1238660,2647,19.76,871.75,2257.82,856.86,80.8,59.3,1,0,HIGH,HIGH,0,0,0,0,MEDIUM,ADVANCED,99.9,0,EVENT_DRIVEN,0,0,1,32,64
WH-00392,PLANNED,CORPORATE,64011,68,3.12,3.54,6.08,11.07,18.5,,0,1,LOW,LOW,0,0,1,0,STABLE,INTERMEDIATE,99.9,0,WEEKEND,0,0,0,2,4
WH-00393,LIVE_URL,SAAS,17391,42,8.99,6.29,10.82,13.87,48.4,93.9,1,1,MEDIUM,HIGH,1,21,0,0,SLOW,INTERMEDIATE,99.9,0,BUSINESS_HOURS,0,0,0,2,8
WH-00394,LIVE_URL,PORTFOLIO,646,7,1.26,0.15,0.4,17.6,37.1,75.7,1,0,LOW,LOW,0,0,1,0,RAPID,INTERMEDIATE,99.9,0,SEASONAL,0,0,0,2,4
WH-00395,LIVE_URL,API_SERVICE,116741,3478,30.07,1743.06,5420.91,520.58,122.1,94.6,1,1,HIGH,VERY_HIGH,0,0,1,0,MEDIUM,INTERMEDIATE,99.9,0,SEASONAL,0,0,1,32,64
WH-00396,PLANNED,EDUCATION,132844,64,6.37,6.79,22.22,32.79,312.1,,0,1,MEDIUM,MEDIUM,1,26,1,1,SLOW,INTERMEDIATE,99.99,1,SEASONAL,0,0,0,2,8
WH-00397,PLANNED,BLOG,66937,30,2.36,1.18,1.62,8.0,24.5,,0,0,LOW,LOW,0,0,1,0,RAPID,INTERMEDIATE,99.5,0,BUSINESS_HOURS,0,0,1,1,4
WH-00398,PLANNED,MARKETPLACE,28433,69,5.4,6.21,11.67,8.25,55.3,,0,1,VERY_HIGH,VERY_HIGH,1,36,1,0,STABLE,INTERMEDIATE,99.5,0,BUSINESS_HOURS,0,0,1,2,16
WH-00399,LIVE_URL,API_SERVICE,977881,4309,30.5,2190.41,2847.53,989.43,82.3,72.6,1,0,MEDIUM,VERY_HIGH,0,0,0,0,STABLE,INTERMEDIATE,99.9,0,NORMAL,1,0,1,32,64
WH-00400,PLANNED,COMMUNITY,101858,111,6.84,12.65,26.57,30.13,76.7,,0,0,LOW,MEDIUM,1,50,0,0,MEDIUM,BEGINNER,99.9,0,SEASONAL,0,1,0,2,4
WH-00401,LIVE_URL,PORTFOLIO,1356,25,3.21,1.34,1.81,20.87,24.6,91.7,1,1,LOW,LOW,0,0,0,0,SLOW,BEGINNER,99.5,0,NORMAL,0,0,1,1,4
WH-00402,LIVE_URL,ECOMMERCE,184998,245,9.1,37.16,91.41,27.51,78.3,72.4,1,0,MEDIUM,HIGH,0,0,0,1,SLOW,INTERMEDIATE,99.9,0,EVENT_DRIVEN,0,0,0,4,8
WH-00403,PLANNED,PORTFOLIO,1170,8,1.82,0.24,0.45,8.0,24.8,,0,1,LOW,LOW,0,0,1,0,SLOW,INTERMEDIATE,BASIC,0,EVENING,0,0,0,1,4
WH-00404,LIVE_URL,PORTFOLIO,4553,7,2.95,0.34,0.48,23.13,375.3,76.5,1,0,LOW,LOW,0,0,1,1,MEDIUM,BEGINNER,99.9,0,NORMAL,0,0,0,1,4
WH-00405,NEW_IDEA,ECOMMERCE,458598,111,9.45,17.48,23.25,29.15,103.5,,0,0,HIGH,MEDIUM,0,0,0,0,MEDIUM,BEGINNER,99.95,1,NORMAL,0,0,0,2,8
WH-00406,NEW_IDEA,API_SERVICE,681845,4247,33.65,2381.86,3167.87,293.28,40.0,,0,0,MEDIUM,VERY_HIGH,0,0,0,0,SLOW,ADVANCED,BASIC,0,WEEKEND,0,0,1,32,64
WH-00407,LIVE_URL,EDUCATION,464024,79,9.92,13.06,18.55,15.4,65.1,96.8,1,0,MEDIUM,MEDIUM,1,30,0,0,RAPID,INTERMEDIATE,99.9,0,NORMAL,0,0,0,2,8
WH-00408,LIVE_URL,SAAS,144897,1469,11.25,275.44,842.84,185.2,63.0,37.8,1,0,MEDIUM,HIGH,0,0,1,0,SLOW,INTERMEDIATE,99.95,1,SEASONAL,0,1,0,32,64
WH-00409,LIVE_URL,API_SERVICE,513440,4380,34.55,2522.15,6557.59,825.71,29.4,78.7,1,0,MEDIUM,HIGH,1,3226,1,0,SLOW,INTERMEDIATE,99.95,1,SEASONAL,0,0,0,32,64
WH-00410,PLANNED,API_SERVICE,31988,163,16.4,44.55,56.14,26.78,27.4,,0,0,MEDIUM,VERY_HIGH,0,0,0,0,SLOW,INTERMEDIATE,99.9,0,NORMAL,0,0,0,4,8
WH-00411,LIVE_URL,PORTFOLIO,1157,2,3.14,0.1,0.18,10.03,10.0,60.6,1,0,LOW,LOW,0,0,0,0,STABLE,ADVANCED,99.5,0,WEEKEND,0,0,0,2,4
WH-00412,PLANNED,INTERNAL_BUSINESS,203,2,3.24,0.11,0.24,16.8,40.5,,0,0,MEDIUM,LOW,0,0,0,0,MEDIUM,BEGINNER,99.9,0,EVENT_DRIVEN,0,0,0,2,4
WH-00413,LIVE_URL,SAAS,364262,2258,23.01,865.94,3446.45,315.86,64.5,59.4,1,1,MEDIUM,HIGH,0,0,1,0,SLOW,BEGINNER,99.5,0,EVENT_DRIVEN,0,1,0,32,64
WH-00414,LIVE_URL,SAAS,344948,2994,22.52,1123.75,1629.43,155.18,28.7,93.4,1,0,HIGH,HIGH,1,647,0,0,MEDIUM,INTERMEDIATE,99.9,0,EVENING,0,1,1,32,64
WH-00415,PLANNED,COMMUNITY,438201,49,11.58,9.46,18.44,33.94,218.6,,0,1,LOW,MEDIUM,1,27,0,1,RAPID,ADVANCED,99.5,0,SEASONAL,0,0,0,2,4
WH-00416,LIVE_URL,ECOMMERCE,773709,251,7.93,33.17,43.46,45.83,210.2,66.7,1,1,HIGH,HIGH,1,202,1,0,SLOW,BEGINNER,99.95,1,EVENING,0,0,0,4,8
WH-00417,LIVE_URL,NEWS,50934,979,5.38,87.78,274.76,39.45,69.3,,0,1,MEDIUM,HIGH,0,0,1,1,RAPID,BEGINNER,BASIC,0,SEASONAL,1,1,1,16,32
WH-00418,LIVE_URL,PORTFOLIO,18038,6,3.32,0.33,0.59,10.56,16.1,,0,1,LOW,LOW,0,0,0,0,STABLE,ADVANCED,99.95,1,BUSINESS_HOURS,0,0,1,2,4
WH-00419,NEW_IDEA,API_SERVICE,549277,3275,34.22,1867.84,6350.66,435.55,33.3,,0,0,LOW,VERY_HIGH,0,0,0,0,MEDIUM,BEGINNER,99.95,1,EVENT_DRIVEN,0,0,0,32,32
WH-00420,LIVE_URL,ECOMMERCE,31866,633,14.21,149.92,211.38,77.94,385.4,45.8,1,1,VERY_HIGH,VERY_HIGH,0,0,0,0,STABLE,ADVANCED,99.95,1,NORMAL,0,0,1,16,32
WH-00421,LIVE_URL,API_SERVICE,164906,4918,34.85,2856.54,6912.82,534.5,28.2,88.8,1,0,MEDIUM,VERY_HIGH,0,0,1,0,RAPID,INTERMEDIATE,99.9,0,EVENT_DRIVEN,0,0,1,32,64
WH-00422,PLANNED,COMMUNITY,285003,47,11.17,8.75,12.16,44.63,74.3,,0,1,MEDIUM,LOW,1,17,0,0,SLOW,BEGINNER,99.9,0,NORMAL,1,0,0,2,4
WH-00423,LIVE_URL,CORPORATE,2756,9,5.81,0.87,1.27,22.0,27.2,75.0,1,1,LOW,LOW,0,0,0,0,STABLE,ADVANCED,99.5,0,NORMAL,0,0,0,2,4
WH-00424,PLANNED,ECOMMERCE,189837,44,5.21,3.82,6.5,21.78,54.4,,0,1,HIGH,HIGH,0,0,1,0,STABLE,INTERMEDIATE,99.99,1,BUSINESS_HOURS,0,0,1,2,8
WH-00425,LIVE_URL,COMMUNITY,6923,56,11.35,10.59,20.66,64.16,17.1,64.2,1,1,MEDIUM,HIGH,1,18,0,0,STABLE,ADVANCED,99.95,1,BUSINESS_HOURS,0,0,0,2,8
WH-00426,PLANNED,BLOG,3552,44,2.04,1.5,2.32,26.23,26.2,,0,1,LOW,LOW,0,0,0,0,STABLE,INTERMEDIATE,99.5,0,NORMAL,0,0,1,1,4
WH-00427,LIVE_URL,INTERNAL_BUSINESS,521,9,2.75,0.41,0.56,16.65,26.6,,0,1,LOW,MEDIUM,0,0,0,0,MEDIUM,ADVANCED,99.5,0,BUSINESS_HOURS,0,0,0,2,4
WH-00428,LIVE_URL,SAAS,152235,49,11.59,9.47,18.08,44.45,68.2,72.3,1,1,HIGH,HIGH,1,21,1,0,RAPID,BEGINNER,99.9,0,BUSINESS_HOURS,0,1,1,2,8
WH-00429,PLANNED,API_SERVICE,97667,2916,29.05,1411.83,4588.45,352.57,10.1,,0,1,LOW,VERY_HIGH,0,0,0,0,RAPID,BEGINNER,99.9,0,EVENT_DRIVEN,0,1,0,32,32
WH-00430,PLANNED,INTERNAL_BUSINESS,1437,3,6.54,0.33,1.11,41.95,49.7,,0,1,MEDIUM,LOW,0,0,0,0,SLOW,BEGINNER,99.9,0,EVENT_DRIVEN,0,0,0,1,4
WH-00431,LIVE_URL,SAAS,1178751,7088,22.49,2656.82,3374.16,580.7,70.3,85.5,1,1,VERY_HIGH,HIGH,0,0,0,0,SLOW,ADVANCED,99.5,0,NORMAL,0,0,0,32,64
WH-00432,PLANNED,SAAS,45650,450,11.63,87.22,267.78,91.37,318.9,,0,1,VERY_HIGH,MEDIUM,0,0,1,0,SLOW,INTERMEDIATE,99.5,0,EVENT_DRIVEN,0,0,1,16,32
WH-00433,LIVE_URL,NEWS,446208,908,8.23,124.55,175.61,87.4,142.8,86.1,1,1,MEDIUM,MEDIUM,0,0,0,1,RAPID,INTERMEDIATE,BASIC,0,EVENING,0,0,0,8,16
WH-00434,PLANNED,API_SERVICE,665553,5750,25.89,2481.12,6823.09,327.59,18.0,,0,1,MEDIUM,VERY_HIGH,1,4089,1,0,MEDIUM,BEGINNER,99.9,0,EVENT_DRIVEN,0,0,0,32,64
WH-00435,PLANNED,SAAS,48770,239,19.52,77.75,122.07,23.31,47.6,,0,1,MEDIUM,HIGH,0,0,1,0,STABLE,ADVANCED,99.99,1,EVENING,0,0,0,8,16
WH-00436,PLANNED,MARKETPLACE,222407,847,10.03,141.59,379.46,148.13,31.8,,0,0,MEDIUM,HIGH,1,710,0,0,SLOW,BEGINNER,99.5,0,EVENT_DRIVEN,0,0,0,32,64
WH-00437,PLANNED,NEWS,141283,53,3.14,2.77,4.24,27.52,193.1,,0,1,MEDIUM,LOW,0,0,0,1,SLOW,BEGINNER,99.9,0,EVENING,0,0,0,1,8
WH-00438,LIVE_URL,SAAS,1292183,5641,20.22,1901.02,3973.13,587.2,213.6,,0,0,HIGH,HIGH,0,0,1,0,MEDIUM,INTERMEDIATE,99.5,0,WEEKEND,1,0,0,32,64
WH-00439,LIVE_URL,COMMUNITY,146225,27,11.76,5.29,8.57,29.73,27.4,79.0,1,1,LOW,HIGH,0,0,0,1,STABLE,INTERMEDIATE,99.5,0,WEEKEND,0,0,0,1,4
WH-00440,LIVE_URL,MEDIA_STREAMING,1304644,772,2.69,34.61,53.99,71.81,226.8,76.2,1,1,LOW,MEDIUM,0,0,1,1,SLOW,BEGINNER,99.95,1,BUSINESS_HOURS,0,0,1,4,8
WH-00441,LIVE_URL,NEWS,1345126,277,6.86,31.67,52.26,41.66,38.9,96.0,1,1,LOW,LOW,0,0,0,0,SLOW,BEGINNER,99.9,0,BUSINESS_HOURS,0,0,1,1,4
WH-00442,LIVE_URL,CORPORATE,78168,6,5.34,0.53,0.75,11.97,14.4,68.1,1,0,LOW,LOW,0,0,0,0,RAPID,ADVANCED,99.9,0,NORMAL,0,0,0,1,4
WH-00443,LIVE_URL,EDUCATION,90496,27,10.26,4.62,7.43,30.81,64.8,75.9,1,0,MEDIUM,MEDIUM,0,0,0,1,MEDIUM,BEGINNER,99.5,0,EVENING,0,0,0,1,8
WH-00444,PLANNED,MARKETPLACE,999919,2468,14.37,591.09,1649.13,374.97,248.0,,0,1,HIGH,HIGH,0,0,0,0,SLOW,INTERMEDIATE,99.95,1,EVENT_DRIVEN,1,0,1,32,64
WH-00445,NEW_IDEA,API_SERVICE,350729,5138,21.93,1877.94,2478.88,244.62,137.6,,0,1,MEDIUM,VERY_HIGH,0,0,0,0,MEDIUM,BEGINNER,99.95,1,NORMAL,0,1,1,32,64
WH-00446,LIVE_URL,PORTFOLIO,1346,14,1.72,0.4,0.66,31.43,15.4,59.6,1,0,LOW,LOW,0,0,1,0,MEDIUM,INTERMEDIATE,99.5,0,BUSINESS_HOURS,0,0,0,2,4
WH-00447,PLANNED,PORTFOLIO,1354,34,1.09,0.62,0.72,17.33,100.0,,0,1,LOW,LOW,0,0,0,1,SLOW,INTERMEDIATE,99.9,0,NORMAL,0,0,0,2,4
WH-00448,PLANNED,API_SERVICE,782152,6194,19.41,2003.76,3226.05,665.5,90.2,,0,0,MEDIUM,VERY_HIGH,0,0,1,0,MEDIUM,ADVANCED,99.5,0,EVENING,0,0,1,32,64
WH-00449,LIVE_URL,CORPORATE,106045,7,3.72,0.43,1.18,28.17,13.6,72.7,1,1,LOW,LOW,0,0,0,0,MEDIUM,INTERMEDIATE,99.95,1,EVENT_DRIVEN,0,0,1,2,4
WH-00450,LIVE_URL,CORPORATE,9193,21,5.48,1.92,3.01,14.42,10.0,73.4,1,1,LOW,MEDIUM,0,0,0,0,STABLE,ADVANCED,99.9,0,BUSINESS_HOURS,0,1,0,2,4
WH-00451,LIVE_URL,API_SERVICE,577697,5734,18.87,1803.34,4670.66,1107.26,26.5,67.6,1,0,MEDIUM,VERY_HIGH,0,0,0,0,RAPID,INTERMEDIATE,99.95,1,SEASONAL,1,0,0,32,64
WH-00452,PLANNED,BLOG,5710,30,3.86,1.93,6.2,14.72,10.8,,0,0,LOW,LOW,0,0,0,0,RAPID,BEGINNER,99.9,0,EVENT_DRIVEN,0,1,0,2,4
WH-00453,NEW_IDEA,PORTFOLIO,13691,35,2.02,1.18,4.49,24.2,206.8,,0,0,LOW,LOW,0,0,0,1,SLOW,ADVANCED,99.95,1,EVENT_DRIVEN,0,0,0,2,4
WH-00454,PLANNED,CORPORATE,42448,19,4.85,1.54,3.36,18.03,48.6,,0,1,LOW,LOW,0,0,0,0,RAPID,INTERMEDIATE,99.9,0,WEEKEND,0,0,0,1,4
WH-00455,NEW_IDEA,EDUCATION,81051,157,6.71,17.56,36.7,29.22,17.9,,0,1,MEDIUM,HIGH,0,0,0,0,SLOW,INTERMEDIATE,99.5,0,EVENING,0,0,0,2,8
WH-00456,PLANNED,SAAS,22877,195,21.7,70.53,119.19,39.69,37.8,,0,0,HIGH,HIGH,1,49,1,0,STABLE,BEGINNER,99.9,0,EVENING,0,0,1,8,16
WH-00457,PLANNED,ECOMMERCE,20518,175,9.07,26.45,32.8,27.94,95.7,,0,0,HIGH,MEDIUM,0,0,1,1,MEDIUM,BEGINNER,99.9,0,NORMAL,0,0,0,2,8
WH-00458,LIVE_URL,ECOMMERCE,594644,1906,8.11,257.63,376.14,50.32,195.3,93.0,1,1,HIGH,HIGH,0,0,1,1,RAPID,INTERMEDIATE,99.99,1,NORMAL,0,1,1,32,64
WH-00459,PLANNED,MEDIA_STREAMING,257510,489,7.81,63.65,92.93,32.34,270.4,,0,0,MEDIUM,MEDIUM,1,275,0,1,RAPID,ADVANCED,99.9,0,NORMAL,0,0,0,4,8
WH-00460,NEW_IDEA,PORTFOLIO,7627,5,1.07,0.09,0.12,16.56,78.4,,0,1,LOW,LOW,0,0,1,1,SLOW,INTERMEDIATE,99.9,0,NORMAL,0,0,0,2,4
WH-00461,PLANNED,PORTFOLIO,3344,2,1.47,0.05,0.07,19.66,13.5,,0,1,LOW,LOW,0,0,0,0,STABLE,INTERMEDIATE,99.95,1,BUSINESS_HOURS,0,0,0,2,4
WH-00462,LIVE_URL,MARKETPLACE,1000692,5151,8.08,693.67,2386.22,1209.78,53.3,69.7,1,0,HIGH,HIGH,0,0,0,0,MEDIUM,BEGINNER,99.95,1,EVENT_DRIVEN,0,1,0,32,64
WH-00463,LIVE_URL,ECOMMERCE,825200,49,5.21,4.25,14.68,47.05,167.0,53.8,1,1,HIGH,HIGH,0,0,1,0,STABLE,ADVANCED,99.95,1,SEASONAL,0,0,1,2,8
WH-00464,LIVE_URL,ECOMMERCE,74511,297,9.97,49.35,75.51,30.79,26.0,70.2,1,1,HIGH,HIGH,1,149,0,0,SLOW,ADVANCED,99.95,1,EVENING,0,0,0,4,16
WH-00465,NEW_IDEA,MARKETPLACE,22842,462,7.5,57.75,188.84,39.62,180.6,,0,0,MEDIUM,HIGH,0,0,1,1,MEDIUM,BEGINNER,99.9,0,EVENT_DRIVEN,0,0,0,16,32
WH-00466,LIVE_URL,PORTFOLIO,4989,6,2.38,0.24,0.46,13.0,34.9,50.7,1,0,LOW,LOW,0,0,0,0,MEDIUM,BEGINNER,99.9,0,BUSINESS_HOURS,0,0,0,2,4
WH-00467,PLANNED,SAAS,9303,185,20.84,64.26,140.08,19.56,27.6,,0,0,MEDIUM,HIGH,1,53,0,0,MEDIUM,BEGINNER,99.9,0,WEEKEND,0,0,0,8,16
WH-00468,NEW_IDEA,COMMUNITY,12650,126,10.3,21.63,89.12,55.52,782.7,,0,1,HIGH,MEDIUM,1,76,1,1,MEDIUM,INTERMEDIATE,99.9,0,EVENT_DRIVEN,0,0,1,4,8
WH-00469,LIVE_URL,API_SERVICE,929477,6354,8.64,914.98,3568.41,386.66,23.0,71.2,1,0,MEDIUM,VERY_HIGH,0,0,1,0,STABLE,INTERMEDIATE,99.95,1,EVENT_DRIVEN,0,0,1,32,64
WH-00470,PLANNED,ECOMMERCE,437860,474,5.9,46.61,64.79,40.27,285.2,,0,0,HIGH,HIGH,0,0,1,0,SLOW,ADVANCED,99.9,0,BUSINESS_HOURS,0,0,0,4,8
WH-00471,LIVE_URL,SAAS,240172,3151,22.03,1156.94,4164.99,296.94,25.6,47.8,1,0,MEDIUM,HIGH,0,0,1,0,STABLE,INTERMEDIATE,BASIC,0,EVENT_DRIVEN,0,1,0,32,64
WH-00472,LIVE_URL,SAAS,1178127,5711,16.59,1579.09,2400.22,458.13,43.6,62.6,1,1,MEDIUM,HIGH,0,0,1,0,MEDIUM,ADVANCED,99.5,0,BUSINESS_HOURS,0,0,0,32,64
WH-00473,LIVE_URL,API_SERVICE,847028,5583,10.49,976.09,1874.1,325.39,16.2,75.3,1,1,LOW,VERY_HIGH,1,2010,1,0,RAPID,INTERMEDIATE,99.99,1,WEEKEND,0,1,1,32,32
WH-00474,LIVE_URL,API_SERVICE,7162,113,14.2,26.74,57.23,26.75,35.6,73.0,1,1,MEDIUM,VERY_HIGH,0,0,0,0,MEDIUM,ADVANCED,BASIC,0,WEEKEND,0,0,0,4,8
WH-00475,PLANNED,PORTFOLIO,1631,7,3.4,0.4,0.81,21.62,18.2,,0,1,LOW,LOW,0,0,1,0,RAPID,INTERMEDIATE,99.9,0,EVENING,0,0,1,2,4
WH-00476,PLANNED,PORTFOLIO,746,2,2.83,0.09,0.16,8.0,36.2,,0,1,LOW,LOW,0,0,1,0,RAPID,BEGINNER,99.9,0,WEEKEND,0,1,1,2,4
WH-00477,PLANNED,CORPORATE,64345,31,2.85,1.47,2.14,18.29,49.3,,0,0,LOW,LOW,0,0,0,0,MEDIUM,BEGINNER,99.9,0,NORMAL,0,0,0,2,4
WH-00478,LIVE_URL,MARKETPLACE,141690,2212,12.39,456.78,831.34,121.38,52.8,72.3,1,0,HIGH,MEDIUM,0,0,1,0,MEDIUM,ADVANCED,99.9,0,BUSINESS_HOURS,1,0,1,32,64
WH-00479,LIVE_URL,NEWS,390302,394,5.52,36.25,48.93,14.02,48.4,95.0,1,1,LOW,MEDIUM,0,0,0,1,MEDIUM,INTERMEDIATE,99.9,0,BUSINESS_HOURS,0,0,0,2,4
WH-00480,PLANNED,BLOG,7717,40,3.67,2.45,3.55,37.36,31.2,,0,0,LOW,LOW,0,0,0,0,MEDIUM,ADVANCED,99.9,0,EVENING,0,0,0,1,4
WH-00481,LIVE_URL,SAAS,229950,3553,8.01,474.33,844.3,180.42,228.1,70.3,1,0,HIGH,VERY_HIGH,0,0,1,0,RAPID,ADVANCED,99.9,0,EVENING,0,1,0,32,64
WH-00482,LIVE_URL,ECOMMERCE,15356,42,9.22,6.45,8.97,44.1,51.7,72.0,1,1,MEDIUM,HIGH,0,0,0,0,MEDIUM,INTERMEDIATE,99.9,0,NORMAL,0,0,0,2,8
WH-00483,PLANNED,ECOMMERCE,13539,121,10.5,21.18,40.23,59.6,29.2,,0,1,HIGH,MEDIUM,0,0,1,0,MEDIUM,BEGINNER,BASIC,0,WEEKEND,0,0,1,2,8
WH-00484,LIVE_URL,PORTFOLIO,1465,10,3.5,0.58,1.23,20.6,46.6,87.4,1,0,LOW,LOW,0,0,0,0,RAPID,INTERMEDIATE,BASIC,0,WEEKEND,0,0,0,1,4
WH-00485,PLANNED,API_SERVICE,859288,3479,14.98,868.59,1546.09,196.02,116.7,,0,1,HIGH,VERY_HIGH,0,0,1,0,RAPID,INTERMEDIATE,99.95,1,EVENING,1,0,0,32,64
WH-00486,PLANNED,ECOMMERCE,46680,354,9.9,58.41,112.73,25.46,14.8,,0,1,MEDIUM,HIGH,0,0,1,0,RAPID,INTERMEDIATE,99.9,0,EVENING,0,0,0,4,8
WH-00487,LIVE_URL,SAAS,281827,3319,14.54,804.3,2163.58,425.81,231.9,75.8,1,0,VERY_HIGH,HIGH,1,2517,1,0,RAPID,INTERMEDIATE,99.95,1,SEASONAL,0,0,0,32,64
WH-00488,LIVE_URL,SAAS,180007,557,19.25,178.7,296.65,71.37,45.2,93.7,1,0,HIGH,HIGH,1,409,1,0,STABLE,BEGINNER,99.95,1,EVENING,0,0,1,32,64
WH-00489,LIVE_URL,API_SERVICE,14167,88,12.6,18.48,26.43,8.0,103.0,76.3,1,0,MEDIUM,VERY_HIGH,0,0,1,0,RAPID,BEGINNER,99.99,1,NORMAL,0,0,0,2,8
WH-00490,PLANNED,MARKETPLACE,316948,3900,19.28,1253.2,1867.27,261.94,153.0,,0,0,HIGH,HIGH,0,0,0,0,RAPID,INTERMEDIATE,99.95,1,EVENING,0,0,1,32,64
WH-00491,LIVE_URL,SAAS,249722,3867,8.71,561.36,752.22,383.98,225.0,78.0,1,1,HIGH,HIGH,1,1209,1,0,MEDIUM,INTERMEDIATE,99.9,0,EVENING,0,0,1,32,64
WH-00492,NEW_IDEA,SAAS,298788,2353,15.65,613.74,2197.19,743.17,257.2,,0,0,MEDIUM,HIGH,1,1553,0,1,MEDIUM,BEGINNER,99.95,1,EVENT_DRIVEN,1,0,0,32,64
WH-00493,LIVE_URL,ECOMMERCE,184465,463,15.83,122.15,149.03,104.91,278.3,92.5,1,0,VERY_HIGH,VERY_HIGH,0,0,0,0,RAPID,ADVANCED,99.95,1,NORMAL,0,0,1,16,32
WH-00494,LIVE_URL,API_SERVICE,60485,81,21.21,28.63,38.37,8.0,44.1,81.0,1,0,LOW,VERY_HIGH,0,0,1,0,SLOW,BEGINNER,99.95,1,NORMAL,0,1,0,4,4
WH-00495,LIVE_URL,PORTFOLIO,1301,3,3.57,0.18,0.26,24.57,61.5,97.0,1,0,LOW,LOW,0,0,0,0,STABLE,BEGINNER,99.99,1,BUSINESS_HOURS,0,0,0,2,4
WH-00496,LIVE_URL,ECOMMERCE,781697,131,13.17,28.75,55.5,69.77,693.5,45.3,1,1,HIGH,HIGH,1,28,1,1,STABLE,INTERMEDIATE,99.9,0,EVENING,0,0,1,4,8
WH-00497,LIVE_URL,BLOG,28999,57,2.57,2.44,4.17,8.0,15.0,80.8,1,0,LOW,LOW,0,0,0,0,RAPID,BEGINNER,99.95,1,BUSINESS_HOURS,0,0,0,2,4
WH-00498,LIVE_URL,EDUCATION,30665,206,5.97,20.5,54.11,16.25,13.8,97.9,1,0,LOW,HIGH,0,0,0,0,STABLE,INTERMEDIATE,99.9,0,SEASONAL,0,0,0,2,4
WH-00499,NEW_IDEA,ECOMMERCE,464085,51,8.66,7.36,12.15,23.84,139.2,,0,0,HIGH,HIGH,0,0,0,1,MEDIUM,BEGINNER,BASIC,0,WEEKEND,0,0,0,1,8
WH-00500,LIVE_URL,BLOG,16000,16,4.88,1.3,2.85,15.22,34.5,,0,1,LOW,LOW,0,0,0,1,MEDIUM,INTERMEDIATE,BASIC,0,WEEKEND,0,0,0,2,4
WH-00501,LIVE_URL,CORPORATE,37459,74,5.36,6.61,9.06,10.09,60.6,83.4,1,0,LOW,LOW,0,0,1,0,RAPID,INTERMEDIATE,99.5,0,NORMAL,0,0,1,1,4
WH-00502,LIVE_URL,ECOMMERCE,151099,57,16.15,15.34,22.09,10.04,11.3,95.8,1,1,MEDIUM,VERY_HIGH,0,0,0,0,RAPID,INTERMEDIATE,BASIC,0,WEEKEND,0,0,0,2,4
WH-00503,PLANNED,SAAS,245866,2517,9.66,405.24,1146.82,136.98,171.8,,0,1,HIGH,HIGH,0,0,1,0,MEDIUM,ADVANCED,99.9,0,EVENT_DRIVEN,0,0,0,32,64
WH-00504,LIVE_URL,API_SERVICE,1362828,6447,11.08,1190.55,2476.34,238.69,69.6,74.0,1,0,MEDIUM,VERY_HIGH,0,0,0,0,STABLE,ADVANCED,99.9,0,EVENING,0,0,1,32,64
WH-00505,PLANNED,MARKETPLACE,586069,3787,7.44,469.59,1746.87,331.42,127.8,,0,0,HIGH,HIGH,0,0,1,0,STABLE,ADVANCED,99.95,1,EVENT_DRIVEN,0,0,0,32,64
WH-00506,LIVE_URL,SAAS,1149002,3524,11.65,684.24,1703.77,123.83,12.2,69.6,1,1,MEDIUM,MEDIUM,0,0,0,0,STABLE,ADVANCED,99.99,1,SEASONAL,0,1,0,32,64
WH-00507,NEW_IDEA,SAAS,426526,33,20.66,11.36,21.02,8.0,40.4,,0,0,HIGH,HIGH,0,0,1,0,RAPID,BEGINNER,99.9,0,BUSINESS_HOURS,0,1,1,2,8
WH-00508,PLANNED,SAAS,179153,3166,20.59,1086.47,2009.96,215.91,273.1,,0,0,VERY_HIGH,HIGH,0,0,0,0,MEDIUM,INTERMEDIATE,99.9,0,BUSINESS_HOURS,0,1,0,32,64
WH-00509,NEW_IDEA,API_SERVICE,800896,1124,28.56,535.02,866.74,230.53,60.1,,0,0,MEDIUM,VERY_HIGH,1,554,1,1,MEDIUM,ADVANCED,99.95,1,BUSINESS_HOURS,0,0,0,32,64
WH-00510,PLANNED,COMMUNITY,49520,598,4.64,46.25,61.97,15.65,34.6,,0,1,MEDIUM,MEDIUM,0,0,0,0,RAPID,ADVANCED,99.5,0,NORMAL,0,0,1,2,8
WH-00511,LIVE_URL,MARKETPLACE,226297,1873,18.21,568.46,1074.38,364.88,49.1,58.3,1,1,HIGH,HIGH,1,459,0,0,MEDIUM,INTERMEDIATE,99.95,1,BUSINESS_HOURS,1,0,0,32,64
WH-00512,PLANNED,INTERNAL_BUSINESS,1320,17,7.89,2.24,5.01,24.93,31.6,,0,1,MEDIUM,LOW,0,0,1,0,SLOW,BEGINNER,99.9,0,SEASONAL,0,0,0,2,4
WH-00513,PLANNED,SAAS,470356,460,15.59,119.52,162.55,51.07,39.3,,0,1,HIGH,HIGH,1,322,0,0,RAPID,BEGINNER,99.9,0,WEEKEND,0,0,1,8,16
WH-00514,NEW_IDEA,EDUCATION,408148,244,9.0,36.6,47.95,29.41,16.3,,0,0,MEDIUM,MEDIUM,0,0,0,0,MEDIUM,INTERMEDIATE,99.9,0,WEEKEND,0,0,0,2,8
WH-00515,LIVE_URL,MARKETPLACE,18959,292,14.51,70.62,96.74,24.28,88.0,86.7,1,1,VERY_HIGH,VERY_HIGH,0,0,0,0,MEDIUM,INTERMEDIATE,99.5,0,NORMAL,0,1,1,8,16
WH-00516,NEW_IDEA,SAAS,155827,108,5.94,10.69,12.62,12.82,27.7,,0,0,MEDIUM,HIGH,0,0,0,0,MEDIUM,BEGINNER,99.9,0,NORMAL,0,0,0,1,4
WH-00517,NEW_IDEA,ECOMMERCE,45585,32,15.23,8.12,28.27,44.39,73.0,,0,0,HIGH,HIGH,0,0,0,0,STABLE,BEGINNER,99.95,1,EVENT_DRIVEN,0,0,1,2,8
WH-00518,PLANNED,SAAS,1313102,290,5.36,25.91,89.12,46.23,413.2,,0,0,VERY_HIGH,HIGH,0,0,1,0,MEDIUM,BEGINNER,99.95,1,SEASONAL,0,0,1,8,16
WH-00519,LIVE_URL,SAAS,239981,2173,15.87,574.76,1844.97,167.86,147.5,30.3,1,1,VERY_HIGH,HIGH,1,1080,1,1,SLOW,ADVANCED,99.99,1,EVENT_DRIVEN,0,0,0,32,64
WH-00520,LIVE_URL,MEDIA_STREAMING,775902,893,6.08,90.49,156.55,115.41,80.4,68.9,1,1,MEDIUM,MEDIUM,0,0,0,1,MEDIUM,INTERMEDIATE,99.95,1,BUSINESS_HOURS,0,0,0,8,16
WH-00521,PLANNED,API_SERVICE,47431,1328,11.97,264.94,548.42,70.71,83.4,,0,1,HIGH,VERY_HIGH,0,0,1,0,STABLE,INTERMEDIATE,99.5,0,EVENING,0,0,0,32,64
WH-00522,LIVE_URL,BLOG,53340,12,4.18,0.84,1.2,22.74,94.9,77.5,1,0,LOW,LOW,0,0,0,1,STABLE,BEGINNER,99.9,0,NORMAL,0,0,1,1,4
WH-00523,LIVE_URL,API_SERVICE,411194,2159,31.81,1144.63,1842.85,267.06,22.8,83.6,1,1,MEDIUM,HIGH,0,0,0,0,MEDIUM,INTERMEDIATE,BASIC,0,EVENING,1,0,0,32,64
WH-00524,LIVE_URL,COMMUNITY,304086,326,14.25,77.42,203.63,41.57,23.7,99.0,1,1,LOW,LOW,1,126,0,0,MEDIUM,INTERMEDIATE,BASIC,0,SEASONAL,0,0,0,8,8
WH-00525,PLANNED,SAAS,138636,106,17.84,31.52,66.5,9.44,105.8,,0,0,HIGH,HIGH,0,0,1,1,MEDIUM,ADVANCED,99.9,0,WEEKEND,0,0,1,4,8
WH-00526,NEW_IDEA,SAAS,15966,239,16.38,65.25,249.24,138.54,1611.9,,0,1,VERY_HIGH,HIGH,1,93,1,1,STABLE,BEGINNER,99.5,0,EVENT_DRIVEN,0,0,0,32,64
WH-00527,PLANNED,API_SERVICE,1250359,4893,16.51,1346.39,2342.72,591.67,32.7,,0,0,MEDIUM,HIGH,0,0,1,0,MEDIUM,BEGINNER,99.9,0,BUSINESS_HOURS,0,0,0,32,64
WH-00528,LIVE_URL,SAAS,218150,1222,8.64,175.97,343.14,95.06,71.1,72.2,1,0,HIGH,MEDIUM,1,649,0,0,STABLE,BEGINNER,99.95,1,EVENING,0,0,0,32,64
WH-00529,LIVE_URL,CORPORATE,43560,156,4.73,12.3,14.27,17.3,38.4,71.4,1,0,LOW,LOW,0,0,0,0,MEDIUM,INTERMEDIATE,BASIC,0,NORMAL,0,0,0,1,4
WH-00530,LIVE_URL,BLOG,2816,17,3.8,1.08,1.83,38.87,37.5,74.2,1,1,LOW,LOW,0,0,0,0,MEDIUM,BEGINNER,99.99,1,EVENING,0,1,0,4,4
WH-00531,NEW_IDEA,CORPORATE,57940,48,3.64,2.91,6.55,8.0,28.4,,0,0,LOW,LOW,0,0,0,0,MEDIUM,BEGINNER,99.5,0,SEASONAL,0,0,0,2,4
WH-00532,LIVE_URL,SAAS,1079640,25,8.41,3.5,10.41,20.43,49.0,46.2,1,0,HIGH,MEDIUM,0,0,0,0,STABLE,INTERMEDIATE,99.9,0,EVENT_DRIVEN,0,0,1,1,8
WH-00533,PLANNED,SAAS,1080303,7390,17.1,2106.15,3348.78,246.38,13.4,,0,1,MEDIUM,HIGH,0,0,0,0,RAPID,BEGINNER,99.9,0,EVENING,0,0,0,32,64
WH-00534,PLANNED,NEWS,42963,71,3.21,3.8,8.28,54.15,10.0,,0,0,LOW,MEDIUM,0,0,0,0,MEDIUM,INTERMEDIATE,99.9,0,EVENT_DRIVEN,0,0,1,2,4
WH-00535,PLANNED,API_SERVICE,1380220,1156,20.99,404.41,736.02,58.65,46.6,,0,0,MEDIUM,HIGH,0,0,1,0,MEDIUM,INTERMEDIATE,99.5,0,BUSINESS_HOURS,0,0,0,32,64
WH-00536,PLANNED,SAAS,425431,245,19.39,79.18,188.44,139.42,108.2,,0,1,HIGH,HIGH,0,0,1,0,MEDIUM,BEGINNER,99.9,0,EVENT_DRIVEN,0,0,1,16,32
WH-00537,LIVE_URL,SAAS,1157570,7428,13.31,1647.78,4317.18,607.9,206.5,61.4,1,0,VERY_HIGH,HIGH,0,0,1,0,MEDIUM,INTERMEDIATE,99.5,0,EVENT_DRIVEN,0,0,0,32,64
WH-00538,PLANNED,INTERNAL_BUSINESS,7850,102,6.59,11.2,17.48,58.65,45.8,,0,0,MEDIUM,MEDIUM,0,0,1,0,RAPID,BEGINNER,99.99,1,BUSINESS_HOURS,0,0,0,2,8
WH-00539,LIVE_URL,SAAS,518364,4882,16.89,1374.28,3188.34,581.37,38.1,73.8,1,0,VERY_HIGH,MEDIUM,0,0,1,0,MEDIUM,ADVANCED,99.9,0,SEASONAL,0,1,0,32,64
WH-00540,NEW_IDEA,SAAS,96452,2365,22.04,868.74,1485.55,751.84,110.7,,0,0,HIGH,HIGH,0,0,1,0,MEDIUM,ADVANCED,99.95,1,BUSINESS_HOURS,0,1,0,32,64
WH-00541,NEW_IDEA,PORTFOLIO,1882,9,2.42,0.36,0.48,32.26,11.9,,0,0,LOW,LOW,0,0,0,0,STABLE,ADVANCED,99.5,0,NORMAL,0,0,0,2,4
WH-00542,LIVE_URL,PORTFOLIO,16028,7,2.66,0.31,0.69,8.0,66.9,68.6,1,1,LOW,LOW,0,0,1,0,RAPID,INTERMEDIATE,BASIC,0,SEASONAL,0,0,0,2,4
WH-00543,LIVE_URL,ECOMMERCE,184587,1524,16.29,413.77,550.31,128.08,47.2,88.5,1,1,HIGH,VERY_HIGH,0,0,0,0,MEDIUM,ADVANCED,99.9,0,NORMAL,0,0,1,32,64
WH-00544,NEW_IDEA,ECOMMERCE,483769,993,9.93,164.34,226.79,31.56,28.7,,0,1,HIGH,HIGH,0,0,0,0,RAPID,INTERMEDIATE,99.99,1,BUSINESS_HOURS,0,0,0,16,32
WH-00545,LIVE_URL,MARKETPLACE,185760,53,12.41,10.96,17.98,17.81,222.6,87.5,1,0,HIGH,HIGH,1,40,1,0,MEDIUM,BEGINNER,99.9,0,EVENING,0,0,1,2,8
WH-00546,PLANNED,BLOG,43286,6,3.58,0.36,0.58,11.07,19.3,,0,1,LOW,LOW,0,0,0,0,STABLE,BEGINNER,99.5,0,BUSINESS_HOURS,1,0,0,2,4
WH-00547,NEW_IDEA,BLOG,45273,13,3.18,0.69,1.07,15.34,67.7,,0,1,LOW,LOW,0,0,0,0,MEDIUM,INTERMEDIATE,99.9,0,EVENING,0,0,0,1,4
WH-00548,PLANNED,API_SERVICE,58227,1035,17.13,295.49,593.94,136.53,22.2,,0,0,MEDIUM,VERY_HIGH,0,0,0,0,MEDIUM,INTERMEDIATE,99.9,0,EVENING,0,0,0,32,64
WH-00549,PLANNED,CORPORATE,4337,23,3.51,1.35,4.17,14.86,10.0,,0,1,LOW,MEDIUM,0,0,1,0,MEDIUM,INTERMEDIATE,99.5,0,EVENT_DRIVEN,0,0,1,2,4
WH-00550,LIVE_URL,BLOG,3668,35,4.13,2.41,3.32,34.94,13.0,56.9,1,0,LOW,LOW,0,0,1,0,MEDIUM,BEGINNER,99.95,1,BUSINESS_HOURS,0,0,0,2,4
WH-00551,LIVE_URL,EDUCATION,32226,793,6.4,84.59,124.34,34.04,180.5,56.6,1,0,LOW,MEDIUM,0,0,0,1,MEDIUM,BEGINNER,99.9,0,NORMAL,0,0,0,4,8
WH-00552,LIVE_URL,SAAS,1571488,6073,13.24,1340.11,2385.39,312.43,160.4,70.5,1,0,HIGH,VERY_HIGH,0,0,1,0,MEDIUM,ADVANCED,99.9,0,EVENING,0,0,0,32,64
WH-00553,LIVE_URL,PORTFOLIO,7891,10,3.27,0.55,0.98,14.99,12.6,77.4,1,0,LOW,LOW,0,0,0,0,STABLE,BEGINNER,BASIC,0,BUSINESS_HOURS,0,0,0,2,4
WH-00554,LIVE_URL,MARKETPLACE,675969,652,12.24,133.01,186.21,35.03,72.8,90.1,1,0,MEDIUM,VERY_HIGH,0,0,0,0,SLOW,ADVANCED,99.9,0,BUSINESS_HOURS,0,0,0,16,32
WH-00555,LIVE_URL,API_SERVICE,17830,88,28.54,41.86,85.81,30.66,13.9,54.7,1,1,MEDIUM,HIGH,1,52,1,0,SLOW,BEGINNER,99.95,1,EVENT_DRIVEN,0,1,1,8,16
WH-00556,NEW_IDEA,SAAS,5809,137,18.59,42.45,61.97,62.22,694.0,,0,1,HIGH,HIGH,1,71,1,1,SLOW,BEGINNER,99.9,0,NORMAL,0,0,0,4,16
WH-00557,NEW_IDEA,SAAS,139767,2453,6.34,259.2,666.14,291.03,90.5,,0,0,HIGH,VERY_HIGH,1,1045,1,0,MEDIUM,INTERMEDIATE,99.99,1,EVENT_DRIVEN,0,0,0,32,64
WH-00558,NEW_IDEA,SAAS,1212120,6313,11.14,1172.11,1875.38,222.49,496.0,,0,0,HIGH,HIGH,1,1448,1,1,MEDIUM,ADVANCED,99.9,0,BUSINESS_HOURS,0,0,1,32,64
WH-00559,LIVE_URL,ECOMMERCE,251094,186,13.99,43.37,66.79,62.34,156.3,66.5,1,0,MEDIUM,HIGH,0,0,1,1,STABLE,INTERMEDIATE,99.9,0,NORMAL,0,0,0,4,8
WH-00560,LIVE_URL,MARKETPLACE,176309,3456,13.7,789.12,1964.91,451.48,125.7,65.6,1,0,HIGH,HIGH,0,0,1,0,STABLE,ADVANCED,99.5,0,EVENT_DRIVEN,0,1,0,32,64
WH-00561,PLANNED,SAAS,138802,2003,15.87,529.79,1398.65,130.51,154.1,,0,0,HIGH,HIGH,0,0,1,0,MEDIUM,ADVANCED,99.99,1,EVENT_DRIVEN,0,0,1,32,64
WH-00562,LIVE_URL,SAAS,34148,396,19.74,130.28,194.12,45.3,17.8,71.5,1,0,MEDIUM,HIGH,0,0,1,0,RAPID,BEGINNER,99.99,1,NORMAL,0,0,0,8,16
WH-00563,NEW_IDEA,BLOG,11156,54,1.65,1.48,3.13,11.62,18.2,,0,1,LOW,LOW,0,0,0,0,RAPID,BEGINNER,99.9,0,EVENT_DRIVEN,0,0,0,1,4
WH-00564,PLANNED,SAAS,1779039,6603,14.93,1643.05,4419.8,570.35,34.7,,0,1,HIGH,HIGH,1,2990,1,0,STABLE,BEGINNER,99.99,1,EVENT_DRIVEN,0,0,1,32,64
WH-00565,NEW_IDEA,SAAS,62313,272,12.26,55.58,90.59,17.86,54.0,,0,1,HIGH,HIGH,0,0,1,0,MEDIUM,BEGINNER,99.9,0,EVENING,0,0,0,4,8
WH-00566,LIVE_URL,MARKETPLACE,71275,1306,9.91,215.71,429.26,67.68,11.8,63.8,1,1,MEDIUM,MEDIUM,0,0,1,0,MEDIUM,INTERMEDIATE,99.95,1,BUSINESS_HOURS,0,0,0,16,32
WH-00567,PLANNED,ECOMMERCE,47724,284,14.17,67.07,137.5,9.68,24.3,,0,0,HIGH,HIGH,0,0,0,0,STABLE,INTERMEDIATE,99.9,0,WEEKEND,0,0,1,8,16
WH-00568,PLANNED,CORPORATE,10359,16,3.1,0.83,1.12,12.34,22.1,,0,0,LOW,LOW,0,0,0,0,MEDIUM,ADVANCED,99.9,0,BUSINESS_HOURS,0,0,0,2,4
WH-00569,PLANNED,INTERNAL_BUSINESS,385,3,4.76,0.24,0.28,22.02,127.1,,0,1,MEDIUM,MEDIUM,0,0,0,0,SLOW,BEGINNER,99.9,0,NORMAL,0,0,1,2,4
WH-00570,LIVE_URL,EDUCATION,116830,15,11.88,2.97,3.89,21.28,15.0,73.0,1,1,MEDIUM,MEDIUM,0,0,0,0,MEDIUM,ADVANCED,99.9,0,BUSINESS_HOURS,0,0,0,2,8
WH-00571,PLANNED,API_SERVICE,1110039,6288,8.8,922.24,2978.84,241.32,47.8,,0,1,MEDIUM,VERY_HIGH,1,5297,0,0,RAPID,ADVANCED,99.9,0,SEASONAL,0,1,0,32,64
WH-00572,LIVE_URL,MARKETPLACE,1033511,5272,14.55,1278.46,3707.53,384.84,102.7,67.8,1,0,HIGH,MEDIUM,0,0,0,0,SLOW,ADVANCED,99.95,1,SEASONAL,0,0,0,32,64
WH-00573,LIVE_URL,NEWS,908570,573,5.23,49.95,99.89,47.65,14.6,,0,0,MEDIUM,LOW,0,0,0,0,RAPID,INTERMEDIATE,99.5,0,BUSINESS_HOURS,0,0,0,2,8
WH-00574,NEW_IDEA,MARKETPLACE,279753,4094,18.96,1293.7,2742.65,292.25,71.1,,0,1,HIGH,HIGH,1,3105,1,0,RAPID,ADVANCED,99.9,0,EVENT_DRIVEN,0,1,1,32,64
WH-00575,LIVE_URL,NEWS,238091,2430,4.43,179.41,296.03,65.17,93.5,77.0,1,0,MEDIUM,LOW,0,0,0,0,MEDIUM,BEGINNER,99.5,0,EVENING,0,0,0,8,16
WH-00576,PLANNED,NEWS,22623,100,8.18,13.63,25.22,18.25,17.7,,0,0,MEDIUM,MEDIUM,0,0,0,0,SLOW,INTERMEDIATE,99.9,0,EVENING,0,0,0,1,4
WH-00577,NEW_IDEA,SAAS,50065,318,23.7,125.61,183.39,67.88,146.9,,0,0,HIGH,HIGH,0,0,1,0,SLOW,BEGINNER,99.95,1,NORMAL,0,0,1,16,32
WH-00578,NEW_IDEA,SAAS,186581,105,10.05,17.59,47.66,36.36,62.6,,0,1,HIGH,HIGH,0,0,1,0,SLOW,INTERMEDIATE,99.95,1,EVENT_DRIVEN,0,0,0,4,8
WH-00579,LIVE_URL,CORPORATE,10159,9,5.66,0.85,1.94,39.17,10.0,81.4,1,0,LOW,LOW,0,0,0,0,SLOW,INTERMEDIATE,99.5,0,EVENT_DRIVEN,0,0,1,2,4
WH-00580,NEW_IDEA,ECOMMERCE,137885,656,17.37,189.91,248.78,210.6,53.9,,0,1,VERY_HIGH,HIGH,0,0,0,0,RAPID,BEGINNER,99.95,1,NORMAL,0,0,0,16,32
WH-00581,LIVE_URL,ECOMMERCE,538025,416,17.23,119.46,156.49,51.96,238.8,51.3,1,1,VERY_HIGH,HIGH,0,0,1,1,MEDIUM,BEGINNER,99.9,0,NORMAL,0,0,0,16,32
WH-00582,PLANNED,CORPORATE,4776,54,4.46,4.01,11.48,41.7,78.5,,0,0,LOW,LOW,0,0,0,0,SLOW,ADVANCED,99.95,1,EVENT_DRIVEN,0,0,0,2,4
WH-00583,LIVE_URL,API_SERVICE,250192,1571,31.77,831.84,1306.0,146.34,78.7,61.9,1,0,MEDIUM,VERY_HIGH,1,813,0,0,RAPID,ADVANCED,99.99,1,BUSINESS_HOURS,0,0,0,32,64
WH-00584,LIVE_URL,EDUCATION,416914,1530,7.74,197.37,357.24,57.5,65.5,60.8,1,1,MEDIUM,MEDIUM,0,0,0,1,MEDIUM,ADVANCED,99.9,0,WEEKEND,0,0,0,16,32
WH-00585,NEW_IDEA,SAAS,858459,1972,20.77,682.64,914.74,149.14,21.4,,0,0,HIGH,HIGH,1,440,1,0,MEDIUM,INTERMEDIATE,BASIC,0,NORMAL,0,1,0,32,64
WH-00586,PLANNED,SAAS,8681,26,8.77,3.8,5.7,45.85,416.8,,0,1,VERY_HIGH,HIGH,0,0,0,0,MEDIUM,ADVANCED,99.95,1,BUSINESS_HOURS,0,0,1,2,16
WH-00587,NEW_IDEA,ECOMMERCE,135829,178,9.14,27.12,39.05,26.68,127.1,,0,0,HIGH,MEDIUM,0,0,0,0,RAPID,BEGINNER,99.99,1,EVENING,0,1,1,4,8
WH-00588,NEW_IDEA,SAAS,908869,45,14.32,10.74,18.69,15.58,151.7,,0,0,VERY_HIGH,HIGH,0,0,1,0,RAPID,INTERMEDIATE,99.9,0,BUSINESS_HOURS,0,0,0,1,16
WH-00589,NEW_IDEA,CORPORATE,7487,20,2.5,0.83,1.62,10.6,32.0,,0,0,LOW,LOW,0,0,1,0,SLOW,ADVANCED,99.5,0,BUSINESS_HOURS,0,0,0,1,4
WH-00590,NEW_IDEA,SAAS,169619,32,6.15,3.28,11.09,27.1,40.4,,0,0,HIGH,HIGH,1,12,0,0,SLOW,INTERMEDIATE,99.9,0,SEASONAL,0,0,1,2,8
WH-00591,LIVE_URL,ECOMMERCE,46262,32,12.11,6.46,9.95,45.58,81.7,44.3,1,1,MEDIUM,HIGH,0,0,0,0,STABLE,BEGINNER,99.5,0,NORMAL,0,0,0,1,4
WH-00592,LIVE_URL,API_SERVICE,1012499,3559,29.71,1762.3,2220.5,240.08,47.2,,0,0,LOW,VERY_HIGH,0,0,0,0,MEDIUM,ADVANCED,99.9,0,NORMAL,1,0,0,32,32
WH-00593,LIVE_URL,MARKETPLACE,1177300,4402,19.41,1424.05,2022.15,318.47,46.0,67.8,1,1,HIGH,HIGH,0,0,0,0,RAPID,INTERMEDIATE,99.9,0,NORMAL,0,1,1,32,64
WH-00594,NEW_IDEA,EDUCATION,4886,131,4.87,10.63,21.05,37.24,252.8,,0,1,MEDIUM,HIGH,0,0,0,1,SLOW,INTERMEDIATE,99.5,0,EVENING,0,0,0,2,8
WH-00595,PLANNED,SAAS,567325,3992,13.08,870.26,1270.57,313.36,37.1,,0,0,HIGH,HIGH,0,0,1,0,SLOW,ADVANCED,99.95,1,EVENING,0,1,0,32,64
WH-00596,NEW_IDEA,PORTFOLIO,661,6,3.0,0.3,0.38,13.75,11.1,,0,1,LOW,LOW,0,0,0,0,SLOW,INTERMEDIATE,99.99,1,NORMAL,0,0,0,2,4
WH-00597,PLANNED,NEWS,103748,130,5.03,10.9,34.55,54.67,69.4,,0,0,MEDIUM,LOW,0,0,0,1,SLOW,INTERMEDIATE,99.99,1,SEASONAL,0,0,0,2,8
WH-00598,NEW_IDEA,MARKETPLACE,38209,493,14.76,121.28,365.05,49.93,131.8,,0,0,MEDIUM,MEDIUM,0,0,1,1,MEDIUM,ADVANCED,99.95,1,SEASONAL,0,0,1,16,32
WH-00599,PLANNED,MARKETPLACE,387206,4064,19.89,1347.22,4526.65,1400.84,97.7,,0,0,HIGH,VERY_HIGH,0,0,1,0,SLOW,INTERMEDIATE,BASIC,0,EVENT_DRIVEN,1,0,0,32,64
WH-00600,LIVE_URL,API_SERVICE,99196,211,20.32,71.46,141.49,74.79,51.2,76.8,1,0,MEDIUM,HIGH,0,0,1,0,MEDIUM,ADVANCED,99.95,1,BUSINESS_HOURS,0,0,1,8,16
WH-00601,LIVE_URL,ECOMMERCE,15361,298,6.89,34.22,80.42,43.73,19.7,62.0,1,0,HIGH,HIGH,0,0,0,0,MEDIUM,INTERMEDIATE,99.9,0,EVENT_DRIVEN,0,0,0,4,8
WH-00602,PLANNED,ECOMMERCE,12516,175,5.29,15.43,51.22,19.81,89.0,,0,1,HIGH,VERY_HIGH,0,0,0,0,RAPID,INTERMEDIATE,99.95,1,SEASONAL,0,0,0,4,8
WH-00603,NEW_IDEA,SAAS,102480,278,19.69,91.23,122.25,55.08,32.1,,0,1,MEDIUM,HIGH,0,0,0,0,SLOW,INTERMEDIATE,99.9,0,NORMAL,0,0,0,8,16
WH-00604,PLANNED,NEWS,1921015,2007,6.8,227.46,388.96,43.2,74.0,,0,1,MEDIUM,LOW,0,0,0,0,SLOW,INTERMEDIATE,BASIC,0,EVENING,0,0,1,8,16
WH-00605,NEW_IDEA,SAAS,310862,3538,8.57,505.34,1409.91,188.68,253.2,,0,0,VERY_HIGH,HIGH,1,2372,1,0,MEDIUM,ADVANCED,99.5,0,SEASONAL,0,1,1,32,64
WH-00606,PLANNED,CORPORATE,116237,12,2.85,0.57,0.8,25.33,55.6,,0,1,LOW,LOW,0,0,0,0,SLOW,INTERMEDIATE,99.9,0,NORMAL,0,0,1,2,4
WH-00607,PLANNED,PORTFOLIO,2956,13,2.73,0.59,1.06,8.0,13.2,,0,0,LOW,LOW,0,0,0,0,MEDIUM,BEGINNER,99.95,1,BUSINESS_HOURS,0,0,0,2,4
WH-00608,PLANNED,ECOMMERCE,85383,217,7.85,28.39,95.68,39.37,24.9,,0,0,HIGH,HIGH,0,0,1,0,MEDIUM,INTERMEDIATE,99.9,0,EVENT_DRIVEN,0,0,1,4,8
WH-00609,LIVE_URL,NEWS,72227,402,6.58,44.09,53.78,34.59,14.0,84.1,1,1,MEDIUM,MEDIUM,0,0,0,0,RAPID,BEGINNER,99.5,0,NORMAL,0,0,0,2,4
WH-00610,PLANNED,NEWS,187785,61,3.12,3.17,6.31,34.58,68.6,,0,1,MEDIUM,LOW,0,0,0,1,STABLE,ADVANCED,99.5,0,EVENING,0,0,1,1,4
WH-00611,PLANNED,SAAS,71195,110,22.22,40.74,55.4,31.71,164.3,,0,0,HIGH,HIGH,1,32,0,0,SLOW,INTERMEDIATE,99.9,0,EVENING,0,0,0,4,8
WH-00612,LIVE_URL,COMMUNITY,36203,608,9.65,97.79,338.34,63.99,235.6,89.8,1,0,MEDIUM,HIGH,0,0,0,1,STABLE,INTERMEDIATE,99.95,1,EVENT_DRIVEN,0,0,0,16,32
WH-00613,LIVE_URL,EDUCATION,14318,165,5.39,14.82,57.81,25.08,40.6,86.7,1,0,MEDIUM,MEDIUM,0,0,0,0,STABLE,INTERMEDIATE,99.9,0,EVENT_DRIVEN,0,0,0,2,8
WH-00614,PLANNED,SAAS,1638467,4109,21.11,1445.68,2081.78,274.32,144.0,,0,1,VERY_HIGH,HIGH,1,924,0,0,MEDIUM,INTERMEDIATE,99.95,1,EVENING,1,0,1,32,64
WH-00615,PLANNED,SAAS,1228680,958,14.48,231.2,443.9,170.89,108.0,,0,0,HIGH,HIGH,0,0,1,0,MEDIUM,INTERMEDIATE,99.9,0,BUSINESS_HOURS,0,0,1,32,64
WH-00616,LIVE_URL,BLOG,23449,5,3.13,0.26,0.47,18.58,75.4,49.3,1,1,LOW,LOW,0,0,0,0,STABLE,BEGINNER,99.9,0,EVENING,0,0,1,2,4
WH-00617,NEW_IDEA,MEDIA_STREAMING,11030,52,4.18,3.62,5.69,105.25,68.6,,0,0,MEDIUM,MEDIUM,0,0,0,0,MEDIUM,ADVANCED,99.9,0,BUSINESS_HOURS,0,0,0,1,4
WH-00618,LIVE_URL,NEWS,88392,117,3.59,7.0,16.66,17.23,115.8,67.9,1,0,MEDIUM,MEDIUM,0,0,0,1,SLOW,INTERMEDIATE,99.9,0,EVENT_DRIVEN,0,0,1,1,4
WH-00619,LIVE_URL,EDUCATION,34200,70,7.72,9.01,11.35,11.62,131.5,49.5,1,0,MEDIUM,MEDIUM,0,0,0,1,STABLE,BEGINNER,99.95,1,NORMAL,0,0,0,2,8
WH-00620,LIVE_URL,EDUCATION,66553,30,11.51,5.75,11.11,84.34,23.5,99.0,1,0,MEDIUM,MEDIUM,0,0,0,0,MEDIUM,BEGINNER,99.95,1,WEEKEND,0,0,0,2,4
WH-00621,PLANNED,CORPORATE,2301,5,1.97,0.16,0.26,13.29,66.2,,0,1,LOW,LOW,0,0,0,1,RAPID,BEGINNER,99.9,0,EVENING,0,0,1,2,4
WH-00622,LIVE_URL,SAAS,19254,400,6.99,46.6,116.5,32.02,178.9,70.8,1,1,HIGH,HIGH,1,327,1,0,SLOW,INTERMEDIATE,99.9,0,EVENT_DRIVEN,0,0,0,8,16
WH-00623,LIVE_URL,EDUCATION,391198,142,3.89,9.21,13.81,21.98,47.2,79.0,1,0,LOW,MEDIUM,0,0,0,0,SLOW,INTERMEDIATE,BASIC,0,EVENING,0,0,0,1,4
WH-00624,PLANNED,CORPORATE,35035,24,2.99,1.2,3.18,13.84,20.2,,0,0,LOW,LOW,0,0,0,0,MEDIUM,ADVANCED,99.9,0,EVENT_DRIVEN,0,0,0,1,4
WH-00625,NEW_IDEA,SAAS,9251,58,10.95,10.58,31.54,30.71,141.4,,0,0,HIGH,MEDIUM,0,0,1,0,STABLE,BEGINNER,99.9,0,EVENT_DRIVEN,0,1,0,2,8
WH-00626,PLANNED,SAAS,32037,784,19.39,253.36,319.24,344.42,995.8,,0,0,HIGH,HIGH,0,0,1,1,MEDIUM,ADVANCED,99.95,1,NORMAL,0,0,0,32,64
WH-00627,LIVE_URL,API_SERVICE,158621,4372,23.09,1682.49,2691.99,182.88,12.1,76.1,1,0,MEDIUM,VERY_HIGH,0,0,1,0,STABLE,INTERMEDIATE,99.9,0,WEEKEND,0,0,0,32,64
WH-00628,LIVE_URL,BLOG,44405,15,3.65,0.91,1.26,41.99,31.0,69.1,1,1,LOW,LOW,0,0,0,0,STABLE,BEGINNER,99.95,1,NORMAL,0,0,1,2,4
WH-00629,PLANNED,ECOMMERCE,48262,244,6.18,25.13,46.24,24.32,52.3,,0,1,HIGH,HIGH,0,0,0,0,RAPID,INTERMEDIATE,99.9,0,EVENING,0,0,1,2,8
WH-00630,LIVE_URL,INTERNAL_BUSINESS,334,9,4.1,0.61,2.11,18.85,22.1,84.7,1,1,LOW,LOW,0,0,1,0,MEDIUM,INTERMEDIATE,BASIC,0,EVENT_DRIVEN,0,0,1,2,4
WH-00631,PLANNED,CORPORATE,31711,97,5.78,9.34,12.8,13.9,11.7,,0,1,LOW,LOW,0,0,1,0,SLOW,ADVANCED,99.9,0,NORMAL,0,0,1,2,4
WH-00632,PLANNED,BLOG,4286,118,4.09,8.04,11.74,25.57,10.0,,0,1,LOW,LOW,0,0,1,0,MEDIUM,ADVANCED,99.95,1,NORMAL,0,0,0,2,4
WH-00633,NEW_IDEA,MEDIA_STREAMING,389138,4022,7.03,471.24,1427.87,203.44,362.4,,0,0,MEDIUM,HIGH,0,0,0,1,MEDIUM,ADVANCED,BASIC,0,EVENT_DRIVEN,0,1,0,32,64
WH-00634,LIVE_URL,BLOG,13176,39,4.53,2.94,8.95,19.12,12.6,65.2,1,0,LOW,LOW,0,0,1,0,SLOW,INTERMEDIATE,99.9,0,SEASONAL,0,0,0,2,4
WH-00635,PLANNED,NEWS,136509,1003,3.16,52.82,69.2,25.69,36.6,,0,0,MEDIUM,LOW,0,0,0,0,MEDIUM,BEGINNER,BASIC,0,WEEKEND,0,0,1,2,8
WH-00636,LIVE_URL,INTERNAL_BUSINESS,3920,2,8.65,0.29,0.54,18.16,32.3,55.7,1,1,MEDIUM,LOW,0,0,0,0,MEDIUM,BEGINNER,99.9,0,EVENING,0,0,1,2,4
WH-00637,LIVE_URL,BLOG,77058,9,3.75,0.56,0.8,13.62,10.0,57.9,1,0,LOW,LOW,0,0,1,0,MEDIUM,INTERMEDIATE,99.95,1,EVENING,0,0,0,2,4
WH-00638,PLANNED,EDUCATION,26347,18,10.76,3.23,4.2,11.32,61.0,,0,0,MEDIUM,MEDIUM,0,0,0,1,MEDIUM,BEGINNER,BASIC,0,NORMAL,0,0,1,1,4
WH-00639,NEW_IDEA,PORTFOLIO,586,7,1.48,0.17,0.64,30.44,26.8,,0,0,LOW,LOW,0,0,0,0,STABLE,BEGINNER,99.5,0,EVENT_DRIVEN,0,0,0,2,4
WH-00640,NEW_IDEA,SAAS,348506,4096,21.86,1492.31,2283.23,190.64,197.9,,0,1,HIGH,HIGH,0,0,0,0,MEDIUM,BEGINNER,99.9,0,NORMAL,0,1,0,32,64
WH-00641,PLANNED,SAAS,42872,330,13.16,72.38,209.9,76.03,83.4,,0,0,HIGH,HIGH,1,156,1,0,MEDIUM,BEGINNER,99.5,0,EVENT_DRIVEN,0,0,0,16,32
WH-00642,LIVE_URL,API_SERVICE,493919,1835,29.78,910.77,1311.51,151.76,185.1,78.3,1,1,MEDIUM,VERY_HIGH,0,0,0,1,SLOW,INTERMEDIATE,BASIC,0,BUSINESS_HOURS,0,0,0,32,64
WH-00643,LIVE_URL,ECOMMERCE,60450,279,17.53,81.51,118.2,32.65,237.1,92.7,1,0,VERY_HIGH,MEDIUM,0,0,1,0,MEDIUM,INTERMEDIATE,99.9,0,NORMAL,0,0,1,8,16
WH-00644,PLANNED,API_SERVICE,174117,1628,25.63,695.43,2573.08,588.62,69.3,,0,0,MEDIUM,VERY_HIGH,0,0,1,0,SLOW,INTERMEDIATE,99.95,1,EVENT_DRIVEN,0,1,0,32,64
WH-00645,LIVE_URL,SAAS,330714,398,20.59,136.58,289.55,80.53,23.5,73.3,1,1,MEDIUM,HIGH,0,0,1,0,MEDIUM,ADVANCED,BASIC,0,WEEKEND,0,0,0,16,32
WH-00646,PLANNED,BLOG,25522,22,2.8,1.03,1.21,10.94,10.0,,0,1,LOW,LOW,0,0,1,0,STABLE,INTERMEDIATE,99.9,0,NORMAL,0,0,0,1,4
WH-00647,PLANNED,BLOG,16968,7,3.36,0.39,0.74,16.97,105.3,,0,0,LOW,LOW,0,0,0,1,MEDIUM,ADVANCED,BASIC,0,WEEKEND,0,0,1,2,4
WH-00648,NEW_IDEA,SAAS,306974,653,19.81,215.6,814.96,168.02,59.2,,0,1,MEDIUM,HIGH,0,0,1,0,RAPID,ADVANCED,99.5,0,EVENT_DRIVEN,0,0,0,32,64
WH-00649,LIVE_URL,BLOG,28888,52,2.88,2.5,5.14,17.8,47.0,64.3,1,0,LOW,LOW,0,0,0,0,MEDIUM,INTERMEDIATE,99.9,0,SEASONAL,0,0,0,2,4
WH-00650,LIVE_URL,SAAS,1145330,7487,22.68,2830.09,4075.32,898.69,29.5,73.3,1,0,HIGH,HIGH,1,5366,0,0,MEDIUM,INTERMEDIATE,99.9,0,NORMAL,0,0,0,32,64
WH-00651,LIVE_URL,NEWS,248816,233,3.06,11.88,20.2,33.04,46.9,98.7,1,1,LOW,MEDIUM,0,0,0,1,RAPID,BEGINNER,99.5,0,WEEKEND,0,0,0,2,4
WH-00652,LIVE_URL,SAAS,376052,4226,22.31,1571.37,2168.49,175.4,155.9,72.1,1,1,HIGH,HIGH,0,0,0,0,SLOW,ADVANCED,99.95,1,NORMAL,1,0,0,32,64
WH-00653,LIVE_URL,CORPORATE,76651,12,4.21,0.84,1.2,9.67,33.3,66.3,1,1,LOW,MEDIUM,0,0,0,0,MEDIUM,BEGINNER,99.9,0,NORMAL,0,0,0,2,4
WH-00654,PLANNED,ECOMMERCE,72568,1162,14.26,276.17,577.19,187.47,58.4,,0,0,HIGH,VERY_HIGH,0,0,1,0,STABLE,ADVANCED,99.95,1,EVENING,0,1,1,32,64
WH-00655,PLANNED,SAAS,15779,229,13.04,49.77,118.45,8.0,78.2,,0,0,MEDIUM,VERY_HIGH,0,0,1,0,RAPID,ADVANCED,99.9,0,SEASONAL,0,0,0,8,16
WH-00656,LIVE_URL,BLOG,8651,56,3.42,3.19,4.21,8.0,41.8,78.1,1,0,LOW,MEDIUM,0,0,0,1,STABLE,ADVANCED,99.5,0,NORMAL,0,0,0,2,4
WH-00657,LIVE_URL,BLOG,6597,13,2.69,0.58,1.17,11.06,43.8,99.0,1,1,LOW,LOW,0,0,1,0,MEDIUM,INTERMEDIATE,99.95,1,BUSINESS_HOURS,0,0,0,2,4
WH-00658,LIVE_URL,NEWS,258230,140,6.91,16.12,47.56,8.0,106.6,87.0,1,0,MEDIUM,HIGH,0,0,0,0,MEDIUM,BEGINNER,99.9,0,SEASONAL,0,0,0,2,4
WH-00659,PLANNED,CORPORATE,4708,7,4.19,0.49,1.12,24.67,10.0,,0,0,LOW,LOW,0,0,0,0,RAPID,ADVANCED,99.9,0,SEASONAL,0,0,0,2,4
WH-00660,PLANNED,PORTFOLIO,15466,6,2.28,0.23,0.29,8.52,10.9,,0,0,LOW,LOW,0,0,0,0,MEDIUM,INTERMEDIATE,99.95,1,NORMAL,0,0,0,2,4
WH-00661,LIVE_URL,MEDIA_STREAMING,30390,736,4.2,51.52,78.31,71.47,311.6,86.8,1,0,LOW,MEDIUM,0,0,0,1,SLOW,ADVANCED,99.95,1,EVENING,0,0,1,4,8
WH-00662,PLANNED,MARKETPLACE,552503,2331,12.83,498.45,1340.82,356.09,26.0,,0,0,MEDIUM,HIGH,0,0,0,0,MEDIUM,ADVANCED,99.99,1,EVENT_DRIVEN,0,0,0,32,64
WH-00663,LIVE_URL,MARKETPLACE,375982,731,14.35,174.83,426.59,91.73,120.2,59.3,1,1,HIGH,MEDIUM,0,0,1,0,RAPID,INTERMEDIATE,99.9,0,EVENT_DRIVEN,0,0,1,32,64
WH-00664,PLANNED,MARKETPLACE,177876,693,9.59,110.76,173.9,322.8,995.0,,0,1,HIGH,HIGH,0,0,0,1,RAPID,ADVANCED,BASIC,0,BUSINESS_HOURS,0,0,1,16,32
WH-00665,NEW_IDEA,EDUCATION,5689,118,5.02,9.87,32.48,27.53,83.9,,0,1,MEDIUM,MEDIUM,0,0,0,0,SLOW,BEGINNER,99.9,0,SEASONAL,0,0,0,1,4
WH-00666,LIVE_URL,SAAS,7623,151,13.2,33.22,43.52,34.03,120.2,82.8,1,0,HIGH,VERY_HIGH,1,94,0,0,SLOW,ADVANCED,99.95,1,BUSINESS_HOURS,0,0,1,4,8
WH-00667,LIVE_URL,SAAS,595514,4374,10.47,763.26,2457.71,280.51,182.7,61.2,1,0,HIGH,HIGH,1,1607,1,0,MEDIUM,INTERMEDIATE,99.99,1,SEASONAL,0,1,1,32,64
WH-00668,NEW_IDEA,MARKETPLACE,164203,123,7.79,15.97,21.56,91.2,166.5,,0,0,VERY_HIGH,HIGH,1,52,0,0,MEDIUM,INTERMEDIATE,99.9,0,WEEKEND,0,0,1,2,16
WH-00669,PLANNED,SAAS,344343,260,12.08,52.35,69.1,16.36,15.1,,0,0,MEDIUM,MEDIUM,0,0,1,0,STABLE,ADVANCED,99.9,0,BUSINESS_HOURS,0,0,1,4,8
WH-00670,PLANNED,ECOMMERCE,233537,116,16.55,32.0,57.59,25.09,56.3,,0,1,MEDIUM,HIGH,0,0,0,0,SLOW,BEGINNER,99.9,0,WEEKEND,0,1,0,4,8
WH-00671,LIVE_URL,BLOG,30145,106,3.27,5.78,7.8,24.13,10.7,96.8,1,0,LOW,LOW,0,0,1,0,RAPID,INTERMEDIATE,99.5,0,NORMAL,0,0,1,2,4
WH-00672,PLANNED,MARKETPLACE,591888,4821,16.78,1348.27,2507.79,1226.16,397.3,,0,0,HIGH,HIGH,0,0,0,1,SLOW,BEGINNER,BASIC,0,EVENING,1,0,1,32,64
WH-00673,PLANNED,BLOG,30589,69,2.47,2.84,4.01,11.62,24.5,,0,0,LOW,LOW,0,0,0,0,RAPID,ADVANCED,99.5,0,NORMAL,0,0,0,2,4
WH-00674,LIVE_URL,API_SERVICE,445111,4932,15.72,1292.18,2183.79,398.98,13.4,72.1,1,0,MEDIUM,HIGH,0,0,0,0,RAPID,ADVANCED,99.9,0,WEEKEND,1,1,0,32,64
WH-00675,PLANNED,NEWS,735315,7640,7.43,946.09,3661.36,848.44,171.3,,0,1,LOW,MEDIUM,0,0,0,1,MEDIUM,BEGINNER,BASIC,0,EVENT_DRIVEN,0,0,1,32,32
WH-00676,PLANNED,SAAS,25070,29,9.89,4.78,7.12,71.07,16.4,,0,0,MEDIUM,HIGH,1,16,1,0,RAPID,BEGINNER,99.99,1,NORMAL,0,0,1,2,8
WH-00677,LIVE_URL,API_SERVICE,342905,2618,19.14,835.14,1319.52,160.3,29.2,50.9,1,1,MEDIUM,VERY_HIGH,0,0,1,0,RAPID,INTERMEDIATE,99.95,1,BUSINESS_HOURS,0,0,0,32,64
WH-00678,LIVE_URL,CORPORATE,18811,25,2.04,0.85,2.65,38.54,33.1,50.7,1,0,LOW,LOW,0,0,1,0,MEDIUM,BEGINNER,99.9,0,EVENT_DRIVEN,0,0,0,2,4
WH-00679,LIVE_URL,MEDIA_STREAMING,1139130,4182,7.76,540.87,2217.58,145.24,490.6,82.6,1,1,MEDIUM,HIGH,0,0,0,1,SLOW,INTERMEDIATE,99.9,0,EVENT_DRIVEN,0,0,0,32,64
WH-00680,PLANNED,SAAS,110052,2020,20.92,704.31,1331.14,257.02,221.0,,0,1,HIGH,MEDIUM,0,0,1,0,RAPID,ADVANCED,99.9,0,SEASONAL,0,0,0,32,64
WH-00681,PLANNED,NEWS,392046,985,6.01,98.66,132.21,70.25,57.1,,0,0,HIGH,MEDIUM,0,0,0,0,STABLE,INTERMEDIATE,99.99,1,WEEKEND,0,0,0,8,16
WH-00682,LIVE_URL,API_SERVICE,27488,620,8.4,86.8,119.78,24.37,135.3,75.3,1,0,MEDIUM,VERY_HIGH,0,0,1,1,SLOW,BEGINNER,99.9,0,NORMAL,0,0,1,8,16
WH-00683,PLANNED,CORPORATE,4785,82,6.0,8.2,10.82,26.31,65.7,,0,0,LOW,LOW,0,0,0,0,STABLE,INTERMEDIATE,99.9,0,NORMAL,0,0,0,2,4
WH-00684,PLANNED,MARKETPLACE,172741,1471,9.91,242.96,481.06,66.98,228.7,,0,0,VERY_HIGH,HIGH,0,0,1,0,MEDIUM,BEGINNER,99.99,1,EVENING,0,1,0,32,64
WH-00685,PLANNED,BLOG,2279,22,4.49,1.65,2.44,15.65,28.5,,0,0,LOW,MEDIUM,0,0,0,0,STABLE,INTERMEDIATE,99.95,1,BUSINESS_HOURS,0,0,1,2,4
WH-00686,NEW_IDEA,CORPORATE,110274,172,2.27,6.51,14.84,8.0,46.2,,0,1,LOW,LOW,0,0,0,0,MEDIUM,INTERMEDIATE,99.5,0,SEASONAL,0,0,0,1,4
WH-00687,LIVE_URL,API_SERVICE,6188,52,33.8,29.29,41.89,27.46,24.7,73.5,1,0,MEDIUM,VERY_HIGH,0,0,0,0,SLOW,ADVANCED,99.95,1,EVENING,0,0,0,4,8
WH-00688,LIVE_URL,ECOMMERCE,56574,380,10.11,64.03,100.53,35.95,297.3,31.7,1,0,HIGH,MEDIUM,0,0,0,1,RAPID,INTERMEDIATE,99.5,0,EVENING,0,0,0,4,8
WH-00689,PLANNED,INTERNAL_BUSINESS,5551,4,8.46,0.56,0.85,19.1,24.8,,0,0,MEDIUM,MEDIUM,0,0,0,0,STABLE,BEGINNER,99.95,1,NORMAL,0,0,1,2,8
WH-00690,PLANNED,SAAS,1303563,3821,11.76,748.92,1370.52,206.84,71.1,,0,0,HIGH,HIGH,1,3107,1,0,MEDIUM,ADVANCED,99.9,0,BUSINESS_HOURS,0,0,0,32,64
WH-00691,LIVE_URL,SAAS,395124,1007,18.8,315.53,659.45,124.13,206.4,61.0,1,1,HIGH,HIGH,0,0,1,0,RAPID,ADVANCED,99.9,0,WEEKEND,0,1,1,32,64
WH-00692,NEW_IDEA,SAAS,13100,29,8.08,3.91,5.12,19.93,29.0,,0,1,MEDIUM,HIGH,1,23,0,0,RAPID,BEGINNER,99.9,0,NORMAL,0,0,1,2,4
WH-00693,NEW_IDEA,BLOG,45628,25,1.55,0.65,1.23,32.66,65.6,,0,0,LOW,LOW,0,0,0,0,RAPID,INTERMEDIATE,99.9,0,BUSINESS_HOURS,0,0,0,1,4
WH-00694,LIVE_URL,MARKETPLACE,58349,709,9.93,117.34,396.61,199.61,562.0,41.6,1,1,HIGH,HIGH,0,0,0,1,MEDIUM,ADVANCED,99.95,1,EVENT_DRIVEN,1,0,0,32,64
WH-00695,NEW_IDEA,SAAS,276884,68,5.63,6.38,18.38,32.2,81.6,,0,0,HIGH,HIGH,0,0,1,0,SLOW,BEGINNER,99.99,1,EVENT_DRIVEN,0,0,1,2,8
WH-00696,NEW_IDEA,MEDIA_STREAMING,215224,231,3.09,11.9,24.15,87.54,240.0,,0,0,MEDIUM,HIGH,0,0,0,1,RAPID,INTERMEDIATE,99.99,1,WEEKEND,1,0,0,2,8
WH-00697,LIVE_URL,NEWS,30277,59,7.07,6.95,8.55,17.14,25.9,78.1,1,0,LOW,MEDIUM,0,0,0,0,MEDIUM,BEGINNER,99.5,0,NORMAL,0,0,0,2,4
WH-00698,NEW_IDEA,SAAS,229794,2904,19.72,954.45,3674.62,257.12,33.0,,0,1,HIGH,HIGH,0,0,1,0,SLOW,INTERMEDIATE,99.95,1,EVENT_DRIVEN,1,1,0,32,64
WH-00699,LIVE_URL,COMMUNITY,5613,150,5.89,14.72,35.49,8.64,85.4,97.8,1,0,MEDIUM,MEDIUM,0,0,0,0,STABLE,ADVANCED,BASIC,0,SEASONAL,1,0,0,2,8
WH-00700,PLANNED,COMMUNITY,448356,29,7.82,3.78,5.33,13.82,91.6,,0,0,MEDIUM,MEDIUM,1,24,0,0,SLOW,BEGINNER,99.9,0,NORMAL,0,0,0,1,4
WH-00701,LIVE_URL,EDUCATION,15270,214,4.02,14.34,25.81,42.86,251.7,65.1,1,0,MEDIUM,MEDIUM,0,0,0,1,MEDIUM,ADVANCED,99.9,0,BUSINESS_HOURS,0,0,0,1,8
WH-00702,NEW_IDEA,ECOMMERCE,53989,601,14.61,146.34,197.56,49.46,24.9,,0,1,HIGH,VERY_HIGH,0,0,1,0,MEDIUM,BEGINNER,99.9,0,NORMAL,0,0,0,16,32
WH-00703,PLANNED,MARKETPLACE,22193,185,19.74,60.86,85.21,15.81,52.8,,0,1,HIGH,HIGH,0,0,1,0,STABLE,BEGINNER,99.9,0,NORMAL,0,1,0,8,16
WH-00704,NEW_IDEA,MEDIA_STREAMING,663502,1047,2.88,50.26,100.51,16.68,257.4,,0,0,MEDIUM,HIGH,0,0,0,1,STABLE,ADVANCED,BASIC,0,SEASONAL,0,0,1,4,8
WH-00705,LIVE_URL,EDUCATION,51945,29,3.96,1.91,3.89,35.75,86.1,99.0,1,0,MEDIUM,LOW,0,0,1,0,STABLE,INTERMEDIATE,99.95,1,SEASONAL,0,0,0,2,8
WH-00706,PLANNED,CORPORATE,6568,81,2.24,3.02,4.29,46.21,22.0,,0,0,LOW,LOW,0,0,0,0,MEDIUM,ADVANCED,BASIC,0,NORMAL,0,0,1,2,4
WH-00707,LIVE_URL,CORPORATE,48646,25,2.54,1.06,1.39,25.77,53.1,83.8,1,0,LOW,LOW,0,0,0,0,RAPID,BEGINNER,99.5,0,BUSINESS_HOURS,0,0,0,1,4
WH-00708,PLANNED,SAAS,783310,4517,22.02,1657.74,1906.4,129.16,41.0,,0,1,HIGH,HIGH,0,0,1,0,MEDIUM,INTERMEDIATE,99.9,0,NORMAL,0,1,1,32,64
WH-00709,LIVE_URL,INTERNAL_BUSINESS,134,3,4.81,0.24,0.3,12.05,14.2,80.6,1,0,LOW,HIGH,0,0,0,0,MEDIUM,ADVANCED,99.9,0,NORMAL,0,0,0,2,4
WH-00710,PLANNED,ECOMMERCE,186698,112,13.04,24.34,45.76,40.0,502.8,,0,0,HIGH,MEDIUM,0,0,0,1,SLOW,BEGINNER,99.99,1,BUSINESS_HOURS,0,0,1,4,8
WH-00711,LIVE_URL,ECOMMERCE,87668,911,16.87,256.14,448.25,94.42,122.9,59.3,1,1,HIGH,HIGH,1,213,1,1,MEDIUM,INTERMEDIATE,99.9,0,SEASONAL,0,0,0,32,64
WH-00712,PLANNED,ECOMMERCE,168677,336,15.25,85.4,119.56,68.1,63.5,,0,1,HIGH,HIGH,0,0,0,0,RAPID,BEGINNER,99.9,0,WEEKEND,0,1,1,8,16
WH-00713,LIVE_URL,EDUCATION,165368,238,10.02,39.75,122.42,154.36,64.5,83.6,1,0,MEDIUM,MEDIUM,0,0,0,0,MEDIUM,INTERMEDIATE,99.9,0,EVENT_DRIVEN,0,0,1,4,8
WH-00714,PLANNED,NEWS,153486,223,2.86,10.63,16.26,19.61,76.7,,0,1,HIGH,MEDIUM,0,0,0,0,MEDIUM,BEGINNER,99.9,0,NORMAL,0,0,1,2,8
WH-00715,LIVE_URL,API_SERVICE,309597,5366,27.43,2453.16,3925.05,1173.64,106.2,64.8,1,0,MEDIUM,VERY_HIGH,0,0,0,0,STABLE,BEGINNER,99.95,1,EVENING,1,1,0,32,64
WH-00716,LIVE_URL,SAAS,863661,2082,10.56,366.43,608.28,120.0,57.5,76.5,1,0,VERY_HIGH,HIGH,1,1580,0,0,RAPID,ADVANCED,99.5,0,WEEKEND,0,1,1,32,64
WH-00717,LIVE_URL,MARKETPLACE,212334,3078,19.51,1000.86,1351.17,118.66,122.6,55.2,1,1,HIGH,VERY_HIGH,0,0,0,1,STABLE,BEGINNER,99.9,0,BUSINESS_HOURS,0,1,0,32,64
WH-00718,PLANNED,MARKETPLACE,351317,44,8.32,6.1,7.32,32.72,226.4,,0,0,HIGH,HIGH,1,10,1,1,MEDIUM,INTERMEDIATE,99.9,0,NORMAL,0,0,0,1,8
WH-00719,NEW_IDEA,ECOMMERCE,87102,91,12.19,18.49,27.92,72.55,133.4,,0,0,HIGH,HIGH,0,0,1,0,MEDIUM,INTERMEDIATE,BASIC,0,BUSINESS_HOURS,0,0,0,2,8
WH-00720,LIVE_URL,SAAS,470575,3193,13.35,710.44,1406.68,352.09,136.9,60.5,1,0,HIGH,HIGH,0,0,1,0,MEDIUM,ADVANCED,99.9,0,BUSINESS_HOURS,0,1,1,32,64
WH-00721,NEW_IDEA,INTERNAL_BUSINESS,114,2,7.5,0.25,0.81,11.52,50.5,,0,0,MEDIUM,LOW,0,0,0,0,MEDIUM,BEGINNER,99.9,0,EVENT_DRIVEN,0,0,0,1,4
WH-00722,LIVE_URL,ECOMMERCE,601218,115,8.49,16.27,27.66,19.75,48.3,71.4,1,0,MEDIUM,HIGH,1,58,1,0,STABLE,INTERMEDIATE,99.9,0,BUSINESS_HOURS,0,0,0,2,8
WH-00723,LIVE_URL,NEWS,312593,5985,8.83,880.79,2836.15,217.34,15.3,92.5,1,0,MEDIUM,LOW,0,0,0,0,SLOW,INTERMEDIATE,99.9,0,SEASONAL,0,1,0,32,64
WH-00724,PLANNED,SAAS,847573,1256,16.99,355.66,519.26,101.54,28.2,,0,1,HIGH,HIGH,1,814,0,0,MEDIUM,INTERMEDIATE,99.5,0,NORMAL,0,0,1,32,64
WH-00725,LIVE_URL,ECOMMERCE,146452,278,13.26,61.44,237.77,19.15,40.7,81.5,1,0,MEDIUM,HIGH,0,0,0,0,STABLE,ADVANCED,99.5,0,EVENT_DRIVEN,0,0,0,8,16
WH-00726,PLANNED,SAAS,317084,1847,11.94,367.55,433.71,152.37,84.8,,0,0,MEDIUM,HIGH,1,1172,0,0,RAPID,INTERMEDIATE,99.95,1,NORMAL,0,0,0,32,64
WH-00727,LIVE_URL,SAAS,28291,67,19.51,21.79,29.63,27.04,64.4,68.2,1,1,HIGH,HIGH,0,0,1,0,RAPID,INTERMEDIATE,99.9,0,WEEKEND,0,0,1,2,8
WH-00728,NEW_IDEA,ECOMMERCE,22145,152,10.65,26.98,45.6,64.34,175.8,,0,0,HIGH,HIGH,0,0,1,0,SLOW,INTERMEDIATE,99.9,0,WEEKEND,0,0,1,2,8
WH-00729,NEW_IDEA,SAAS,16682,29,8.23,3.98,7.16,12.71,78.5,,0,1,HIGH,HIGH,1,10,1,0,SLOW,INTERMEDIATE,99.99,1,SEASONAL,0,0,1,2,8
WH-00730,LIVE_URL,SAAS,533166,3568,18.94,1126.3,2376.49,296.31,136.4,92.2,1,0,HIGH,HIGH,1,929,0,0,RAPID,BEGINNER,99.9,0,EVENT_DRIVEN,1,1,0,32,64
WH-00731,NEW_IDEA,API_SERVICE,22840,660,28.98,318.78,921.27,116.65,138.3,,0,0,HIGH,VERY_HIGH,0,0,1,0,RAPID,ADVANCED,99.99,1,SEASONAL,0,1,1,32,64
WH-00732,PLANNED,MARKETPLACE,479305,3757,16.42,1028.17,3454.64,566.03,39.0,,0,1,MEDIUM,HIGH,1,1409,0,1,SLOW,INTERMEDIATE,99.9,0,SEASONAL,0,0,0,32,64
WH-00733,NEW_IDEA,PORTFOLIO,7652,40,1.83,1.22,1.85,8.0,44.7,,0,1,LOW,LOW,0,0,0,0,RAPID,ADVANCED,99.9,0,EVENING,0,0,0,1,4
WH-00734,NEW_IDEA,SAAS,684108,64,14.88,15.87,29.05,35.14,188.3,,0,1,HIGH,HIGH,1,16,1,0,STABLE,BEGINNER,99.95,1,BUSINESS_HOURS,0,0,1,2,8
WH-00735,LIVE_URL,COMMUNITY,5031,91,4.67,7.08,9.85,19.35,219.4,70.9,1,0,HIGH,MEDIUM,0,0,0,0,STABLE,BEGINNER,99.5,0,NORMAL,0,0,1,2,8
WH-00736,NEW_IDEA,API_SERVICE,1469126,6586,26.59,2918.7,4290.48,504.44,104.1,,0,0,MEDIUM,VERY_HIGH,0,0,0,0,MEDIUM,ADVANCED,99.9,0,BUSINESS_HOURS,0,0,0,32,64
WH-00737,NEW_IDEA,API_SERVICE,533999,5875,28.72,2812.17,3965.15,513.76,27.6,,0,0,MEDIUM,VERY_HIGH,0,0,0,0,MEDIUM,BEGINNER,99.99,1,NORMAL,0,1,0,32,64
WH-00738,PLANNED,SAAS,137519,3555,23.19,1374.01,1951.09,385.96,130.6,,0,0,VERY_HIGH,HIGH,0,0,1,0,RAPID,ADVANCED,99.95,1,NORMAL,0,1,0,32,64
WH-00739,PLANNED,NEWS,1132163,225,8.01,30.04,46.56,31.27,91.3,,0,0,MEDIUM,MEDIUM,0,0,0,0,SLOW,ADVANCED,99.5,0,EVENING,0,0,0,1,8
WH-00740,LIVE_URL,COMMUNITY,4670,40,12.43,8.29,14.92,93.16,478.8,58.4,1,0,MEDIUM,MEDIUM,1,23,0,1,MEDIUM,BEGINNER,99.9,0,WEEKEND,0,0,0,2,8
WH-00741,LIVE_URL,EDUCATION,108416,135,6.58,14.8,19.1,23.92,82.5,70.9,1,0,MEDIUM,MEDIUM,0,0,1,0,RAPID,BEGINNER,99.9,0,NORMAL,0,0,0,2,8
WH-00742,PLANNED,ECOMMERCE,392587,1024,6.46,110.25,275.63,117.46,88.5,,0,1,HIGH,MEDIUM,0,0,1,0,STABLE,ADVANCED,99.95,1,EVENT_DRIVEN,0,0,1,16,32
WH-00743,NEW_IDEA,NEWS,902362,750,3.99,49.88,68.83,77.95,230.6,,0,0,MEDIUM,MEDIUM,0,0,0,1,RAPID,INTERMEDIATE,99.95,1,BUSINESS_HOURS,0,1,0,4,8
WH-00744,LIVE_URL,ECOMMERCE,257735,2423,15.19,613.42,2361.68,480.28,246.8,60.8,1,1,HIGH,HIGH,0,0,0,1,STABLE,ADVANCED,BASIC,0,EVENT_DRIVEN,0,0,1,32,64
WH-00745,LIVE_URL,SAAS,11791,41,23.64,16.15,30.37,37.37,86.2,91.6,1,0,HIGH,HIGH,1,34,1,0,RAPID,INTERMEDIATE,99.9,0,BUSINESS_HOURS,0,0,1,2,8
WH-00746,LIVE_URL,NEWS,22630,373,5.17,32.14,58.5,27.11,66.9,75.1,1,1,LOW,MEDIUM,0,0,0,0,MEDIUM,BEGINNER,99.9,0,EVENING,0,0,1,2,4
WH-00747,NEW_IDEA,MARKETPLACE,44713,200,10.87,36.23,67.39,16.5,148.3,,0,1,HIGH,HIGH,0,0,1,0,RAPID,BEGINNER,99.5,0,BUSINESS_HOURS,0,0,0,4,8
WH-00748,LIVE_URL,BLOG,2888,8,2.41,0.32,0.68,16.24,14.6,82.7,1,1,LOW,LOW,0,0,1,0,MEDIUM,BEGINNER,99.9,0,SEASONAL,0,0,0,2,4
WH-00749,PLANNED,MEDIA_STREAMING,477956,79,7.9,10.4,16.02,37.4,407.6,,0,1,HIGH,MEDIUM,0,0,0,1,MEDIUM,INTERMEDIATE,99.99,1,EVENING,0,0,1,2,8
WH-00750,PLANNED,BLOG,33957,52,1.54,1.33,2.12,8.0,67.0,,0,0,LOW,LOW,0,0,0,0,MEDIUM,ADVANCED,99.5,0,BUSINESS_HOURS,0,0,0,2,4
WH-00751,LIVE_URL,ECOMMERCE,179903,130,9.78,21.19,40.68,28.91,34.9,62.9,1,1,HIGH,HIGH,0,0,0,0,STABLE,INTERMEDIATE,99.99,1,BUSINESS_HOURS,0,0,1,4,8
WH-00752,NEW_IDEA,SAAS,616848,2156,23.8,855.21,1257.16,93.33,31.3,,0,0,HIGH,HIGH,0,0,1,0,MEDIUM,ADVANCED,99.5,0,EVENING,1,1,1,32,64
WH-00753,NEW_IDEA,SAAS,5550,53,7.44,6.57,12.09,9.37,182.9,,0,0,HIGH,HIGH,1,18,1,0,MEDIUM,INTERMEDIATE,99.9,0,BUSINESS_HOURS,0,0,1,1,8
WH-00754,LIVE_URL,CORPORATE,3611,47,5.85,4.58,13.52,16.07,72.6,62.8,1,0,LOW,LOW,0,0,0,0,SLOW,INTERMEDIATE,99.9,0,EVENT_DRIVEN,0,0,0,2,4
WH-00755,LIVE_URL,MARKETPLACE,13017,170,11.61,32.89,50.66,18.23,32.4,83.6,1,1,HIGH,HIGH,0,0,0,0,SLOW,INTERMEDIATE,99.95,1,BUSINESS_HOURS,1,0,1,4,8
WH-00756,LIVE_URL,API_SERVICE,606888,3373,19.64,1104.1,2097.78,415.7,46.1,,0,1,MEDIUM,VERY_HIGH,0,0,0,0,RAPID,BEGINNER,99.9,0,SEASONAL,1,1,0,32,64
WH-00757,NEW_IDEA,INTERNAL_BUSINESS,5459,36,9.57,5.74,8.21,24.98,14.8,,0,0,MEDIUM,MEDIUM,0,0,0,0,MEDIUM,INTERMEDIATE,99.9,0,WEEKEND,0,0,0,1,4
WH-00758,LIVE_URL,PORTFOLIO,3743,42,3.4,2.38,3.64,28.35,60.5,72.2,1,0,LOW,LOW,0,0,0,0,MEDIUM,BEGINNER,99.95,1,NORMAL,0,0,1,2,4
WH-00759,PLANNED,API_SERVICE,225132,2058,19.73,676.74,1021.88,149.37,39.8,,0,0,MEDIUM,VERY_HIGH,0,0,1,0,STABLE,BEGINNER,BASIC,0,BUSINESS_HOURS,0,0,0,32,64
WH-00760,LIVE_URL,CORPORATE,14397,52,5.4,4.68,8.89,16.41,53.9,62.8,1,0,LOW,LOW,0,0,0,0,MEDIUM,BEGINNER,99.9,0,EVENING,0,0,0,2,4
WH-00761,PLANNED,MARKETPLACE,110640,3162,18.06,951.76,3350.2,737.26,40.4,,0,0,HIGH,HIGH,0,0,1,0,MEDIUM,ADVANCED,99.5,0,EVENT_DRIVEN,0,1,1,32,64
WH-00762,PLANNED,SAAS,27260,719,12.75,152.79,218.49,16.77,200.8,,0,1,HIGH,MEDIUM,0,0,1,0,SLOW,BEGINNER,99.9,0,BUSINESS_HOURS,0,0,1,16,32
WH-00763,PLANNED,API_SERVICE,361986,2124,19.42,687.47,2694.87,475.74,86.6,,0,1,MEDIUM,VERY_HIGH,0,0,0,0,MEDIUM,INTERMEDIATE,99.99,1,EVENT_DRIVEN,1,1,0,32,64
WH-00764,PLANNED,BLOG,44220,108,4.19,7.54,14.1,15.08,50.9,,0,1,LOW,LOW,0,0,0,0,MEDIUM,ADVANCED,99.5,0,BUSINESS_HOURS,0,0,1,1,4
WH-00765,PLANNED,SAAS,340161,36,6.77,4.06,5.69,57.88,93.1,,0,0,HIGH,HIGH,0,0,0,0,RAPID,BEGINNER,99.5,0,NORMAL,0,0,0,1,8
WH-00766,PLANNED,EDUCATION,195254,35,7.69,4.49,6.82,59.68,44.6,,0,1,MEDIUM,MEDIUM,0,0,0,1,MEDIUM,ADVANCED,99.99,1,BUSINESS_HOURS,0,0,0,2,8
WH-00767,LIVE_URL,ECOMMERCE,49184,272,8.08,36.63,60.44,43.91,33.7,89.5,1,0,HIGH,HIGH,0,0,1,0,MEDIUM,INTERMEDIATE,99.9,0,BUSINESS_HOURS,0,0,0,4,8
WH-00768,PLANNED,INTERNAL_BUSINESS,3393,66,7.13,7.84,12.16,18.37,30.1,,0,1,MEDIUM,MEDIUM,0,0,0,0,RAPID,INTERMEDIATE,99.9,0,NORMAL,0,0,0,2,4
WH-00769,LIVE_URL,SAAS,414022,102,21.92,37.26,68.94,24.16,16.9,78.1,1,0,MEDIUM,HIGH,0,0,0,0,STABLE,BEGINNER,99.95,1,WEEKEND,0,0,1,4,8
WH-00770,LIVE_URL,ECOMMERCE,331146,84,6.37,8.92,12.04,17.54,23.9,76.8,1,1,MEDIUM,HIGH,0,0,0,0,MEDIUM,BEGINNER,99.9,0,WEEKEND,0,0,0,2,4
WH-00771,LIVE_URL,EDUCATION,119366,251,5.94,24.85,57.65,16.69,46.2,82.1,1,1,MEDIUM,MEDIUM,0,0,0,1,STABLE,BEGINNER,99.9,0,SEASONAL,0,0,0,2,8
WH-00772,PLANNED,API_SERVICE,478769,262,18.96,82.79,138.26,44.64,69.3,,0,0,MEDIUM,VERY_HIGH,0,0,1,0,MEDIUM,INTERMEDIATE,99.95,1,BUSINESS_HOURS,0,0,1,16,32
WH-00773,LIVE_URL,COMMUNITY,3518,98,9.9,16.17,26.03,15.45,85.2,68.7,1,1,MEDIUM,MEDIUM,0,0,0,0,SLOW,BEGINNER,BASIC,0,BUSINESS_HOURS,0,0,1,1,8
WH-00774,LIVE_URL,NEWS,1918171,459,2.23,17.06,38.38,58.03,28.8,38.4,1,0,HIGH,MEDIUM,0,0,0,0,MEDIUM,ADVANCED,99.9,0,SEASONAL,1,0,0,2,8
WH-00775,LIVE_URL,NEWS,37736,752,2.17,27.2,41.88,21.08,15.5,84.2,1,0,LOW,LOW,0,0,0,0,RAPID,INTERMEDIATE,99.9,0,WEEKEND,0,0,0,1,4
WH-00776,LIVE_URL,CORPORATE,26426,9,5.84,0.88,2.49,17.71,118.8,59.8,1,0,LOW,LOW,0,0,1,1,MEDIUM,ADVANCED,99.5,0,SEASONAL,0,0,1,2,4
WH-00777,LIVE_URL,BLOG,18764,49,4.21,3.44,6.53,22.99,18.1,64.8,1,0,LOW,LOW,0,0,0,0,STABLE,BEGINNER,BASIC,0,BUSINESS_HOURS,0,0,0,2,4
WH-00778,LIVE_URL,API_SERVICE,225135,3568,24.56,1460.5,1898.65,496.29,53.6,70.0,1,0,MEDIUM,VERY_HIGH,0,0,1,0,MEDIUM,ADVANCED,99.9,0,NORMAL,0,1,1,32,64
WH-00779,LIVE_URL,SAAS,1191978,3309,17.3,954.1,3100.81,584.99,78.5,91.1,1,1,VERY_HIGH,HIGH,0,0,1,0,STABLE,ADVANCED,99.9,0,SEASONAL,0,0,1,32,64
WH-00780,LIVE_URL,SAAS,858722,6503,18.24,1976.91,3044.44,595.01,20.6,69.3,1,0,HIGH,HIGH,0,0,0,0,RAPID,INTERMEDIATE,99.99,1,NORMAL,0,1,1,32,64
WH-00781,PLANNED,EDUCATION,46730,167,11.05,30.76,42.75,29.02,134.3,,0,1,MEDIUM,MEDIUM,0,0,1,1,RAPID,BEGINNER,99.9,0,NORMAL,0,0,1,2,8
WH-00782,PLANNED,SAAS,312979,1529,23.11,588.92,1878.65,208.8,23.3,,0,1,MEDIUM,VERY_HIGH,0,0,0,0,MEDIUM,ADVANCED,99.99,1,EVENT_DRIVEN,0,0,0,32,64
WH-00783,PLANNED,NEWS,1386469,622,7.35,76.19,97.53,26.47,43.8,,0,0,MEDIUM,MEDIUM,0,0,0,0,MEDIUM,ADVANCED,99.5,0,NORMAL,0,0,0,4,8
WH-00784,LIVE_URL,PORTFOLIO,4641,11,3.76,0.69,1.02,8.0,16.6,73.9,1,0,LOW,LOW,0,0,1,0,MEDIUM,BEGINNER,99.9,0,NORMAL,0,0,0,2,4
WH-00785,PLANNED,API_SERVICE,128965,3363,29.85,1673.09,1940.79,131.57,87.7,,0,0,MEDIUM,VERY_HIGH,0,0,1,0,STABLE,INTERMEDIATE,99.99,1,NORMAL,1,0,1,32,64
WH-00786,PLANNED,PORTFOLIO,23522,20,3.71,1.24,2.34,8.0,11.0,,0,1,LOW,LOW,0,0,1,0,RAPID,BEGINNER,BASIC,0,WEEKEND,0,0,0,1,4
WH-00787,LIVE_URL,SAAS,209799,857,11.11,158.69,225.34,82.96,100.0,80.7,1,1,HIGH,HIGH,0,0,0,0,STABLE,BEGINNER,99.5,0,BUSINESS_HOURS,0,0,1,16,32
WH-00788,LIVE_URL,INTERNAL_BUSINESS,678,6,6.58,0.66,1.01,29.75,17.1,65.2,1,0,LOW,MEDIUM,0,0,0,0,STABLE,BEGINNER,99.5,0,NORMAL,0,1,1,2,4
WH-00789,NEW_IDEA,PORTFOLIO,3845,44,3.02,2.21,7.49,8.0,10.0,,0,0,LOW,LOW,0,0,0,0,MEDIUM,INTERMEDIATE,99.9,0,SEASONAL,0,0,0,1,4
WH-00790,LIVE_URL,MARKETPLACE,136022,2420,17.09,689.3,1351.02,218.28,34.3,81.2,1,1,VERY_HIGH,HIGH,0,0,0,0,SLOW,INTERMEDIATE,99.95,1,EVENING,0,0,1,32,64
WH-00791,LIVE_URL,SAAS,231784,5401,23.44,2109.99,8566.56,642.96,133.4,71.9,1,1,HIGH,VERY_HIGH,1,1952,1,0,MEDIUM,BEGINNER,99.9,0,EVENT_DRIVEN,0,0,1,32,64
WH-00792,PLANNED,MARKETPLACE,60155,407,10.44,70.82,145.89,64.28,151.4,,0,0,HIGH,HIGH,0,0,1,1,MEDIUM,INTERMEDIATE,99.5,0,EVENING,0,0,1,8,16
WH-00793,LIVE_URL,MARKETPLACE,28692,601,18.16,181.9,307.42,153.25,300.2,67.6,1,0,HIGH,HIGH,0,0,1,0,MEDIUM,INTERMEDIATE,BASIC,0,BUSINESS_HOURS,0,0,1,16,32
WH-00794,LIVE_URL,API_SERVICE,552874,2164,19.73,711.6,2782.34,755.3,20.1,85.0,1,0,MEDIUM,VERY_HIGH,0,0,0,0,MEDIUM,INTERMEDIATE,99.9,0,EVENT_DRIVEN,1,1,0,32,64
WH-00795,LIVE_URL,SAAS,26460,56,12.11,11.3,45.66,36.01,261.4,63.7,1,0,VERY_HIGH,HIGH,0,0,1,0,MEDIUM,ADVANCED,99.5,0,EVENT_DRIVEN,0,0,1,4,16
WH-00796,LIVE_URL,MARKETPLACE,76605,1382,19.8,456.06,1559.73,177.78,136.9,72.5,1,1,HIGH,HIGH,0,0,0,1,SLOW,INTERMEDIATE,99.99,1,SEASONAL,1,1,0,32,64
WH-00797,NEW_IDEA,SAAS,1080240,3468,19.25,1112.65,2503.46,494.76,46.3,,0,0,HIGH,VERY_HIGH,1,1691,0,0,MEDIUM,INTERMEDIATE,99.99,1,SEASONAL,0,0,1,32,64
WH-00798,LIVE_URL,MARKETPLACE,46460,386,10.29,66.2,104.59,47.63,30.3,52.3,1,1,HIGH,VERY_HIGH,0,0,1,0,STABLE,BEGINNER,99.9,0,BUSINESS_HOURS,0,0,0,8,16
WH-00799,LIVE_URL,ECOMMERCE,254008,2048,15.22,519.51,1574.11,220.67,169.1,46.5,1,0,HIGH,HIGH,0,0,0,0,MEDIUM,INTERMEDIATE,99.9,0,EVENT_DRIVEN,0,1,1,32,64
WH-00800,PLANNED,SAAS,980662,5002,21.5,1792.38,2527.26,368.04,17.3,,0,0,HIGH,HIGH,0,0,1,0,RAPID,BEGINNER,99.95,1,NORMAL,0,1,1,32,64
WH-00801,LIVE_URL,CORPORATE,2098,19,3.65,1.16,4.05,9.88,62.0,79.9,1,0,LOW,LOW,0,0,1,0,SLOW,INTERMEDIATE,99.9,0,EVENT_DRIVEN,0,0,0,2,4
WH-00802,LIVE_URL,COMMUNITY,18092,54,4.97,4.47,6.44,12.9,174.7,61.3,1,0,MEDIUM,MEDIUM,0,0,0,1,STABLE,ADVANCED,99.9,0,NORMAL,0,0,0,1,8
WH-00803,NEW_IDEA,API_SERVICE,150223,967,32.6,525.4,935.22,149.62,206.7,,0,0,HIGH,VERY_HIGH,0,0,0,0,STABLE,ADVANCED,99.99,1,BUSINESS_HOURS,0,1,1,32,64
WH-00804,NEW_IDEA,SAAS,919865,6266,19.09,1993.63,4027.14,457.37,80.7,,0,0,VERY_HIGH,HIGH,1,5210,1,0,RAPID,BEGINNER,99.95,1,WEEKEND,0,1,1,32,64
WH-00805,PLANNED,EDUCATION,405384,148,4.95,12.21,14.29,11.9,70.4,,0,1,MEDIUM,MEDIUM,0,0,1,0,SLOW,INTERMEDIATE,99.9,0,NORMAL,0,0,0,2,8
WH-00806,PLANNED,CORPORATE,23235,14,2.67,0.62,1.84,15.88,39.1,,0,0,LOW,LOW,0,0,0,1,MEDIUM,BEGINNER,99.9,0,SEASONAL,0,0,0,2,4
WH-00807,LIVE_URL,API_SERVICE,369809,4842,10.89,878.82,1573.09,493.23,23.0,86.9,1,0,MEDIUM,VERY_HIGH,0,0,0,0,MEDIUM,ADVANCED,99.99,1,BUSINESS_HOURS,0,1,0,32,64
WH-00808,LIVE_URL,CORPORATE,116057,7,2.33,0.27,0.38,13.31,40.0,,0,1,LOW,LOW,0,0,0,0,MEDIUM,BEGINNER,99.9,0,NORMAL,0,0,0,2,4
WH-00809,NEW_IDEA,API_SERVICE,1083157,5897,28.04,2755.86,4795.2,889.03,93.3,,0,0,MEDIUM,VERY_HIGH,0,0,0,0,STABLE,BEGINNER,99.95,1,EVENING,0,0,1,32,64
WH-00810,LIVE_URL,SAAS,11658,36,7.56,4.54,5.72,28.49,198.8,78.8,1,0,HIGH,MEDIUM,1,20,1,0,SLOW,BEGINNER,BASIC,0,NORMAL,0,0,1,2,8
WH-00811,PLANNED,CORPORATE,21806,9,5.13,0.77,1.15,8.52,47.2,,0,0,LOW,LOW,0,0,0,1,SLOW,BEGINNER,99.5,0,BUSINESS_HOURS,0,0,1,2,4
WH-00812,LIVE_URL,ECOMMERCE,408899,65,17.05,18.47,25.31,73.26,241.4,49.6,1,0,HIGH,MEDIUM,0,0,0,0,MEDIUM,BEGINNER,99.95,1,NORMAL,0,0,0,2,8
WH-00813,PLANNED,BLOG,55469,8,4.46,0.59,0.78,11.69,17.8,,0,0,LOW,LOW,0,0,0,0,RAPID,INTERMEDIATE,99.9,0,BUSINESS_HOURS,0,0,1,2,4
WH-00814,PLANNED,NEWS,1177257,65,2.32,2.51,5.1,17.51,32.1,,0,0,LOW,LOW,0,0,1,0,RAPID,INTERMEDIATE,99.95,1,EVENING,0,1,0,2,4
WH-00815,NEW_IDEA,ECOMMERCE,23682,56,17.07,15.93,59.43,43.97,57.0,,0,1,MEDIUM,VERY_HIGH,0,0,1,0,SLOW,BEGINNER,99.9,0,EVENT_DRIVEN,0,0,0,4,8
WH-00816,PLANNED,BLOG,8323,10,4.7,0.78,1.39,19.67,45.5,,0,1,LOW,LOW,0,0,0,0,MEDIUM,INTERMEDIATE,99.5,0,EVENING,0,0,0,1,4
WH-00817,PLANNED,MEDIA_STREAMING,24577,609,6.93,70.34,106.21,49.1,335.8,,0,1,MEDIUM,HIGH,0,0,1,1,MEDIUM,INTERMEDIATE,99.9,0,EVENING,0,0,0,8,16
WH-00818,PLANNED,SAAS,256749,5872,21.98,2151.11,6410.31,775.98,62.6,,0,0,VERY_HIGH,HIGH,0,0,1,0,MEDIUM,BEGINNER,99.9,0,EVENT_DRIVEN,0,1,0,32,64
WH-00819,LIVE_URL,COMMUNITY,4068,8,10.69,1.43,1.74,29.65,111.2,73.3,1,1,HIGH,MEDIUM,0,0,1,1,MEDIUM,INTERMEDIATE,99.9,0,NORMAL,0,0,1,2,8
WH-00820,PLANNED,CORPORATE,9944,80,2.41,3.21,6.3,11.99,28.4,,0,0,LOW,LOW,0,0,0,0,RAPID,ADVANCED,99.95,1,BUSINESS_HOURS,0,0,0,2,4
WH-00821,NEW_IDEA,BLOG,19680,13,1.93,0.42,1.3,13.64,56.0,,0,1,LOW,MEDIUM,0,0,0,1,SLOW,INTERMEDIATE,BASIC,0,EVENT_DRIVEN,0,0,0,1,4
WH-00822,NEW_IDEA,BLOG,2861,42,2.94,2.06,2.84,8.19,14.9,,0,1,LOW,LOW,0,0,0,0,STABLE,ADVANCED,99.5,0,BUSINESS_HOURS,0,0,0,1,4
WH-00823,NEW_IDEA,COMMUNITY,70428,28,9.12,4.26,6.0,17.22,27.6,,0,0,MEDIUM,MEDIUM,0,0,0,0,MEDIUM,INTERMEDIATE,99.95,1,WEEKEND,0,0,1,2,4
WH-00824,PLANNED,BLOG,8570,85,4.88,6.91,12.93,19.87,12.0,,0,0,LOW,LOW,0,0,0,0,SLOW,ADVANCED,BASIC,0,WEEKEND,0,0,1,2,4
WH-00825,NEW_IDEA,API_SERVICE,895087,3385,27.63,1558.79,2696.71,800.53,11.0,,0,1,LOW,VERY_HIGH,1,999,1,0,MEDIUM,INTERMEDIATE,99.99,1,BUSINESS_HOURS,0,0,0,32,32
WH-00826,LIVE_URL,PORTFOLIO,14488,3,1.5,0.07,0.1,21.12,73.7,99.0,1,0,LOW,LOW,0,0,0,0,SLOW,ADVANCED,99.99,1,NORMAL,0,0,1,2,4
WH-00827,LIVE_URL,SAAS,1338432,887,18.21,269.2,1055.28,250.95,70.7,65.5,1,0,VERY_HIGH,HIGH,0,0,1,0,STABLE,ADVANCED,99.99,1,EVENT_DRIVEN,0,0,0,32,64
WH-00828,PLANNED,EDUCATION,180929,189,7.12,22.43,32.3,35.41,28.0,,0,0,LOW,MEDIUM,0,0,0,0,MEDIUM,INTERMEDIATE,99.9,0,EVENING,0,0,0,2,4
WH-00829,PLANNED,MARKETPLACE,1124942,51,7.29,6.2,8.55,45.14,216.2,,0,0,VERY_HIGH,MEDIUM,0,0,1,0,MEDIUM,INTERMEDIATE,99.99,1,NORMAL,0,0,0,2,16
WH-00830,LIVE_URL,SAAS,872700,6099,17.72,1801.24,2305.58,344.69,59.5,74.2,1,0,HIGH,VERY_HIGH,0,0,0,0,RAPID,INTERMEDIATE,99.95,1,NORMAL,0,1,0,32,64
WH-00831,LIVE_URL,SAAS,1495506,4547,9.16,694.18,923.25,158.3,326.5,61.9,1,1,VERY_HIGH,HIGH,0,0,0,0,RAPID,ADVANCED,99.95,1,NORMAL,0,1,0,32,64
WH-00832,PLANNED,SAAS,636960,3644,23.81,1446.06,3181.33,269.01,19.3,,0,1,MEDIUM,HIGH,0,0,0,0,MEDIUM,BEGINNER,99.95,1,SEASONAL,0,0,0,32,64
WH-00833,LIVE_URL,ECOMMERCE,617494,177,14.59,43.04,70.16,44.5,118.1,64.8,1,0,HIGH,VERY_HIGH,0,0,1,0,SLOW,INTERMEDIATE,99.99,1,EVENING,0,0,0,8,16
WH-00834,NEW_IDEA,ECOMMERCE,10997,85,17.65,25.0,33.26,18.3,23.4,,0,1,MEDIUM,HIGH,0,0,1,0,MEDIUM,INTERMEDIATE,99.95,1,NORMAL,0,0,0,2,8
WH-00835,PLANNED,MARKETPLACE,869277,3261,12.59,684.27,2442.83,225.94,42.9,,0,1,HIGH,VERY_HIGH,0,0,0,0,MEDIUM,INTERMEDIATE,BASIC,0,EVENT_DRIVEN,0,0,1,32,64
WH-00836,PLANNED,PORTFOLIO,2617,8,4.0,0.53,0.96,13.71,76.8,,0,1,LOW,LOW,0,0,0,0,SLOW,INTERMEDIATE,99.9,0,SEASONAL,0,0,1,2,4
WH-00837,LIVE_URL,MEDIA_STREAMING,557282,108,2.06,3.71,5.04,20.17,70.8,87.3,1,1,MEDIUM,MEDIUM,0,0,0,1,STABLE,BEGINNER,99.9,0,NORMAL,0,0,0,2,8
WH-00838,NEW_IDEA,SAAS,334914,270,17.13,77.08,127.19,98.25,95.8,,0,0,HIGH,HIGH,0,0,0,0,STABLE,ADVANCED,99.99,1,EVENING,0,0,1,8,16
WH-00839,PLANNED,SAAS,80723,108,5.04,9.07,16.33,10.07,42.6,,0,1,HIGH,HIGH,0,0,0,0,MEDIUM,ADVANCED,BASIC,0,EVENING,0,0,0,1,8
WH-00840,LIVE_URL,PORTFOLIO,1306,4,1.7,0.11,0.24,12.49,29.9,66.7,1,0,LOW,LOW,0,0,0,0,STABLE,INTERMEDIATE,99.9,0,SEASONAL,0,0,1,1,2
WH-00841,LIVE_URL,API_SERVICE,208777,39,8.43,5.48,9.32,69.13,18.9,75.9,1,0,MEDIUM,VERY_HIGH,0,0,0,0,RAPID,INTERMEDIATE,99.95,1,EVENING,0,0,0,2,8
WH-00842,PLANNED,API_SERVICE,1173542,3772,21.48,1350.38,1782.5,351.53,65.7,,0,0,MEDIUM,HIGH,0,0,1,0,STABLE,ADVANCED,99.9,0,EVENING,0,0,1,32,64
WH-00843,LIVE_URL,NEWS,590839,1357,4.9,110.82,299.22,226.27,13.8,94.7,1,1,MEDIUM,MEDIUM,0,0,0,0,SLOW,BEGINNER,99.95,1,EVENT_DRIVEN,0,0,0,8,16
WH-00844,PLANNED,MARKETPLACE,772812,3152,13.91,730.74,1980.3,296.31,100.2,,0,0,HIGH,HIGH,1,2526,1,0,SLOW,INTERMEDIATE,99.9,0,SEASONAL,0,0,1,32,64
WH-00845,PLANNED,BLOG,21382,9,2.97,0.45,0.63,12.62,13.9,,0,1,LOW,LOW,0,0,0,0,MEDIUM,BEGINNER,99.9,0,BUSINESS_HOURS,0,0,1,2,4
WH-00846,PLANNED,SAAS,784245,178,22.58,66.99,93.11,24.14,47.5,,0,1,HIGH,HIGH,1,140,0,0,MEDIUM,INTERMEDIATE,99.9,0,NORMAL,0,0,0,8,16
WH-00847,PLANNED,API_SERVICE,602370,5359,20.76,1854.21,4895.12,946.7,74.5,,0,1,MEDIUM,VERY_HIGH,0,0,1,0,STABLE,ADVANCED,BASIC,0,EVENT_DRIVEN,0,0,0,32,64
WH-00848,PLANNED,ECOMMERCE,51462,504,6.54,54.94,74.16,88.55,743.8,,0,1,VERY_HIGH,HIGH,0,0,0,1,SLOW,ADVANCED,99.9,0,WEEKEND,0,0,1,4,16
WH-00849,PLANNED,COMMUNITY,52143,101,5.53,9.31,23.37,57.58,460.3,,0,0,MEDIUM,MEDIUM,0,0,0,1,MEDIUM,BEGINNER,99.95,1,EVENT_DRIVEN,0,1,1,4,8
WH-00850,PLANNED,SAAS,556744,913,14.69,223.53,362.12,80.95,22.2,,0,1,HIGH,HIGH,0,0,0,0,RAPID,ADVANCED,99.9,0,EVENING,0,0,1,32,64
WH-00851,LIVE_URL,SAAS,536838,3483,19.6,1137.78,3902.59,1219.73,226.1,78.1,1,0,VERY_HIGH,HIGH,0,0,1,0,MEDIUM,INTERMEDIATE,99.95,1,EVENT_DRIVEN,0,0,0,32,64
WH-00852,PLANNED,SAAS,77125,332,11.86,65.63,112.88,22.5,21.9,,0,1,MEDIUM,VERY_HIGH,0,0,0,0,RAPID,INTERMEDIATE,99.9,0,EVENING,0,0,0,8,16
WH-00853,NEW_IDEA,SAAS,361646,4754,17.02,1348.55,4571.59,750.55,1244.4,,0,0,VERY_HIGH,HIGH,0,0,1,1,RAPID,BEGINNER,99.9,0,SEASONAL,0,1,1,32,64
WH-00854,LIVE_URL,API_SERVICE,367895,6089,32.12,3259.64,11082.79,2945.84,29.4,99.0,1,0,MEDIUM,VERY_HIGH,0,0,0,0,SLOW,INTERMEDIATE,99.9,0,SEASONAL,0,1,1,32,64
WH-00855,LIVE_URL,API_SERVICE,194001,3811,16.18,1027.7,1603.21,518.35,18.9,58.4,1,0,MEDIUM,VERY_HIGH,1,1926,0,0,MEDIUM,INTERMEDIATE,99.9,0,BUSINESS_HOURS,1,1,1,32,64
WH-00856,LIVE_URL,ECOMMERCE,23821,186,9.79,30.35,84.07,52.56,162.9,64.4,1,0,HIGH,VERY_HIGH,0,0,0,0,SLOW,BEGINNER,99.9,0,SEASONAL,0,0,1,4,8
WH-00857,NEW_IDEA,SAAS,204353,5770,21.75,2091.62,2698.2,486.34,32.1,,0,1,MEDIUM,HIGH,0,0,0,0,MEDIUM,INTERMEDIATE,99.9,0,NORMAL,0,0,0,32,64
WH-00858,PLANNED,INTERNAL_BUSINESS,289,2,5.37,0.18,0.62,22.24,14.5,,0,1,MEDIUM,MEDIUM,0,0,0,0,STABLE,BEGINNER,99.9,0,SEASONAL,0,0,1,2,4
WH-00859,PLANNED,NEWS,65924,632,3.66,38.55,47.8,25.95,23.0,,0,0,MEDIUM,MEDIUM,0,0,0,0,STABLE,INTERMEDIATE,99.9,0,NORMAL,0,0,1,2,8
WH-00860,PLANNED,COMMUNITY,223462,2197,13.91,509.34,1966.04,303.18,13.3,,0,1,MEDIUM,LOW,1,506,0,0,SLOW,ADVANCED,99.9,0,EVENT_DRIVEN,0,0,1,32,64
WH-00861,LIVE_URL,COMMUNITY,31775,886,8.58,126.7,281.27,82.02,13.0,64.9,1,1,LOW,MEDIUM,1,691,0,0,RAPID,ADVANCED,99.9,0,EVENT_DRIVEN,0,0,1,8,8
WH-00862,PLANNED,COMMUNITY,3757,68,5.21,5.9,14.35,8.0,31.4,,0,1,MEDIUM,HIGH,1,33,0,0,RAPID,BEGINNER,99.9,0,SEASONAL,0,0,0,1,4
WH-00863,LIVE_URL,SAAS,1047441,2274,10.24,388.1,582.14,92.37,219.4,58.8,1,1,HIGH,HIGH,0,0,1,1,MEDIUM,BEGINNER,99.9,0,NORMAL,0,0,1,32,64
WH-00864,LIVE_URL,CORPORATE,10744,6,3.28,0.33,0.48,17.46,76.9,69.6,1,0,LOW,LOW,0,0,0,0,SLOW,ADVANCED,99.95,1,NORMAL,0,0,0,2,4
WH-00865,PLANNED,CORPORATE,104403,57,4.01,3.81,6.78,18.06,84.3,,0,0,LOW,LOW,0,0,0,1,STABLE,INTERMEDIATE,99.5,0,BUSINESS_HOURS,0,0,0,2,4
WH-00866,PLANNED,SAAS,418735,3384,8.92,503.09,719.42,251.97,66.5,,0,0,HIGH,HIGH,1,2571,0,0,RAPID,INTERMEDIATE,99.9,0,NORMAL,0,1,0,32,64
WH-00867,NEW_IDEA,BLOG,20163,34,4.17,2.36,3.07,10.64,134.0,,0,1,LOW,LOW,0,0,0,1,MEDIUM,ADVANCED,99.9,0,BUSINESS_HOURS,0,0,0,2,4
WH-00868,PLANNED,ECOMMERCE,101930,376,9.11,57.09,102.76,32.11,104.6,,0,1,VERY_HIGH,HIGH,0,0,0,0,STABLE,ADVANCED,99.5,0,SEASONAL,0,0,0,8,16
WH-00869,LIVE_URL,PORTFOLIO,8812,4,3.02,0.2,0.35,28.5,42.1,66.7,1,1,LOW,MEDIUM,0,0,0,0,STABLE,BEGINNER,BASIC,0,BUSINESS_HOURS,0,0,1,2,4
WH-00870,LIVE_URL,MARKETPLACE,913321,5477,18.57,1695.13,2610.5,104.68,31.0,56.0,1,1,HIGH,HIGH,1,4277,1,0,RAPID,ADVANCED,99.9,0,EVENING,0,0,0,32,64
WH-00871,NEW_IDEA,CORPORATE,49193,6,3.12,0.31,0.37,12.41,118.6,,0,0,LOW,LOW,0,0,1,1,MEDIUM,INTERMEDIATE,99.9,0,NORMAL,0,0,0,2,4
WH-00872,PLANNED,BLOG,2004,15,4.2,1.05,1.38,11.66,25.4,,0,0,LOW,LOW,0,0,0,0,SLOW,INTERMEDIATE,99.5,0,NORMAL,0,0,0,1,4
WH-00873,PLANNED,NEWS,33934,294,7.3,35.77,137.0,39.55,28.2,,0,0,HIGH,MEDIUM,0,0,0,0,MEDIUM,INTERMEDIATE,99.5,0,EVENT_DRIVEN,0,0,0,4,8
WH-00874,LIVE_URL,PORTFOLIO,1794,13,2.83,0.61,1.61,31.55,68.4,91.3,1,1,LOW,MEDIUM,0,0,0,0,MEDIUM,INTERMEDIATE,99.9,0,SEASONAL,0,0,1,1,4
WH-00875,LIVE_URL,COMMUNITY,347374,149,9.73,24.16,29.24,28.04,11.0,67.8,1,0,LOW,MEDIUM,1,53,1,0,RAPID,INTERMEDIATE,99.9,0,NORMAL,0,1,0,2,4
WH-00876,NEW_IDEA,BLOG,60910,21,2.06,0.72,0.96,32.82,28.5,,0,0,LOW,MEDIUM,0,0,1,0,RAPID,INTERMEDIATE,99.9,0,BUSINESS_HOURS,0,0,0,2,4
WH-00877,PLANNED,PORTFOLIO,6757,2,2.34,0.08,0.21,32.2,74.9,,0,1,LOW,LOW,0,0,0,0,MEDIUM,ADVANCED,99.9,0,SEASONAL,0,0,0,2,4
WH-00878,LIVE_URL,SAAS,10267,46,14.04,10.76,18.94,16.15,22.7,72.6,1,0,HIGH,HIGH,0,0,1,0,MEDIUM,INTERMEDIATE,BASIC,0,BUSINESS_HOURS,0,0,0,2,8
WH-00879,NEW_IDEA,SAAS,7171,123,10.37,21.26,44.22,34.83,73.2,,0,1,HIGH,HIGH,1,37,1,0,MEDIUM,INTERMEDIATE,BASIC,0,WEEKEND,0,0,1,4,8
WH-00880,LIVE_URL,API_SERVICE,949024,2087,28.01,974.28,3068.99,231.03,113.2,79.5,1,0,LOW,HIGH,0,0,0,1,SLOW,BEGINNER,99.9,0,EVENT_DRIVEN,0,0,0,32,32
WH-00881,PLANNED,SAAS,1734194,4521,15.28,1151.35,1508.27,730.98,139.7,,0,0,HIGH,HIGH,0,0,1,0,MEDIUM,INTERMEDIATE,99.9,0,EVENING,1,0,0,32,64
WH-00882,LIVE_URL,ECOMMERCE,15367,156,17.73,46.1,53.47,26.59,95.4,69.5,1,0,HIGH,HIGH,0,0,0,0,MEDIUM,ADVANCED,99.99,1,NORMAL,0,0,0,4,8
WH-00883,LIVE_URL,BLOG,2048,30,3.87,1.94,3.79,15.45,17.0,89.6,1,0,LOW,LOW,0,0,1,0,MEDIUM,BEGINNER,99.9,0,WEEKEND,0,0,0,2,4
WH-00884,LIVE_URL,CORPORATE,9932,26,4.16,1.8,2.4,26.54,84.2,99.0,1,0,LOW,LOW,1,7,0,1,STABLE,INTERMEDIATE,99.5,0,NORMAL,0,0,0,1,4
WH-00885,LIVE_URL,API_SERVICE,327025,4819,18.84,1513.17,4025.02,694.18,30.7,87.2,1,1,LOW,HIGH,0,0,0,0,STABLE,INTERMEDIATE,99.99,1,SEASONAL,1,1,0,32,32
WH-00886,PLANNED,CORPORATE,2488,11,2.08,0.38,0.73,22.28,24.5,,0,1,LOW,LOW,0,0,1,0,SLOW,INTERMEDIATE,BASIC,0,BUSINESS_HOURS,0,0,0,2,4
WH-00887,LIVE_URL,PORTFOLIO,577,8,1.48,0.2,0.27,8.0,29.0,,0,1,LOW,LOW,0,0,0,0,SLOW,BEGINNER,99.95,1,WEEKEND,0,0,1,2,4
WH-00888,LIVE_URL,API_SERVICE,101499,572,10.75,102.48,158.85,67.58,83.6,65.0,1,0,HIGH,VERY_HIGH,0,0,1,0,STABLE,BEGINNER,99.9,0,BUSINESS_HOURS,0,0,1,16,32
WH-00889,PLANNED,CORPORATE,116925,50,2.09,1.74,3.76,12.93,12.3,,0,0,LOW,LOW,0,0,0,0,STABLE,ADVANCED,99.9,0,WEEKEND,0,0,0,1,4
WH-00890,PLANNED,SAAS,528150,1439,13.23,317.3,482.3,167.51,255.4,,0,1,HIGH,HIGH,0,0,0,0,MEDIUM,BEGINNER,99.9,0,BUSINESS_HOURS,0,0,1,32,64
WH-00891,NEW_IDEA,CORPORATE,2739,10,5.67,0.95,2.5,16.39,55.8,,0,1,LOW,LOW,0,0,1,0,SLOW,BEGINNER,99.95,1,SEASONAL,0,0,0,2,4
WH-00892,LIVE_URL,SAAS,941444,141,5.92,13.91,33.11,59.81,22.8,61.5,1,0,HIGH,HIGH,0,0,1,0,SLOW,INTERMEDIATE,99.9,0,SEASONAL,0,0,1,2,8
WH-00893,NEW_IDEA,INTERNAL_BUSINESS,24120,35,2.33,1.36,2.08,26.68,132.5,,0,0,HIGH,LOW,0,0,0,0,MEDIUM,ADVANCED,99.9,0,BUSINESS_HOURS,0,0,1,1,8
WH-00894,NEW_IDEA,MARKETPLACE,16987,399,17.79,118.3,214.13,170.54,165.3,,0,0,HIGH,HIGH,1,261,1,0,MEDIUM,ADVANCED,99.99,1,BUSINESS_HOURS,0,0,1,16,32
WH-00895,NEW_IDEA,INTERNAL_BUSINESS,910,22,8.63,3.16,5.66,19.01,105.9,,0,0,MEDIUM,MEDIUM,0,0,0,0,MEDIUM,BEGINNER,99.99,1,BUSINESS_HOURS,0,0,0,2,8
WH-00896,PLANNED,SAAS,1012934,5917,12.13,1196.22,1770.41,222.37,261.5,,0,0,HIGH,HIGH,0,0,0,0,RAPID,INTERMEDIATE,BASIC,0,NORMAL,0,1,1,32,64
WH-00897,LIVE_URL,COMMUNITY,221623,102,6.27,10.66,14.82,13.42,40.0,79.3,1,0,MEDIUM,LOW,0,0,0,1,MEDIUM,BEGINNER,99.95,1,NORMAL,0,0,0,2,8
WH-00898,PLANNED,NEWS,120965,77,8.02,10.29,12.87,17.97,131.8,,0,0,MEDIUM,MEDIUM,0,0,0,1,MEDIUM,INTERMEDIATE,99.95,1,WEEKEND,0,0,1,2,8
WH-00899,LIVE_URL,SAAS,24738,43,15.0,10.75,24.4,19.72,136.0,76.3,1,0,HIGH,HIGH,0,0,0,0,RAPID,ADVANCED,BASIC,0,SEASONAL,0,1,1,2,8
WH-00900,PLANNED,PORTFOLIO,642,10,3.7,0.62,0.91,12.83,33.6,,0,0,LOW,MEDIUM,0,0,0,0,SLOW,ADVANCED,99.9,0,NORMAL,0,0,1,1,4
WH-00901,PLANNED,BLOG,15440,10,4.07,0.68,1.04,23.55,10.0,,0,0,LOW,LOW,0,0,0,0,SLOW,INTERMEDIATE,99.5,0,NORMAL,0,0,0,1,4
WH-00902,LIVE_URL,CORPORATE,5914,38,3.32,2.1,5.82,16.9,52.6,90.8,1,0,LOW,LOW,0,0,1,0,MEDIUM,INTERMEDIATE,BASIC,0,SEASONAL,0,0,1,1,4
WH-00903,LIVE_URL,SAAS,36921,582,19.51,189.25,251.7,71.51,18.6,63.0,1,1,MEDIUM,HIGH,0,0,1,0,SLOW,BEGINNER,99.99,1,NORMAL,1,0,0,16,32
WH-00904,LIVE_URL,NEWS,139585,255,2.21,9.39,32.31,38.67,102.5,86.9,1,1,MEDIUM,MEDIUM,0,0,0,0,SLOW,BEGINNER,99.9,0,EVENT_DRIVEN,0,0,0,1,4
WH-00905,NEW_IDEA,MARKETPLACE,142944,941,11.08,173.77,644.69,112.81,238.0,,0,0,HIGH,HIGH,0,0,1,0,RAPID,BEGINNER,99.95,1,EVENT_DRIVEN,0,1,1,32,64
WH-00906,LIVE_URL,SAAS,7581,17,21.28,6.03,9.89,29.67,95.9,55.9,1,0,HIGH,HIGH,1,6,0,0,RAPID,ADVANCED,99.5,0,BUSINESS_HOURS,0,0,1,2,8
WH-00907,NEW_IDEA,ECOMMERCE,28570,618,14.6,150.38,219.55,33.7,40.6,,0,0,HIGH,HIGH,0,0,1,0,STABLE,BEGINNER,99.9,0,NORMAL,0,0,1,16,32
WH-00908,PLANNED,COMMUNITY,504933,24,5.54,2.22,3.97,54.1,127.4,,0,0,MEDIUM,MEDIUM,0,0,0,1,RAPID,BEGINNER,99.5,0,EVENING,0,0,1,1,8
WH-00909,PLANNED,ECOMMERCE,26066,94,7.08,11.09,16.86,34.88,20.3,,0,0,HIGH,HIGH,0,0,1,0,MEDIUM,BEGINNER,99.9,0,NORMAL,0,0,1,2,8
WH-00910,NEW_IDEA,CORPORATE,4811,15,5.16,1.29,2.46,19.84,58.5,,0,0,LOW,LOW,0,0,0,0,MEDIUM,BEGINNER,99.9,0,EVENING,0,0,0,1,4
WH-00911,LIVE_URL,BLOG,4186,84,4.32,6.05,8.71,21.68,51.9,81.3,1,1,LOW,MEDIUM,0,0,1,0,MEDIUM,INTERMEDIATE,99.9,0,NORMAL,0,0,0,1,4
WH-00912,PLANNED,CORPORATE,14172,18,1.98,0.59,0.89,16.9,20.7,,0,1,LOW,LOW,0,0,0,0,SLOW,BEGINNER,99.99,1,NORMAL,0,0,0,2,4
WH-00913,NEW_IDEA,PORTFOLIO,26044,26,3.82,1.66,2.22,30.83,10.8,,0,1,LOW,LOW,0,0,0,0,MEDIUM,INTERMEDIATE,99.9,0,NORMAL,0,0,0,1,4
WH-00914,NEW_IDEA,ECOMMERCE,27795,133,7.8,17.29,24.55,30.22,65.1,,0,1,HIGH,HIGH,0,0,1,0,MEDIUM,INTERMEDIATE,99.9,0,NORMAL,0,1,1,2,8
WH-00915,NEW_IDEA,ECOMMERCE,148997,512,11.05,94.29,292.31,61.05,168.5,,0,0,VERY_HIGH,MEDIUM,0,0,1,1,SLOW,BEGINNER,99.9,0,EVENT_DRIVEN,0,0,1,16,32
WH-00916,PLANNED,NEWS,44104,56,4.42,4.13,5.03,17.15,27.8,,0,1,HIGH,MEDIUM,0,0,1,0,RAPID,INTERMEDIATE,99.9,0,NORMAL,0,1,1,2,8
WH-00917,PLANNED,MARKETPLACE,976392,2174,13.9,503.64,1606.62,191.99,35.6,,0,1,HIGH,HIGH,0,0,1,0,SLOW,INTERMEDIATE,99.95,1,EVENT_DRIVEN,0,1,0,32,64
WH-00918,LIVE_URL,CORPORATE,2705,6,4.5,0.45,0.64,26.33,12.9,76.6,1,1,LOW,LOW,0,0,0,0,SLOW,INTERMEDIATE,99.5,0,BUSINESS_HOURS,0,0,0,2,4
WH-00919,PLANNED,ECOMMERCE,866301,33,15.41,8.48,10.0,19.53,81.2,,0,0,MEDIUM,HIGH,0,0,0,0,STABLE,BEGINNER,99.5,0,NORMAL,0,1,1,2,8
WH-00920,NEW_IDEA,PORTFOLIO,11214,6,2.78,0.28,0.43,27.2,129.4,,0,0,LOW,LOW,0,0,0,1,RAPID,ADVANCED,99.9,0,WEEKEND,0,0,0,1,4
WH-00921,NEW_IDEA,ECOMMERCE,348402,72,5.13,6.16,21.92,20.63,142.3,,0,0,HIGH,HIGH,0,0,0,0,RAPID,BEGINNER,99.99,1,EVENT_DRIVEN,0,0,1,2,8
WH-00922,NEW_IDEA,COMMUNITY,15888,42,7.47,5.23,10.35,8.97,21.6,,0,0,MEDIUM,HIGH,0,0,0,0,SLOW,INTERMEDIATE,99.9,0,BUSINESS_HOURS,0,0,0,2,8
WH-00923,LIVE_URL,NEWS,744338,224,6.0,22.4,60.48,15.94,13.9,97.3,1,1,MEDIUM,MEDIUM,0,0,0,0,MEDIUM,BEGINNER,99.95,1,EVENT_DRIVEN,0,0,1,2,8
WH-00924,PLANNED,SAAS,481267,81,12.61,17.02,52.77,55.08,50.4,,0,1,HIGH,VERY_HIGH,0,0,0,0,MEDIUM,BEGINNER,99.95,1,SEASONAL,0,0,1,4,8
WH-00925,LIVE_URL,PORTFOLIO,6179,10,3.38,0.56,0.84,19.73,30.1,73.2,1,0,LOW,LOW,0,0,0,0,MEDIUM,BEGINNER,99.99,1,NORMAL,0,0,1,2,4
WH-00926,PLANNED,ECOMMERCE,131147,825,15.8,217.25,380.19,150.87,562.3,,0,1,HIGH,HIGH,0,0,1,1,MEDIUM,INTERMEDIATE,99.9,0,WEEKEND,0,0,1,16,32
WH-00927,PLANNED,ECOMMERCE,126150,2323,14.55,563.33,1763.22,167.69,69.3,,0,0,HIGH,HIGH,0,0,0,0,STABLE,INTERMEDIATE,99.5,0,EVENT_DRIVEN,1,1,1,32,64
WH-00928,PLANNED,SAAS,187932,2311,19.51,751.46,2637.63,970.43,24.7,,0,1,MEDIUM,HIGH,0,0,0,0,MEDIUM,BEGINNER,99.9,0,EVENT_DRIVEN,0,1,1,32,64
WH-00929,NEW_IDEA,PORTFOLIO,6107,22,1.13,0.41,0.54,18.12,10.0,,0,0,LOW,LOW,0,0,1,0,RAPID,BEGINNER,99.9,0,BUSINESS_HOURS,0,0,0,2,4
WH-00930,LIVE_URL,NEWS,924971,54,6.19,5.57,13.93,59.79,47.3,62.9,1,1,MEDIUM,MEDIUM,1,39,0,0,SLOW,BEGINNER,99.9,0,EVENT_DRIVEN,0,0,1,1,4
WH-00931,PLANNED,ECOMMERCE,27699,779,17.26,224.09,304.77,35.0,80.6,,0,0,HIGH,HIGH,0,0,1,1,RAPID,ADVANCED,99.95,1,EVENING,0,1,1,16,32
WH-00932,LIVE_URL,API_SERVICE,313503,4187,34.2,2386.59,9450.9,4009.3,34.8,93.3,1,1,MEDIUM,VERY_HIGH,0,0,1,0,MEDIUM,ADVANCED,99.95,1,EVENT_DRIVEN,0,0,0,32,64
WH-00933,LIVE_URL,CORPORATE,27050,73,3.65,4.44,5.33,39.05,12.3,57.9,1,0,LOW,LOW,0,0,0,0,STABLE,INTERMEDIATE,99.9,0,NORMAL,0,0,0,1,4
WH-00934,NEW_IDEA,EDUCATION,4349,107,5.84,10.41,15.21,25.34,39.2,,0,1,MEDIUM,MEDIUM,0,0,1,0,RAPID,INTERMEDIATE,99.95,1,BUSINESS_HOURS,0,0,1,2,8
WH-00935,NEW_IDEA,ECOMMERCE,69119,1921,17.79,569.58,2061.87,132.36,37.1,,0,0,VERY_HIGH,HIGH,0,0,0,0,STABLE,ADVANCED,99.9,0,EVENT_DRIVEN,0,1,1,32,64
WH-00936,LIVE_URL,CORPORATE,2494,12,5.01,1.0,1.59,39.51,10.0,79.2,1,1,LOW,LOW,0,0,0,0,RAPID,INTERMEDIATE,99.9,0,BUSINESS_HOURS,0,0,0,2,4
WH-00937,NEW_IDEA,MARKETPLACE,612682,74,8.28,10.21,18.48,25.24,72.6,,0,1,VERY_HIGH,VERY_HIGH,0,0,0,0,SLOW,INTERMEDIATE,99.9,0,WEEKEND,0,0,0,2,16
WH-00938,LIVE_URL,API_SERVICE,15247,313,15.12,78.88,116.74,14.85,46.7,88.5,1,1,HIGH,HIGH,0,0,1,0,SLOW,BEGINNER,99.9,0,NORMAL,0,0,1,8,16
WH-00939,LIVE_URL,EDUCATION,27897,175,7.99,23.3,64.55,9.89,10.6,82.3,1,1,LOW,HIGH,0,0,0,0,RAPID,ADVANCED,99.9,0,SEASONAL,0,0,0,2,4
WH-00940,NEW_IDEA,CORPORATE,18530,91,3.02,4.58,5.54,19.32,26.4,,0,0,LOW,LOW,0,0,1,0,SLOW,INTERMEDIATE,99.99,1,NORMAL,0,0,1,2,4
WH-00941,PLANNED,ECOMMERCE,124043,230,8.46,32.43,39.24,42.45,203.7,,0,0,HIGH,HIGH,1,120,1,0,SLOW,INTERMEDIATE,99.9,0,NORMAL,0,0,1,4,8
WH-00942,LIVE_URL,SAAS,231291,1681,15.53,435.1,1057.29,233.22,68.8,51.3,1,0,HIGH,HIGH,0,0,1,0,RAPID,ADVANCED,99.95,1,SEASONAL,0,0,0,32,64
WH-00943,PLANNED,SAAS,1300258,34,9.02,5.11,10.53,9.8,32.8,,0,1,HIGH,HIGH,1,20,0,0,MEDIUM,INTERMEDIATE,99.9,0,EVENING,0,0,1,2,8
WH-00944,LIVE_URL,CORPORATE,80467,114,2.67,5.07,7.36,10.1,42.2,77.9,1,1,LOW,LOW,0,0,0,0,SLOW,INTERMEDIATE,99.95,1,NORMAL,0,0,1,2,4
WH-00945,LIVE_URL,CORPORATE,4445,6,4.06,0.41,0.78,8.0,10.0,74.8,1,0,LOW,LOW,0,0,0,0,SLOW,INTERMEDIATE,99.9,0,BUSINESS_HOURS,0,0,1,1,4
WH-00946,LIVE_URL,SAAS,1647273,3069,12.71,650.12,2067.37,328.9,93.6,80.5,1,1,HIGH,HIGH,1,1128,1,0,MEDIUM,ADVANCED,99.9,0,SEASONAL,1,0,1,32,64
WH-00947,LIVE_URL,MARKETPLACE,200673,3410,6.45,366.57,1092.39,347.92,51.1,80.1,1,0,MEDIUM,MEDIUM,0,0,0,0,MEDIUM,INTERMEDIATE,99.5,0,EVENT_DRIVEN,0,0,0,32,64
WH-00948,NEW_IDEA,CORPORATE,13145,177,4.73,13.95,23.58,10.48,14.6,,0,0,LOW,LOW,0,0,0,0,MEDIUM,ADVANCED,99.99,1,EVENING,0,0,0,2,4
WH-00949,NEW_IDEA,INTERNAL_BUSINESS,785,3,8.38,0.42,0.54,17.19,62.5,,0,1,HIGH,MEDIUM,0,0,0,0,STABLE,ADVANCED,99.9,0,NORMAL,0,0,0,2,8
WH-00950,PLANNED,API_SERVICE,866758,5979,26.73,2663.64,3169.74,596.7,68.7,,0,1,LOW,HIGH,0,0,0,1,SLOW,ADVANCED,99.99,1,NORMAL,0,0,0,32,32
WH-00951,LIVE_URL,COMMUNITY,53734,66,9.15,10.06,15.8,12.95,20.1,,0,0,LOW,HIGH,0,0,0,0,RAPID,INTERMEDIATE,BASIC,0,EVENING,0,0,0,2,4
WH-00952,LIVE_URL,NEWS,30528,241,7.68,30.85,42.88,38.46,36.3,74.9,1,0,HIGH,HIGH,0,0,0,0,SLOW,BEGINNER,99.9,0,NORMAL,0,0,1,2,8
WH-00953,PLANNED,SAAS,233739,397,6.67,44.13,75.03,33.56,300.0,,0,0,VERY_HIGH,HIGH,0,0,0,0,SLOW,INTERMEDIATE,99.5,0,BUSINESS_HOURS,0,1,1,4,16
WH-00954,LIVE_URL,NEWS,773512,259,3.42,14.76,54.03,34.44,15.4,78.5,1,0,MEDIUM,MEDIUM,0,0,0,0,MEDIUM,BEGINNER,99.99,1,EVENT_DRIVEN,0,0,1,2,8
WH-00955,PLANNED,SAAS,1196171,40,21.87,14.58,18.66,10.8,196.7,,0,1,MEDIUM,MEDIUM,0,0,0,1,MEDIUM,ADVANCED,99.9,0,NORMAL,0,0,1,1,8
WH-00956,LIVE_URL,PORTFOLIO,4837,8,3.66,0.49,0.78,8.0,10.0,83.3,1,1,LOW,MEDIUM,0,0,0,0,RAPID,ADVANCED,99.95,1,BUSINESS_HOURS,0,0,0,2,4
WH-00957,LIVE_URL,SAAS,836685,4693,8.53,667.19,2688.77,355.63,69.5,81.9,1,0,MEDIUM,HIGH,0,0,0,0,STABLE,INTERMEDIATE,99.99,1,EVENT_DRIVEN,0,1,1,32,64
WH-00958,NEW_IDEA,CORPORATE,83296,18,2.16,0.65,1.36,23.53,10.4,,0,0,LOW,LOW,0,0,0,0,STABLE,BEGINNER,99.9,0,WEEKEND,0,0,0,1,4
WH-00959,LIVE_URL,SAAS,1213578,6754,23.6,2656.57,7252.45,435.08,40.2,63.1,1,0,HIGH,HIGH,1,5542,0,0,STABLE,BEGINNER,99.95,1,SEASONAL,0,1,1,32,64
WH-00960,PLANNED,MARKETPLACE,20501,411,10.76,73.71,174.68,31.34,214.6,,0,1,VERY_HIGH,VERY_HIGH,1,339,0,0,MEDIUM,BEGINNER,99.9,0,EVENT_DRIVEN,0,0,1,16,32
WH-00961,LIVE_URL,NEWS,1008551,2798,6.98,325.5,475.23,145.93,417.3,77.7,1,1,MEDIUM,LOW,0,0,0,1,STABLE,ADVANCED,99.5,0,EVENING,0,0,1,16,32
WH-00962,LIVE_URL,SAAS,148367,67,23.02,25.71,82.26,19.56,121.1,74.1,1,0,VERY_HIGH,HIGH,0,0,1,0,STABLE,BEGINNER,99.95,1,SEASONAL,0,0,1,8,16
WH-00963,PLANNED,BLOG,10367,5,2.0,0.17,0.43,10.83,12.7,,0,0,LOW,LOW,0,0,0,0,SLOW,BEGINNER,BASIC,0,SEASONAL,0,0,0,2,4
WH-00964,LIVE_URL,NEWS,119509,742,8.63,106.72,136.61,27.28,200.0,45.7,1,1,LOW,MEDIUM,0,0,0,1,RAPID,INTERMEDIATE,99.5,0,NORMAL,0,0,0,4,8
WH-00965,NEW_IDEA,ECOMMERCE,275610,868,10.04,145.25,180.1,83.67,62.0,,0,0,HIGH,HIGH,0,0,1,0,MEDIUM,INTERMEDIATE,99.9,0,NORMAL,0,0,1,8,16
WH-00966,PLANNED,ECOMMERCE,237545,225,14.55,54.56,102.03,61.78,20.4,,0,0,HIGH,VERY_HIGH,0,0,0,0,STABLE,BEGINNER,99.5,0,BUSINESS_HOURS,0,0,1,8,16
WH-00967,LIVE_URL,BLOG,3699,44,1.75,1.28,1.82,13.58,22.6,56.7,1,0,LOW,LOW,0,0,0,0,MEDIUM,INTERMEDIATE,99.95,1,BUSINESS_HOURS,0,0,0,2,4
WH-00968,PLANNED,SAAS,33839,218,19.18,69.69,96.17,39.35,172.5,,0,1,HIGH,HIGH,0,0,0,0,RAPID,BEGINNER,99.95,1,NORMAL,0,0,1,8,16
WH-00969,PLANNED,SAAS,128910,2401,19.9,796.33,2779.2,411.19,125.5,,0,1,HIGH,MEDIUM,1,1291,1,0,RAPID,INTERMEDIATE,99.5,0,SEASONAL,0,1,1,32,64
WH-00970,NEW_IDEA,SAAS,175152,1589,18.54,491.0,1369.89,180.98,184.9,,0,1,HIGH,HIGH,1,426,0,0,MEDIUM,ADVANCED,99.9,0,SEASONAL,0,1,0,32,64
WH-00971,LIVE_URL,API_SERVICE,94323,2556,32.3,1375.98,2875.8,718.17,100.8,63.5,1,0,MEDIUM,VERY_HIGH,0,0,1,0,STABLE,BEGINNER,99.99,1,EVENING,0,1,1,32,64
WH-00972,PLANNED,CORPORATE,29115,58,2.44,2.36,3.42,40.73,295.7,,0,1,LOW,LOW,0,0,0,1,RAPID,BEGINNER,99.95,1,EVENING,0,0,0,2,4
WH-00973,LIVE_URL,EDUCATION,119812,110,5.43,9.96,20.31,14.43,17.2,72.7,1,1,MEDIUM,MEDIUM,0,0,0,0,MEDIUM,INTERMEDIATE,99.9,0,EVENT_DRIVEN,0,0,1,2,8
WH-00974,LIVE_URL,EDUCATION,448050,23,10.75,4.12,8.16,23.64,30.9,86.0,1,0,MEDIUM,HIGH,0,0,0,0,SLOW,INTERMEDIATE,99.5,0,WEEKEND,0,0,1,2,4
WH-00975,LIVE_URL,SAAS,30704,664,15.73,174.08,257.64,81.01,26.6,70.9,1,0,MEDIUM,HIGH,0,0,1,0,RAPID,ADVANCED,99.99,1,EVENING,0,0,0,16,32
WH-00976,PLANNED,ECOMMERCE,186669,935,12.97,202.12,256.69,96.74,168.6,,0,0,HIGH,HIGH,0,0,0,1,MEDIUM,INTERMEDIATE,BASIC,0,WEEKEND,0,0,0,16,32
WH-00977,LIVE_URL,NEWS,50398,56,2.53,2.36,3.54,13.76,14.3,63.2,1,1,LOW,MEDIUM,0,0,0,0,STABLE,BEGINNER,BASIC,0,NORMAL,0,0,0,2,4
WH-00978,LIVE_URL,BLOG,3226,7,1.69,0.2,0.36,40.22,26.3,,0,0,LOW,LOW,0,0,0,0,SLOW,INTERMEDIATE,99.9,0,BUSINESS_HOURS,0,0,1,1,4
WH-00979,NEW_IDEA,SAAS,23010,56,21.26,19.84,37.9,8.0,95.1,,0,1,HIGH,HIGH,1,45,0,0,SLOW,ADVANCED,99.95,1,EVENING,0,0,1,4,8
WH-00980,LIVE_URL,NEWS,127049,116,5.33,10.3,22.26,15.73,76.5,78.8,1,0,MEDIUM,HIGH,0,0,0,1,RAPID,BEGINNER,99.9,0,WEEKEND,0,0,0,2,8
WH-00981,LIVE_URL,SAAS,181880,429,10.65,76.15,125.64,53.8,190.2,80.3,1,0,HIGH,HIGH,1,112,0,0,MEDIUM,INTERMEDIATE,99.95,1,EVENING,0,0,1,8,16
WH-00982,PLANNED,SAAS,19619,237,13.28,52.46,79.73,42.52,112.9,,0,1,HIGH,HIGH,0,0,1,0,MEDIUM,ADVANCED,99.9,0,NORMAL,0,0,1,8,16
WH-00983,LIVE_URL,MARKETPLACE,679128,2646,18.49,815.41,2144.53,384.73,105.3,77.1,1,1,HIGH,HIGH,1,2150,1,0,STABLE,INTERMEDIATE,99.9,0,EVENT_DRIVEN,0,1,1,32,64
WH-00984,LIVE_URL,COMMUNITY,3344,38,5.25,3.33,4.79,8.68,45.1,87.7,1,1,MEDIUM,MEDIUM,1,30,0,0,STABLE,INTERMEDIATE,99.9,0,NORMAL,0,0,0,2,8
WH-00985,LIVE_URL,API_SERVICE,284626,2438,29.76,1209.25,2164.55,300.58,32.6,41.9,1,0,MEDIUM,VERY_HIGH,0,0,1,0,RAPID,INTERMEDIATE,99.9,0,EVENING,0,0,0,32,64
WH-00986,NEW_IDEA,MARKETPLACE,1224805,4039,18.2,1225.16,4202.31,587.83,83.1,,0,1,HIGH,HIGH,1,2076,0,0,RAPID,INTERMEDIATE,99.9,0,EVENT_DRIVEN,1,1,0,32,64
WH-00987,PLANNED,EDUCATION,4052,89,7.19,10.67,15.25,35.69,36.8,,0,1,LOW,MEDIUM,0,0,0,0,MEDIUM,ADVANCED,99.95,1,NORMAL,0,0,1,2,4
WH-00988,NEW_IDEA,PORTFOLIO,2754,2,3.87,0.13,0.21,27.64,30.6,,0,0,LOW,LOW,0,0,0,0,STABLE,ADVANCED,99.5,0,BUSINESS_HOURS,0,0,1,2,4
WH-00989,LIVE_URL,PORTFOLIO,752,3,2.29,0.11,0.35,11.73,21.7,65.6,1,0,LOW,MEDIUM,0,0,0,0,SLOW,BEGINNER,BASIC,0,EVENT_DRIVEN,0,0,0,1,4
WH-00990,PLANNED,BLOG,6115,23,2.04,0.78,1.1,49.93,158.0,,0,0,LOW,MEDIUM,0,0,0,1,STABLE,ADVANCED,99.9,0,NORMAL,0,0,0,1,4
WH-00991,PLANNED,INTERNAL_BUSINESS,139,3,2.31,0.12,0.22,13.93,42.8,,0,0,MEDIUM,HIGH,0,0,0,0,SLOW,ADVANCED,99.9,0,BUSINESS_HOURS,0,0,0,2,4
WH-00992,LIVE_URL,CORPORATE,4787,64,4.51,4.81,6.45,13.78,15.3,57.0,1,0,LOW,MEDIUM,0,0,0,0,MEDIUM,ADVANCED,99.5,0,NORMAL,0,0,0,1,4
WH-00993,LIVE_URL,SAAS,318969,2690,14.68,658.15,1349.21,697.73,76.2,85.8,1,0,VERY_HIGH,HIGH,0,0,0,0,RAPID,INTERMEDIATE,BASIC,0,EVENT_DRIVEN,0,1,0,32,64
WH-00994,LIVE_URL,CORPORATE,104385,35,4.35,2.54,3.96,34.45,10.0,80.1,1,1,LOW,LOW,0,0,0,0,MEDIUM,INTERMEDIATE,99.9,0,WEEKEND,0,0,0,2,4
WH-00995,PLANNED,MEDIA_STREAMING,531635,131,3.31,7.23,10.41,23.92,346.7,,0,0,HIGH,MEDIUM,0,0,0,1,SLOW,INTERMEDIATE,BASIC,0,BUSINESS_HOURS,0,0,1,1,8
WH-00996,PLANNED,PORTFOLIO,726,3,1.59,0.08,0.11,19.54,11.2,,0,0,LOW,MEDIUM,0,0,0,0,SLOW,BEGINNER,99.9,0,NORMAL,0,0,0,1,4
WH-00997,PLANNED,MARKETPLACE,1137245,5850,9.45,921.37,1851.96,370.98,15.7,,0,1,MEDIUM,VERY_HIGH,0,0,1,0,RAPID,INTERMEDIATE,BASIC,0,EVENING,1,1,1,32,64
WH-00998,PLANNED,API_SERVICE,53885,148,27.27,67.27,91.48,34.51,37.2,,0,0,MEDIUM,HIGH,0,0,1,0,MEDIUM,ADVANCED,99.9,0,NORMAL,0,0,0,8,16
WH-00999,LIVE_URL,MARKETPLACE,1166739,2790,16.85,783.53,2742.34,395.08,251.4,51.3,1,1,HIGH,HIGH,0,0,1,1,RAPID,INTERMEDIATE,99.9,0,SEASONAL,0,0,0,32,64
WH-01000,NEW_IDEA,CORPORATE,35127,54,5.56,5.0,9.21,15.08,56.8,,0,1,LOW,LOW,0,0,0,0,SLOW,INTERMEDIATE,BASIC,0,SEASONAL,0,0,0,1,4
WH-01001,PLANNED,INTERNAL_BUSINESS,112,2,4.98,0.17,0.28,22.32,64.1,,0,1,MEDIUM,MEDIUM,0,0,0,0,MEDIUM,BEGINNER,99.9,0,WEEKEND,0,0,1,2,4
WH-01002,LIVE_URL,SAAS,160210,1869,15.31,476.91,1716.86,66.61,42.9,63.2,1,1,HIGH,HIGH,1,406,1,0,RAPID,INTERMEDIATE,99.9,0,EVENT_DRIVEN,1,1,0,32,64
WH-01003,NEW_IDEA,ECOMMERCE,295539,1733,16.31,471.09,1625.25,455.96,63.9,,0,0,HIGH,MEDIUM,0,0,1,0,MEDIUM,ADVANCED,99.95,1,EVENT_DRIVEN,0,0,1,32,64
WH-01004,NEW_IDEA,MARKETPLACE,360956,1416,11.64,274.7,486.23,54.46,229.0,,0,0,HIGH,HIGH,0,0,0,0,RAPID,ADVANCED,99.95,1,SEASONAL,0,1,0,32,64
WH-01005,PLANNED,BLOG,8981,41,4.12,2.82,3.86,20.19,32.7,,0,1,LOW,MEDIUM,0,0,0,0,SLOW,ADVANCED,99.99,1,WEEKEND,0,0,1,2,4
WH-01006,LIVE_URL,SAAS,267139,30,7.37,3.69,7.63,25.06,65.5,81.7,1,0,HIGH,HIGH,0,0,1,0,STABLE,INTERMEDIATE,99.9,0,SEASONAL,0,0,0,1,8
WH-01007,LIVE_URL,API_SERVICE,1083779,111,31.79,58.81,86.45,17.28,19.3,91.8,1,1,HIGH,VERY_HIGH,0,0,0,0,MEDIUM,ADVANCED,99.9,0,NORMAL,0,0,1,8,16
WH-01008,LIVE_URL,MARKETPLACE,25085,74,12.68,15.64,25.8,24.66,271.6,54.7,1,0,HIGH,HIGH,0,0,0,1,MEDIUM,BEGINNER,99.9,0,BUSINESS_HOURS,0,0,1,2,8
WH-01009,PLANNED,MARKETPLACE,634543,5320,8.97,795.34,1407.75,307.47,399.9,,0,0,VERY_HIGH,MEDIUM,0,0,1,0,STABLE,ADVANCED,99.9,0,SEASONAL,0,1,0,32,64
WH-01010,NEW_IDEA,API_SERVICE,25001,34,19.19,10.87,14.35,23.51,77.1,,0,1,LOW,VERY_HIGH,0,0,0,0,MEDIUM,INTERMEDIATE,99.5,0,BUSINESS_HOURS,0,0,0,2,4
WH-01011,PLANNED,CORPORATE,35909,27,1.86,0.84,1.27,10.46,53.1,,0,1,LOW,LOW,0,0,0,0,RAPID,INTERMEDIATE,99.5,0,NORMAL,0,0,0,1,4
WH-01012,LIVE_URL,SAAS,174698,2803,17.54,819.41,2523.78,330.13,115.5,58.3,1,0,HIGH,MEDIUM,0,0,1,0,MEDIUM,ADVANCED,99.9,0,SEASONAL,0,0,0,32,64
WH-01013,LIVE_URL,NEWS,1628320,3221,5.21,279.69,327.24,235.83,68.1,68.8,1,1,HIGH,MEDIUM,0,0,0,0,STABLE,BEGINNER,99.95,1,NORMAL,1,0,0,16,32
WH-01014,LIVE_URL,PORTFOLIO,2407,22,1.43,0.52,0.69,25.89,15.2,99.0,1,1,LOW,LOW,0,0,0,0,SLOW,INTERMEDIATE,99.9,0,NORMAL,0,0,0,2,4
WH-01015,PLANNED,BLOG,47232,48,3.03,2.42,6.04,8.33,29.9,,0,0,LOW,MEDIUM,0,0,0,0,MEDIUM,INTERMEDIATE,99.5,0,EVENT_DRIVEN,0,0,0,1,4
WH-01016,LIVE_URL,MARKETPLACE,21508,60,10.61,10.61,15.28,17.65,14.7,64.8,1,0,MEDIUM,MEDIUM,0,0,0,0,MEDIUM,BEGINNER,99.9,0,NORMAL,0,0,0,1,8
WH-01017,NEW_IDEA,SAAS,49186,30,16.0,8.0,23.12,22.79,19.2,,0,0,MEDIUM,HIGH,1,22,1,0,MEDIUM,BEGINNER,99.9,0,EVENT_DRIVEN,0,0,0,2,8
WH-01018,PLANNED,BLOG,2793,11,4.54,0.83,1.91,16.73,13.0,,0,1,LOW,LOW,0,0,0,0,SLOW,BEGINNER,99.95,1,SEASONAL,0,0,1,2,4
WH-01019,LIVE_URL,BLOG,11364,104,4.38,7.59,27.1,15.8,17.3,88.5,1,0,LOW,LOW,0,0,0,0,STABLE,INTERMEDIATE,99.9,0,EVENT_DRIVEN,0,0,1,1,4
WH-01020,LIVE_URL,SAAS,11520,79,12.62,16.62,36.06,49.49,84.2,81.0,1,1,VERY_HIGH,HIGH,0,0,0,0,RAPID,BEGINNER,99.9,0,EVENT_DRIVEN,0,0,1,2,16
WH-01021,LIVE_URL,MARKETPLACE,403165,2420,18.28,737.29,2646.88,473.72,342.3,57.7,1,1,HIGH,VERY_HIGH,0,0,0,1,MEDIUM,ADVANCED,99.9,0,EVENT_DRIVEN,0,1,1,32,64
WH-01022,LIVE_URL,MARKETPLACE,162105,486,15.95,129.19,198.96,52.62,87.0,99.0,1,1,HIGH,HIGH,0,0,0,0,SLOW,INTERMEDIATE,99.9,0,NORMAL,0,0,0,16,32
WH-01023,NEW_IDEA,PORTFOLIO,793,6,1.22,0.12,0.18,12.36,13.2,,0,0,LOW,LOW,0,0,0,0,MEDIUM,INTERMEDIATE,99.9,0,EVENING,0,0,0,1,4
WH-01024,LIVE_URL,MEDIA_STREAMING,1009582,237,2.71,10.7,43.03,10.56,39.0,63.5,1,1,LOW,HIGH,0,0,1,1,MEDIUM,BEGINNER,99.95,1,EVENT_DRIVEN,0,0,0,4,8
WH-01025,LIVE_URL,BLOG,5208,19,1.61,0.51,0.7,9.72,28.3,60.9,1,1,LOW,LOW,0,0,0,0,MEDIUM,BEGINNER,99.5,0,NORMAL,0,0,0,1,4
WH-01026,LIVE_URL,EDUCATION,6366,137,9.28,21.19,30.51,17.16,14.2,61.1,1,1,MEDIUM,MEDIUM,0,0,0,0,MEDIUM,INTERMEDIATE,99.99,1,WEEKEND,0,0,0,2,8
WH-01027,LIVE_URL,API_SERVICE,600397,5044,24.44,2054.59,3410.62,434.91,26.2,77.4,1,1,HIGH,VERY_HIGH,0,0,1,0,SLOW,INTERMEDIATE,BASIC,0,EVENING,0,1,1,32,64
WH-01028,PLANNED,SAAS,631943,337,8.88,49.88,90.28,31.72,99.8,,0,0,HIGH,HIGH,0,0,0,0,SLOW,INTERMEDIATE,BASIC,0,EVENING,0,0,0,4,8
WH-01029,LIVE_URL,API_SERVICE,116430,2649,10.7,472.4,765.3,138.72,47.9,73.4,1,0,MEDIUM,VERY_HIGH,0,0,0,0,RAPID,ADVANCED,99.95,1,EVENING,0,1,1,32,64
WH-01030,LIVE_URL,BLOG,2594,7,1.52,0.18,0.38,8.94,64.1,81.2,1,0,LOW,LOW,0,0,0,0,SLOW,BEGINNER,99.9,0,WEEKEND,0,0,0,1,4
WH-01031,LIVE_URL,INTERNAL_BUSINESS,2695,23,4.3,1.65,2.85,8.0,13.8,99.0,1,0,MEDIUM,LOW,0,0,0,0,RAPID,ADVANCED,99.9,0,EVENING,0,1,0,2,4
WH-01032,LIVE_URL,ECOMMERCE,385213,1541,13.09,336.19,632.05,119.74,11.0,80.8,1,0,MEDIUM,MEDIUM,0,0,1,0,SLOW,BEGINNER,99.99,1,WEEKEND,0,0,0,32,64
WH-01033,PLANNED,SAAS,745023,2808,19.27,901.84,2308.7,835.61,34.3,,0,0,HIGH,HIGH,0,0,0,0,SLOW,ADVANCED,99.9,0,EVENT_DRIVEN,0,0,0,32,64
WH-01034,NEW_IDEA,CORPORATE,5663,24,5.56,2.22,6.47,8.0,10.0,,0,0,LOW,MEDIUM,0,0,0,0,MEDIUM,INTERMEDIATE,99.9,0,EVENT_DRIVEN,0,0,0,1,4
WH-01035,NEW_IDEA,EDUCATION,63514,31,6.08,3.14,11.15,37.91,59.0,,0,1,LOW,MEDIUM,1,21,0,0,RAPID,BEGINNER,99.5,0,EVENT_DRIVEN,0,0,0,2,4
WH-01036,LIVE_URL,BLOG,7270,29,4.77,2.31,8.35,8.0,232.5,65.5,1,0,LOW,LOW,0,0,1,1,MEDIUM,BEGINNER,99.9,0,EVENT_DRIVEN,0,0,0,1,4
WH-01037,NEW_IDEA,MARKETPLACE,178132,3077,13.64,699.5,2343.34,636.82,81.6,,0,0,VERY_HIGH,VERY_HIGH,1,2541,1,0,RAPID,BEGINNER,99.99,1,SEASONAL,0,1,1,32,64
WH-01038,LIVE_URL,CORPORATE,6042,86,2.12,3.04,5.32,31.63,45.7,62.7,1,0,LOW,LOW,0,0,0,0,SLOW,INTERMEDIATE,99.95,1,BUSINESS_HOURS,0,0,0,2,4
WH-01039,LIVE_URL,PORTFOLIO,2662,4,3.01,0.2,0.27,24.17,96.1,64.5,1,1,LOW,LOW,0,0,0,1,SLOW,INTERMEDIATE,99.95,1,NORMAL,0,1,1,2,4
WH-01040,LIVE_URL,CORPORATE,3499,16,2.6,0.69,0.93,12.05,35.3,90.6,1,0,LOW,LOW,0,0,1,0,MEDIUM,INTERMEDIATE,99.9,0,WEEKEND,0,0,0,2,4
WH-01041,LIVE_URL,SAAS,144119,646,10.47,112.73,214.18,62.08,327.3,76.7,1,0,VERY_HIGH,VERY_HIGH,1,250,0,0,STABLE,ADVANCED,99.5,0,WEEKEND,0,0,1,16,32
WH-01042,NEW_IDEA,PORTFOLIO,2725,8,1.43,0.19,0.28,12.66,12.2,,0,0,LOW,LOW,0,0,0,0,SLOW,BEGINNER,99.95,1,NORMAL,0,0,1,2,4
WH-01043,LIVE_URL,SAAS,962432,4399,9.81,719.24,1380.93,524.85,89.2,69.6,1,0,VERY_HIGH,VERY_HIGH,1,1740,0,0,RAPID,INTERMEDIATE,99.95,1,EVENING,0,0,1,32,64
WH-01044,LIVE_URL,NEWS,362926,304,7.24,36.68,76.67,50.42,190.9,83.3,1,1,LOW,MEDIUM,0,0,1,1,STABLE,BEGINNER,BASIC,0,WEEKEND,0,0,1,2,4
WH-01045,LIVE_URL,ECOMMERCE,183793,32,9.67,5.16,10.99,20.44,138.9,42.0,1,1,HIGH,HIGH,0,0,1,1,SLOW,BEGINNER,99.9,0,WEEKEND,0,0,0,2,8
WH-01046,PLANNED,SAAS,129696,3638,19.1,1158.1,1760.31,376.32,35.0,,0,0,MEDIUM,HIGH,0,0,1,0,SLOW,ADVANCED,99.9,0,BUSINESS_HOURS,0,1,0,32,64
WH-01047,LIVE_URL,SAAS,366942,3904,13.6,884.91,2814.0,1033.94,50.0,78.8,1,1,VERY_HIGH,MEDIUM,0,0,1,0,SLOW,INTERMEDIATE,99.9,0,EVENT_DRIVEN,0,0,1,32,64
WH-01048,NEW_IDEA,API_SERVICE,428972,6530,16.84,1832.75,2712.47,230.92,22.9,,0,1,MEDIUM,VERY_HIGH,0,0,0,0,SLOW,BEGINNER,99.99,1,WEEKEND,0,1,1,32,64
WH-01049,PLANNED,SAAS,456179,7052,11.14,1309.32,4779.02,517.85,231.7,,0,0,VERY_HIGH,HIGH,0,0,1,0,RAPID,INTERMEDIATE,99.9,0,EVENT_DRIVEN,0,0,0,32,64
WH-01050,NEW_IDEA,PORTFOLIO,10206,9,1.2,0.18,0.24,9.83,10.0,,0,0,LOW,LOW,0,0,0,0,MEDIUM,BEGINNER,99.9,0,NORMAL,0,0,1,1,4
WH-01051,NEW_IDEA,SAAS,367466,3536,24.0,1414.4,1739.71,208.99,52.3,,0,0,HIGH,MEDIUM,0,0,0,0,MEDIUM,ADVANCED,99.9,0,NORMAL,0,0,0,32,64
WH-01052,NEW_IDEA,SAAS,12467,34,6.9,3.91,6.76,28.68,188.2,,0,0,HIGH,HIGH,0,0,1,0,RAPID,BEGINNER,99.9,0,BUSINESS_HOURS,0,0,0,2,8
WH-01053,PLANNED,API_SERVICE,32581,967,32.99,531.69,707.15,155.93,17.0,,0,0,LOW,VERY_HIGH,0,0,1,0,RAPID,BEGINNER,99.5,0,EVENING,0,1,0,32,32
WH-01054,PLANNED,MARKETPLACE,125479,1292,17.39,374.46,1048.5,89.77,160.1,,0,1,HIGH,MEDIUM,1,638,1,1,STABLE,INTERMEDIATE,99.95,1,SEASONAL,0,0,1,32,64
WH-01055,LIVE_URL,MEDIA_STREAMING,1292353,3326,6.93,384.15,591.6,132.23,155.7,71.6,1,0,HIGH,MEDIUM,0,0,1,0,MEDIUM,ADVANCED,99.95,1,NORMAL,0,1,0,32,64
WH-01056,PLANNED,SAAS,469108,5713,18.19,1731.99,4243.38,713.24,207.3,,0,1,HIGH,HIGH,1,3801,1,0,MEDIUM,INTERMEDIATE,99.95,1,SEASONAL,0,1,1,32,64
WH-01057,LIVE_URL,CORPORATE,10235,8,3.86,0.51,1.73,8.48,10.9,62.2,1,0,LOW,LOW,0,0,1,0,STABLE,ADVANCED,99.95,1,EVENT_DRIVEN,0,0,0,2,4
WH-01058,PLANNED,CORPORATE,6574,7,5.03,0.59,1.4,12.07,63.8,,0,0,LOW,LOW,0,0,0,0,SLOW,BEGINNER,BASIC,0,EVENT_DRIVEN,0,1,0,2,4
WH-01059,NEW_IDEA,EDUCATION,16278,24,10.36,4.14,6.75,28.36,64.9,,0,1,LOW,MEDIUM,0,0,0,0,MEDIUM,BEGINNER,99.9,0,EVENING,0,0,1,1,4
WH-01060,LIVE_URL,API_SERVICE,463180,4294,22.68,1623.13,2921.64,468.97,36.3,81.5,1,1,MEDIUM,VERY_HIGH,0,0,1,0,MEDIUM,ADVANCED,99.9,0,EVENING,0,0,1,32,64
WH-01061,PLANNED,SAAS,311151,1263,22.38,471.1,1714.8,193.75,28.2,,0,0,HIGH,HIGH,0,0,1,0,SLOW,ADVANCED,99.9,0,EVENT_DRIVEN,0,0,0,32,64
WH-01062,NEW_IDEA,SAAS,1255689,4386,18.56,1356.74,2021.54,601.1,341.9,,0,1,VERY_HIGH,MEDIUM,0,0,1,0,SLOW,BEGINNER,99.95,1,NORMAL,1,0,0,32,64
WH-01063,PLANNED,SAAS,19122,56,11.5,10.73,15.56,62.25,120.7,,0,1,HIGH,HIGH,0,0,0,0,MEDIUM,BEGINNER,99.9,0,WEEKEND,0,0,0,1,8
WH-01064,LIVE_URL,ECOMMERCE,360698,2280,11.34,430.92,745.49,59.65,97.4,74.4,1,0,HIGH,HIGH,0,0,1,0,STABLE,INTERMEDIATE,99.9,0,SEASONAL,0,0,0,32,64
WH-01065,PLANNED,SAAS,229742,233,16.12,62.6,116.43,43.53,116.4,,0,1,HIGH,HIGH,0,0,0,0,MEDIUM,BEGINNER,99.5,0,SEASONAL,0,0,1,8,16
WH-01066,PLANNED,PORTFOLIO,5221,12,1.87,0.37,0.44,21.78,278.9,,0,0,LOW,LOW,0,0,0,1,SLOW,ADVANCED,99.95,1,NORMAL,0,1,0,4,4
WH-01067,PLANNED,SAAS,227747,2321,5.16,199.61,355.3,168.17,78.8,,0,1,VERY_HIGH,VERY_HIGH,1,746,1,0,MEDIUM,BEGINNER,99.95,1,WEEKEND,0,0,1,32,64
WH-01068,PLANNED,CORPORATE,5046,28,1.77,0.83,2.12,12.57,11.5,,0,0,LOW,LOW,0,0,0,0,MEDIUM,BEGINNER,BASIC,0,EVENT_DRIVEN,0,0,0,1,4
WH-01069,PLANNED,NEWS,180825,62,5.86,6.06,7.93,40.35,499.2,,0,1,MEDIUM,MEDIUM,0,0,0,1,SLOW,BEGINNER,BASIC,0,NORMAL,0,0,0,1,4
WH-01070,PLANNED,API_SERVICE,210936,4016,31.98,2140.53,4216.84,269.92,73.7,,0,1,MEDIUM,VERY_HIGH,0,0,1,0,STABLE,BEGINNER,99.5,0,SEASONAL,1,0,0,32,64
WH-01071,PLANNED,PORTFOLIO,1638,10,3.75,0.62,1.17,20.19,27.1,,0,1,LOW,LOW,0,0,0,0,MEDIUM,ADVANCED,BASIC,0,BUSINESS_HOURS,0,0,0,2,4
WH-01072,LIVE_URL,BLOG,12671,76,1.67,2.12,2.79,13.18,17.3,62.5,1,0,LOW,LOW,0,0,1,0,RAPID,INTERMEDIATE,99.9,0,WEEKEND,0,0,0,2,4
WH-01073,NEW_IDEA,CORPORATE,15471,20,5.65,1.88,2.2,15.4,14.7,,0,1,LOW,MEDIUM,0,0,1,0,STABLE,INTERMEDIATE,99.9,0,NORMAL,0,0,0,2,4
WH-01074,NEW_IDEA,SAAS,837537,2944,18.04,885.16,1097.6,194.33,82.0,,0,1,HIGH,HIGH,0,0,1,0,SLOW,INTERMEDIATE,99.9,0,NORMAL,1,1,1,32,64
WH-01075,LIVE_URL,CORPORATE,4185,8,4.5,0.6,0.77,30.74,20.7,90.8,1,1,LOW,LOW,0,0,0,0,STABLE,ADVANCED,BASIC,0,NORMAL,0,1,0,2,4
WH-01076,PLANNED,EDUCATION,9261,259,9.24,39.89,65.41,64.03,150.0,,0,1,HIGH,MEDIUM,0,0,0,0,STABLE,BEGINNER,99.9,0,WEEKEND,0,0,1,2,8
WH-01077,LIVE_URL,BLOG,39322,7,3.37,0.39,0.53,12.12,25.7,85.7,1,0,LOW,LOW,0,0,0,0,MEDIUM,ADVANCED,99.95,1,WEEKEND,0,0,0,2,4
WH-01078,NEW_IDEA,BLOG,13151,6,4.27,0.43,1.22,9.9,12.9,,0,1,LOW,LOW,0,0,0,0,SLOW,INTERMEDIATE,99.5,0,EVENT_DRIVEN,0,0,0,2,4
WH-01079,PLANNED,SAAS,1759337,6752,17.43,1961.46,5139.01,512.94,297.8,,0,1,HIGH,HIGH,1,1576,1,1,SLOW,INTERMEDIATE,99.95,1,EVENT_DRIVEN,1,1,1,32,64
WH-01080,LIVE_URL,SAAS,134689,203,9.68,32.75,39.63,40.67,188.3,71.3,1,0,HIGH,VERY_HIGH,1,150,0,0,SLOW,BEGINNER,99.95,1,NORMAL,0,0,0,4,8
WH-01081,NEW_IDEA,MARKETPLACE,393868,5247,7.06,617.4,2296.72,976.54,27.3,,0,1,HIGH,HIGH,1,2760,0,0,RAPID,ADVANCED,99.99,1,EVENT_DRIVEN,1,1,0,32,64
WH-01082,LIVE_URL,MARKETPLACE,169055,57,7.1,6.75,24.42,23.99,74.1,40.8,1,0,HIGH,HIGH,1,26,1,1,SLOW,INTERMEDIATE,99.95,1,EVENT_DRIVEN,0,0,1,2,16
WH-01083,PLANNED,NEWS,788039,167,6.97,19.4,41.32,53.15,88.5,,0,1,MEDIUM,MEDIUM,0,0,0,0,MEDIUM,INTERMEDIATE,99.99,1,WEEKEND,0,0,1,2,4
WH-01084,NEW_IDEA,ECOMMERCE,99663,59,16.18,15.91,24.66,90.93,1341.5,,0,0,HIGH,HIGH,0,0,1,1,STABLE,BEGINNER,99.9,0,NORMAL,0,0,0,2,8
WH-01085,LIVE_URL,EDUCATION,370486,390,7.44,48.36,67.7,66.6,109.3,80.4,1,0,HIGH,MEDIUM,0,0,0,0,STABLE,ADVANCED,BASIC,0,NORMAL,0,0,0,4,8
WH-01086,PLANNED,SAAS,258480,66,6.48,7.13,14.04,96.91,86.8,,0,0,VERY_HIGH,HIGH,0,0,0,0,MEDIUM,INTERMEDIATE,99.9,0,EVENING,0,0,0,1,16
WH-01087,PLANNED,EDUCATION,70097,54,9.08,8.17,22.88,34.44,164.5,,0,0,MEDIUM,MEDIUM,0,0,0,1,SLOW,BEGINNER,99.9,0,SEASONAL,0,0,0,2,4
WH-01088,PLANNED,EDUCATION,85805,42,7.1,4.97,7.55,36.32,265.4,,0,0,MEDIUM,MEDIUM,1,21,0,1,MEDIUM,BEGINNER,99.9,0,NORMAL,0,0,1,2,8
WH-01089,PLANNED,SAAS,507447,2839,17.16,811.95,2387.14,625.13,57.7,,0,1,HIGH,HIGH,0,0,0,0,SLOW,INTERMEDIATE,99.99,1,EVENT_DRIVEN,0,0,1,32,64
WH-01090,LIVE_URL,ECOMMERCE,26368,127,5.18,10.96,17.98,43.28,272.0,78.7,1,0,HIGH,HIGH,0,0,0,0,MEDIUM,ADVANCED,99.9,0,BUSINESS_HOURS,0,0,1,2,8
WH-01091,PLANNED,BLOG,7017,31,4.8,2.48,10.17,74.34,26.0,,0,1,LOW,LOW,0,0,0,0,MEDIUM,INTERMEDIATE,99.99,1,EVENT_DRIVEN,1,0,1,4,4
WH-01092,PLANNED,API_SERVICE,1094553,1967,32.26,1057.59,3246.8,423.44,30.3,,0,0,MEDIUM,VERY_HIGH,0,0,0,0,MEDIUM,ADVANCED,99.9,0,SEASONAL,0,1,0,32,64
WH-01093,LIVE_URL,MARKETPLACE,393436,461,16.09,123.62,143.4,39.32,87.7,51.8,1,1,HIGH,VERY_HIGH,1,208,1,0,MEDIUM,BEGINNER,99.95,1,NORMAL,0,0,1,16,32
WH-01094,PLANNED,PORTFOLIO,6077,3,2.94,0.15,0.4,8.0,14.1,,0,0,LOW,LOW,1,2,0,0,STABLE,BEGINNER,99.99,1,SEASONAL,0,0,0,2,4
WH-01095,LIVE_URL,MARKETPLACE,633248,1128,17.15,322.42,1080.11,207.62,50.4,74.6,1,0,HIGH,HIGH,1,315,0,0,MEDIUM,INTERMEDIATE,99.99,1,EVENT_DRIVEN,1,1,1,32,64
WH-01096,LIVE_URL,PORTFOLIO,25376,33,1.55,0.85,1.36,35.36,18.8,86.9,1,0,LOW,MEDIUM,0,0,0,0,MEDIUM,ADVANCED,99.99,1,BUSINESS_HOURS,0,0,0,2,4
WH-01097,PLANNED,ECOMMERCE,13292,26,8.97,3.89,8.36,15.56,34.3,,0,0,MEDIUM,HIGH,0,0,1,0,MEDIUM,INTERMEDIATE,BASIC,0,EVENT_DRIVEN,0,0,0,2,4
WH-01098,LIVE_URL,MARKETPLACE,855239,5968,7.35,731.08,1988.54,515.2,169.1,61.7,1,0,HIGH,HIGH,0,0,1,0,MEDIUM,INTERMEDIATE,99.95,1,SEASONAL,1,1,0,32,64
WH-01099,NEW_IDEA,CORPORATE,31356,14,2.77,0.65,0.85,10.84,56.9,,0,1,LOW,MEDIUM,0,0,0,0,RAPID,INTERMEDIATE,99.5,0,NORMAL,0,0,0,2,4
WH-01100,NEW_IDEA,BLOG,3187,27,3.65,1.64,5.01,14.86,36.9,,0,0,LOW,MEDIUM,0,0,0,0,MEDIUM,BEGINNER,99.9,0,EVENT_DRIVEN,0,0,0,1,4
WH-01101,PLANNED,API_SERVICE,1006177,5306,15.99,1414.05,2700.83,394.19,31.1,,0,1,MEDIUM,VERY_HIGH,0,0,0,0,MEDIUM,BEGINNER,99.99,1,SEASONAL,1,1,0,32,64
WH-01102,LIVE_URL,SAAS,436328,2302,14.15,542.89,1297.5,345.07,187.8,65.7,1,1,HIGH,VERY_HIGH,0,0,0,0,MEDIUM,INTERMEDIATE,99.5,0,SEASONAL,0,0,1,32,64
WH-01103,PLANNED,MARKETPLACE,384257,4461,17.13,1273.62,2738.27,585.63,54.9,,0,1,HIGH,HIGH,0,0,1,0,STABLE,ADVANCED,99.9,0,WEEKEND,0,1,1,32,64
WH-01104,PLANNED,COMMUNITY,103415,285,10.95,52.01,70.74,24.64,68.3,,0,0,LOW,MEDIUM,0,0,0,0,MEDIUM,ADVANCED,99.95,1,BUSINESS_HOURS,0,0,0,4,8
WH-01105,NEW_IDEA,BLOG,23456,28,4.26,1.99,8.23,13.01,10.3,,0,1,LOW,LOW,0,0,0,0,STABLE,ADVANCED,99.99,1,EVENT_DRIVEN,0,0,1,2,4
WH-01106,NEW_IDEA,ECOMMERCE,60229,89,8.13,12.06,21.83,59.97,81.4,,0,1,HIGH,VERY_HIGH,0,0,1,0,MEDIUM,INTERMEDIATE,99.9,0,BUSINESS_HOURS,0,0,1,2,8
WH-01107,LIVE_URL,COMMUNITY,213166,73,10.4,12.65,37.33,19.89,27.5,91.9,1,0,LOW,MEDIUM,0,0,0,0,STABLE,INTERMEDIATE,BASIC,0,EVENT_DRIVEN,0,0,0,2,4
WH-01108,LIVE_URL,CORPORATE,7330,34,2.26,1.28,4.19,30.56,10.2,71.9,1,1,LOW,LOW,0,0,0,0,STABLE,INTERMEDIATE,99.95,1,SEASONAL,0,0,1,2,4
WH-01109,LIVE_URL,PORTFOLIO,1951,18,3.06,0.92,1.35,56.21,10.0,79.3,1,1,LOW,LOW,0,0,0,0,MEDIUM,ADVANCED,99.5,0,NORMAL,0,0,1,2,4
WH-01110,LIVE_URL,SAAS,6395,44,16.27,11.93,14.08,36.62,26.5,,0,1,HIGH,VERY_HIGH,0,0,1,0,SLOW,ADVANCED,99.99,1,NORMAL,0,0,1,2,8
WH-01111,NEW_IDEA,SAAS,644794,7046,18.23,2140.81,3981.91,463.11,82.4,,0,1,HIGH,HIGH,0,0,1,0,MEDIUM,INTERMEDIATE,99.95,1,EVENING,0,1,1,32,64
WH-01112,PLANNED,SAAS,676582,892,18.23,271.02,490.54,138.23,20.3,,0,0,HIGH,HIGH,0,0,1,0,STABLE,ADVANCED,BASIC,0,WEEKEND,0,1,1,32,64
WH-01113,NEW_IDEA,INTERNAL_BUSINESS,106,2,6.9,0.23,0.33,9.77,36.6,,0,0,LOW,MEDIUM,0,0,0,0,RAPID,INTERMEDIATE,99.9,0,BUSINESS_HOURS,0,1,1,2,4
WH-01114,NEW_IDEA,ECOMMERCE,98810,38,17.93,11.36,24.07,60.97,102.9,,0,0,HIGH,HIGH,0,0,1,0,MEDIUM,ADVANCED,99.9,0,EVENT_DRIVEN,0,0,1,1,8
WH-01115,NEW_IDEA,ECOMMERCE,137528,762,17.2,218.44,847.55,175.48,22.6,,0,0,HIGH,HIGH,0,0,1,0,MEDIUM,INTERMEDIATE,99.95,1,EVENT_DRIVEN,0,0,0,32,64
WH-01116,LIVE_URL,NEWS,63687,281,2.8,13.11,26.23,62.44,76.2,77.3,1,0,MEDIUM,MEDIUM,0,0,0,1,MEDIUM,BEGINNER,BASIC,0,EVENING,0,0,0,1,8
WH-01117,PLANNED,EDUCATION,10383,72,6.66,7.99,9.19,41.43,38.6,,0,0,MEDIUM,MEDIUM,1,38,0,0,SLOW,ADVANCED,99.9,0,NORMAL,0,0,0,1,4
WH-01118,NEW_IDEA,SAAS,94555,1187,20.97,414.86,962.47,188.63,35.7,,0,0,VERY_HIGH,HIGH,1,393,1,0,MEDIUM,INTERMEDIATE,99.95,1,SEASONAL,0,1,0,32,64
WH-01119,PLANNED,MARKETPLACE,266570,3874,16.77,1082.78,1786.59,381.78,38.2,,0,0,HIGH,VERY_HIGH,0,0,1,0,RAPID,ADVANCED,BASIC,0,BUSINESS_HOURS,0,1,1,32,64
WH-01120,PLANNED,BLOG,10217,11,3.54,0.65,1.87,31.16,214.3,,0,0,LOW,MEDIUM,0,0,0,1,SLOW,ADVANCED,99.95,1,EVENT_DRIVEN,0,0,0,2,4
WH-01121,PLANNED,API_SERVICE,368112,3626,27.58,1666.75,2350.12,368.91,139.0,,0,1,MEDIUM,HIGH,1,1453,0,0,STABLE,INTERMEDIATE,99.9,0,BUSINESS_HOURS,0,0,0,32,64
WH-01122,LIVE_URL,COMMUNITY,194560,45,10.65,7.99,10.7,28.59,41.4,72.9,1,0,MEDIUM,MEDIUM,1,14,1,0,MEDIUM,BEGINNER,99.9,0,BUSINESS_HOURS,0,0,1,2,8
WH-01123,LIVE_URL,API_SERVICE,390200,1919,17.33,554.27,1091.91,188.84,310.4,68.1,1,1,MEDIUM,VERY_HIGH,1,1390,1,1,RAPID,ADVANCED,BASIC,0,SEASONAL,0,0,1,32,64
WH-01124,LIVE_URL,BLOG,8029,31,2.84,1.47,2.99,8.0,15.3,72.6,1,0,LOW,MEDIUM,0,0,0,0,SLOW,ADVANCED,99.95,1,EVENING,0,0,0,2,4
WH-01125,LIVE_URL,PORTFOLIO,6330,3,3.37,0.17,0.23,23.86,25.1,71.5,1,0,LOW,LOW,0,0,0,0,SLOW,INTERMEDIATE,99.95,1,BUSINESS_HOURS,0,0,0,2,4
WH-01126,LIVE_URL,SAAS,204985,4814,9.09,729.32,1115.86,284.27,125.7,77.0,1,0,HIGH,HIGH,0,0,0,0,MEDIUM,INTERMEDIATE,99.9,0,NORMAL,0,0,1,32,64
WH-01127,PLANNED,ECOMMERCE,263198,113,16.47,31.02,44.67,35.71,34.0,,0,1,HIGH,VERY_HIGH,0,0,1,0,MEDIUM,BEGINNER,99.9,0,WEEKEND,0,0,1,4,8
WH-01128,LIVE_URL,NEWS,61485,169,5.93,16.7,33.07,23.24,44.5,99.0,1,0,MEDIUM,MEDIUM,0,0,0,0,MEDIUM,INTERMEDIATE,99.9,0,BUSINESS_HOURS,0,0,1,1,4
WH-01129,PLANNED,MARKETPLACE,14179,348,16.13,93.55,167.46,11.53,21.2,,0,0,MEDIUM,HIGH,0,0,0,0,RAPID,BEGINNER,99.5,0,WEEKEND,0,0,1,8,16
WH-01130,PLANNED,NEWS,1116394,3431,8.42,481.48,794.45,226.18,187.9,,0,0,MEDIUM,MEDIUM,0,0,0,1,RAPID,ADVANCED,99.9,0,EVENING,1,1,0,32,64
WH-01131,PLANNED,SAAS,29315,213,17.79,63.15,96.63,71.89,83.3,,0,0,HIGH,MEDIUM,1,167,0,0,MEDIUM,INTERMEDIATE,99.95,1,NORMAL,0,0,1,4,8
WH-01132,PLANNED,MARKETPLACE,251868,176,8.63,25.31,32.15,22.88,40.4,,0,0,VERY_HIGH,HIGH,0,0,0,0,MEDIUM,ADVANCED,99.95,1,NORMAL,0,0,1,4,16
WH-01133,NEW_IDEA,ECOMMERCE,67230,33,16.91,9.3,11.44,30.08,96.8,,0,0,VERY_HIGH,MEDIUM,0,0,0,0,RAPID,BEGINNER,99.9,0,NORMAL,0,0,0,2,16
WH-01134,PLANNED,MARKETPLACE,426408,5749,17.08,1636.55,2520.28,229.18,34.4,,0,1,MEDIUM,MEDIUM,0,0,0,0,MEDIUM,BEGINNER,99.9,0,NORMAL,0,1,0,32,64
WH-01135,PLANNED,BLOG,16267,41,4.85,3.31,5.14,18.27,13.0,,0,0,LOW,LOW,0,0,0,0,MEDIUM,BEGINNER,99.9,0,NORMAL,0,0,0,1,4
WH-01136,PLANNED,MEDIA_STREAMING,1085651,262,4.75,20.74,56.0,44.24,166.2,,0,0,MEDIUM,MEDIUM,0,0,0,1,MEDIUM,BEGINNER,99.95,1,SEASONAL,0,0,1,2,8
WH-01137,PLANNED,CORPORATE,109173,165,2.7,7.43,9.21,30.83,49.8,,0,0,LOW,LOW,0,0,0,0,MEDIUM,INTERMEDIATE,99.5,0,NORMAL,0,0,1,2,4
WH-01138,PLANNED,SAAS,360170,4081,18.51,1258.99,3928.04,978.19,157.0,,0,0,HIGH,VERY_HIGH,1,3264,1,0,SLOW,INTERMEDIATE,99.5,0,EVENT_DRIVEN,1,0,0,32,64
WH-01139,LIVE_URL,CORPORATE,8320,30,2.28,1.14,1.84,16.99,47.4,50.9,1,1,LOW,LOW,0,0,0,0,RAPID,BEGINNER,BASIC,0,EVENING,0,1,0,2,4
WH-01140,PLANNED,SAAS,940999,5279,16.5,1451.72,2250.17,285.38,102.9,,0,0,MEDIUM,HIGH,1,4482,1,0,STABLE,INTERMEDIATE,99.95,1,BUSINESS_HOURS,0,0,0,32,64
WH-01141,PLANNED,MEDIA_STREAMING,325696,178,5.12,15.19,29.01,29.68,465.4,,0,0,MEDIUM,MEDIUM,0,0,0,1,STABLE,ADVANCED,99.95,1,BUSINESS_HOURS,0,0,1,2,8
WH-01142,NEW_IDEA,NEWS,161452,283,5.16,24.34,36.51,78.94,480.0,,0,1,MEDIUM,MEDIUM,0,0,1,1,RAPID,BEGINNER,99.5,0,NORMAL,0,0,0,2,8
WH-01143,PLANNED,EDUCATION,5272,20,8.43,2.81,3.96,13.22,20.1,,0,1,MEDIUM,LOW,1,7,0,0,SLOW,INTERMEDIATE,99.5,0,NORMAL,0,0,0,2,4
WH-01144,PLANNED,API_SERVICE,110637,2339,33.44,1303.6,4810.29,1034.17,50.7,,0,0,MEDIUM,VERY_HIGH,0,0,1,0,STABLE,ADVANCED,99.5,0,EVENT_DRIVEN,0,1,0,32,64
WH-01145,PLANNED,CORPORATE,5706,18,4.93,1.48,4.66,24.02,12.5,,0,0,LOW,LOW,0,0,0,0,MEDIUM,INTERMEDIATE,99.95,1,EVENT_DRIVEN,0,0,0,2,4
WH-01146,NEW_IDEA,API_SERVICE,5574,134,11.6,25.91,36.27,59.73,19.5,,0,1,MEDIUM,VERY_HIGH,0,0,1,0,RAPID,BEGINNER,BASIC,0,NORMAL,0,0,1,4,8
WH-01147,LIVE_URL,API_SERVICE,204724,4537,20.77,1570.56,4036.33,937.58,14.1,,0,0,MEDIUM,VERY_HIGH,0,0,0,0,SLOW,BEGINNER,99.99,1,SEASONAL,0,0,0,32,64
WH-01148,PLANNED,API_SERVICE,5012,43,22.6,16.2,29.15,28.56,29.0,,0,0,MEDIUM,HIGH,0,0,0,0,MEDIUM,INTERMEDIATE,99.5,0,BUSINESS_HOURS,0,0,0,2,4
WH-01149,PLANNED,BLOG,15415,29,2.45,1.18,2.08,30.36,32.5,,0,1,LOW,MEDIUM,0,0,1,0,MEDIUM,INTERMEDIATE,99.9,0,BUSINESS_HOURS,0,0,1,1,4
WH-01150,NEW_IDEA,MARKETPLACE,732629,450,7.56,56.7,227.37,78.85,345.0,,0,0,HIGH,HIGH,0,0,1,1,RAPID,INTERMEDIATE,99.9,0,EVENT_DRIVEN,0,0,0,16,32
WH-01151,LIVE_URL,ECOMMERCE,764636,62,16.56,17.11,36.62,127.6,80.3,,0,0,HIGH,HIGH,0,0,1,1,RAPID,INTERMEDIATE,99.9,0,SEASONAL,0,1,0,4,8
WH-01152,PLANNED,CORPORATE,2501,6,4.42,0.44,1.58,15.13,12.5,,0,0,LOW,LOW,0,0,0,0,MEDIUM,BEGINNER,99.9,0,EVENT_DRIVEN,0,0,0,1,4
WH-01153,NEW_IDEA,MARKETPLACE,98059,56,17.21,16.06,29.72,25.0,46.0,,0,1,HIGH,HIGH,1,33,0,0,MEDIUM,BEGINNER,99.9,0,EVENING,0,0,1,2,8
WH-01154,LIVE_URL,MARKETPLACE,132314,3145,19.7,1032.61,1507.61,633.37,144.7,58.7,1,0,HIGH,HIGH,0,0,0,0,SLOW,INTERMEDIATE,99.9,0,BUSINESS_HOURS,0,1,0,32,64
WH-01155,PLANNED,MARKETPLACE,909161,185,6.27,19.33,26.87,27.8,89.0,,0,0,MEDIUM,MEDIUM,0,0,0,0,STABLE,ADVANCED,99.9,0,EVENING,0,0,0,1,8
WH-01156,LIVE_URL,MARKETPLACE,74649,64,13.64,14.55,22.99,46.65,54.6,89.0,1,1,HIGH,HIGH,0,0,0,0,STABLE,INTERMEDIATE,99.99,1,WEEKEND,0,0,1,2,8
WH-01157,LIVE_URL,SAAS,249097,4275,13.79,982.54,2092.8,368.05,98.6,63.2,1,0,HIGH,HIGH,0,0,1,0,STABLE,BEGINNER,99.9,0,WEEKEND,1,0,1,32,64
WH-01158,LIVE_URL,MARKETPLACE,211234,3115,14.04,728.91,2048.24,163.55,100.3,82.0,1,0,HIGH,HIGH,0,0,0,0,RAPID,ADVANCED,99.9,0,EVENT_DRIVEN,0,1,0,32,64
WH-01159,NEW_IDEA,API_SERVICE,95896,2289,24.11,919.8,3522.82,307.49,175.9,,0,0,HIGH,VERY_HIGH,0,0,0,0,RAPID,BEGINNER,99.9,0,EVENT_DRIVEN,1,0,0,32,64
WH-01160,PLANNED,BLOG,10078,23,1.84,0.71,1.26,18.49,61.1,,0,1,LOW,LOW,0,0,0,0,MEDIUM,BEGINNER,BASIC,0,EVENING,0,0,1,1,4
WH-01161,LIVE_URL,NEWS,104544,708,8.89,104.9,153.16,52.17,64.6,99.0,1,0,MEDIUM,MEDIUM,0,0,1,0,MEDIUM,INTERMEDIATE,99.9,0,BUSINESS_HOURS,0,0,1,4,8
WH-01162,PLANNED,SAAS,1600770,77,9.65,12.38,28.98,18.97,90.2,,0,1,HIGH,HIGH,0,0,0,0,SLOW,BEGINNER,99.9,0,EVENT_DRIVEN,0,0,1,2,8
WH-01163,PLANNED,SAAS,1069050,2475,15.0,618.75,1466.44,310.31,133.0,,0,0,HIGH,HIGH,0,0,0,0,RAPID,BEGINNER,99.95,1,SEASONAL,0,0,1,32,64
WH-01164,PLANNED,MARKETPLACE,395985,4532,19.59,1479.7,3432.9,504.42,212.0,,0,1,VERY_HIGH,HIGH,0,0,0,0,SLOW,BEGINNER,99.99,1,EVENT_DRIVEN,0,0,0,32,64
WH-01165,PLANNED,MARKETPLACE,901581,4626,15.46,1191.97,3742.77,358.23,34.1,,0,1,MEDIUM,HIGH,1,1134,1,0,RAPID,BEGINNER,99.9,0,SEASONAL,1,0,0,32,64
WH-01166,PLANNED,EDUCATION,3538,68,7.57,8.58,34.15,36.38,106.1,,0,1,MEDIUM,LOW,0,0,0,0,MEDIUM,INTERMEDIATE,99.9,0,EVENT_DRIVEN,0,0,1,2,8
WH-01167,NEW_IDEA,API_SERVICE,243573,5213,21.86,1899.27,5545.87,1082.08,95.4,,0,0,MEDIUM,VERY_HIGH,1,3353,0,0,SLOW,INTERMEDIATE,BASIC,0,EVENT_DRIVEN,1,1,0,32,64
WH-01168,PLANNED,INTERNAL_BUSINESS,8275,20,4.53,1.51,3.13,15.24,38.6,,0,1,LOW,MEDIUM,0,0,0,0,MEDIUM,INTERMEDIATE,99.95,1,SEASONAL,0,0,0,2,4
WH-01169,NEW_IDEA,ECOMMERCE,34752,411,11.45,78.43,261.96,291.63,74.4,,0,0,HIGH,HIGH,0,0,1,0,STABLE,BEGINNER,99.99,1,SEASONAL,1,0,1,16,32
WH-01170,LIVE_URL,SAAS,592437,6436,15.87,1702.32,2451.34,478.98,329.3,90.4,1,1,HIGH,HIGH,0,0,1,1,MEDIUM,INTERMEDIATE,99.95,1,BUSINESS_HOURS,0,0,1,32,64
WH-01171,LIVE_URL,INTERNAL_BUSINESS,13460,22,9.32,3.42,4.0,40.64,56.8,73.1,1,0,MEDIUM,MEDIUM,0,0,0,0,STABLE,BEGINNER,99.5,0,NORMAL,0,0,0,2,4
WH-01172,LIVE_URL,SAAS,665838,2626,15.45,676.19,1021.05,124.21,26.0,59.8,1,0,HIGH,HIGH,0,0,1,0,MEDIUM,INTERMEDIATE,99.99,1,NORMAL,1,1,0,32,64
WH-01173,LIVE_URL,API_SERVICE,518414,3434,17.03,974.68,1393.8,106.56,27.9,77.4,1,0,MEDIUM,VERY_HIGH,0,0,1,0,RAPID,BEGINNER,99.9,0,EVENING,0,0,0,32,64
WH-01174,NEW_IDEA,INTERNAL_BUSINESS,3347,3,8.9,0.45,0.52,23.08,18.5,,0,1,MEDIUM,LOW,0,0,0,0,MEDIUM,INTERMEDIATE,99.95,1,NORMAL,0,0,0,2,8
WH-01175,NEW_IDEA,ECOMMERCE,163761,32,13.82,7.37,8.48,19.17,39.0,,0,1,HIGH,HIGH,0,0,0,0,STABLE,ADVANCED,99.9,0,NORMAL,0,0,0,1,8
WH-01176,PLANNED,API_SERVICE,1368923,3868,17.85,1150.73,3406.16,371.54,53.1,,0,0,MEDIUM,HIGH,0,0,1,0,MEDIUM,BEGINNER,99.9,0,SEASONAL,1,1,1,32,64
WH-01177,NEW_IDEA,ECOMMERCE,10541,36,8.34,5.0,9.26,42.14,97.1,,0,0,HIGH,HIGH,0,0,1,0,STABLE,INTERMEDIATE,99.9,0,SEASONAL,0,0,1,1,8
WH-01178,LIVE_URL,ECOMMERCE,204516,57,9.29,8.83,24.98,31.46,63.5,49.5,1,1,HIGH,VERY_HIGH,0,0,0,0,MEDIUM,INTERMEDIATE,99.9,0,SEASONAL,0,0,1,2,8
WH-01179,LIVE_URL,API_SERVICE,130199,2227,27.84,1033.33,1405.33,274.25,60.0,98.0,1,1,LOW,VERY_HIGH,1,1856,1,0,MEDIUM,ADVANCED,99.95,1,NORMAL,0,0,0,32,32
WH-01180,NEW_IDEA,ECOMMERCE,529411,348,9.75,56.55,84.82,61.02,23.0,,0,1,MEDIUM,HIGH,0,0,1,0,SLOW,BEGINNER,99.95,1,BUSINESS_HOURS,1,0,0,8,16
WH-01181,LIVE_URL,SAAS,174791,911,19.79,300.48,480.77,297.87,282.8,,0,1,VERY_HIGH,MEDIUM,0,0,1,0,MEDIUM,INTERMEDIATE,BASIC,0,BUSINESS_HOURS,0,0,0,32,64
WH-01182,LIVE_URL,ECOMMERCE,39263,135,7.98,17.95,35.73,26.11,18.8,69.1,1,0,HIGH,MEDIUM,0,0,1,0,RAPID,ADVANCED,99.9,0,WEEKEND,0,0,1,2,8
WH-01183,PLANNED,PORTFOLIO,4633,17,2.77,0.78,0.93,14.41,26.2,,0,1,LOW,MEDIUM,0,0,0,0,RAPID,ADVANCED,99.5,0,NORMAL,0,0,0,2,4
WH-01184,PLANNED,SAAS,1479390,3352,15.77,881.02,2784.01,303.16,223.8,,0,0,HIGH,HIGH,1,2235,1,0,STABLE,BEGINNER,99.95,1,EVENT_DRIVEN,0,0,1,32,64
WH-01185,PLANNED,NEWS,411121,168,5.17,14.48,24.9,46.54,111.9,,0,0,MEDIUM,MEDIUM,0,0,0,0,MEDIUM,BEGINNER,99.9,0,EVENING,0,0,0,2,4
WH-01186,NEW_IDEA,MEDIA_STREAMING,87110,56,5.78,5.39,6.74,11.82,109.9,,0,0,MEDIUM,HIGH,0,0,0,1,STABLE,BEGINNER,99.9,0,NORMAL,0,0,1,2,8
WH-01187,PLANNED,MEDIA_STREAMING,57321,1661,3.66,101.32,182.38,72.74,440.1,,0,0,HIGH,MEDIUM,1,1134,0,1,RAPID,INTERMEDIATE,99.5,0,EVENING,0,0,1,16,32
WH-01188,PLANNED,SAAS,415513,1898,20.09,635.51,2001.87,378.83,63.4,,0,1,HIGH,VERY_HIGH,1,579,0,0,RAPID,ADVANCED,99.9,0,SEASONAL,0,0,0,32,64
WH-01189,LIVE_URL,SAAS,116175,2376,17.23,682.31,1016.64,151.53,46.5,62.0,1,0,VERY_HIGH,VERY_HIGH,0,0,1,0,SLOW,ADVANCED,99.95,1,EVENING,1,0,0,32,64
WH-01190,PLANNED,API_SERVICE,38234,329,25.23,138.34,395.67,76.55,40.4,,0,1,MEDIUM,VERY_HIGH,0,0,0,0,STABLE,BEGINNER,99.9,0,EVENT_DRIVEN,0,0,1,32,64
WH-01191,PLANNED,SAAS,1775495,7252,13.89,1678.84,3894.9,3486.07,415.6,,0,1,VERY_HIGH,HIGH,0,0,1,0,STABLE,INTERMEDIATE,99.95,1,SEASONAL,0,0,1,32,64
WH-01192,LIVE_URL,MARKETPLACE,652159,5868,7.66,749.15,1296.03,991.69,56.9,56.1,1,1,HIGH,VERY_HIGH,0,0,1,0,SLOW,BEGINNER,99.95,1,EVENING,0,0,0,32,64
WH-01193,PLANNED,COMMUNITY,4484,109,4.33,7.87,12.04,45.51,67.1,,0,0,MEDIUM,MEDIUM,1,85,0,0,STABLE,BEGINNER,BASIC,0,NORMAL,0,0,0,1,4
WH-01194,PLANNED,BLOG,2166,9,3.88,0.58,1.02,9.79,27.3,,0,1,LOW,LOW,0,0,0,1,SLOW,BEGINNER,BASIC,0,EVENING,0,0,1,2,4
WH-01195,NEW_IDEA,SAAS,701386,155,12.73,32.89,45.05,85.47,15.9,,0,0,MEDIUM,HIGH,0,0,0,0,SLOW,BEGINNER,99.99,1,NORMAL,0,0,0,4,8
WH-01196,NEW_IDEA,MARKETPLACE,259499,3546,19.11,1129.4,4336.9,439.76,414.8,,0,0,HIGH,HIGH,0,0,1,1,MEDIUM,BEGINNER,99.9,0,EVENT_DRIVEN,0,0,1,32,64
WH-01197,LIVE_URL,NEWS,34951,1019,2.62,44.5,55.18,94.02,21.4,73.5,1,0,MEDIUM,MEDIUM,0,0,0,0,MEDIUM,ADVANCED,99.9,0,NORMAL,0,0,1,2,8
WH-01198,PLANNED,PORTFOLIO,19723,49,2.24,1.83,3.09,20.11,11.6,,0,0,LOW,LOW,0,0,0,0,SLOW,INTERMEDIATE,99.5,0,EVENING,0,0,1,2,4
WH-01199,NEW_IDEA,MEDIA_STREAMING,151456,141,3.91,9.19,15.9,16.31,259.7,,0,1,HIGH,MEDIUM,0,0,0,1,RAPID,INTERMEDIATE,99.9,0,BUSINESS_HOURS,0,0,1,1,8
WH-01200,LIVE_URL,BLOG,20029,87,3.06,4.44,5.72,14.4,31.7,90.8,1,0,LOW,LOW,0,0,0,0,RAPID,BEGINNER,99.9,0,WEEKEND,0,1,0,2,4
WH-01201,PLANNED,NEWS,36259,381,4.99,31.69,55.45,66.02,494.4,,0,0,HIGH,MEDIUM,0,0,0,1,STABLE,INTERMEDIATE,99.95,1,BUSINESS_HOURS,0,0,0,4,8
WH-01202,NEW_IDEA,ECOMMERCE,123930,1256,17.37,363.61,959.94,312.9,118.7,,0,0,VERY_HIGH,MEDIUM,0,0,1,0,MEDIUM,ADVANCED,99.9,0,SEASONAL,0,1,0,32,64
WH-01203,PLANNED,SAAS,6632,76,6.51,8.25,12.29,35.67,190.4,,0,0,HIGH,HIGH,0,0,1,0,MEDIUM,INTERMEDIATE,99.9,0,BUSINESS_HOURS,0,0,0,1,8
WH-01204,LIVE_URL,MARKETPLACE,619204,159,7.73,20.48,36.26,10.03,98.9,44.8,1,0,HIGH,HIGH,0,0,0,1,SLOW,INTERMEDIATE,99.95,1,BUSINESS_HOURS,0,0,1,4,8
WH-01205,PLANNED,EDUCATION,6486,25,7.53,3.14,4.67,29.35,10.0,,0,0,LOW,MEDIUM,0,0,0,0,RAPID,INTERMEDIATE,99.95,1,BUSINESS_HOURS,0,0,0,2,4
WH-01206,LIVE_URL,NEWS,20904,74,6.65,8.2,13.53,87.13,75.7,49.8,1,1,MEDIUM,LOW,0,0,0,0,MEDIUM,INTERMEDIATE,99.5,0,EVENING,0,0,0,1,4
WH-01207,PLANNED,API_SERVICE,21373,101,18.07,30.42,53.54,12.65,37.6,,0,1,MEDIUM,HIGH,0,0,0,0,SLOW,BEGINNER,BASIC,0,BUSINESS_HOURS,0,0,1,4,8
WH-01208,NEW_IDEA,ECOMMERCE,163113,186,10.25,31.77,82.93,20.32,20.5,,0,0,HIGH,HIGH,0,0,1,0,MEDIUM,BEGINNER,99.95,1,EVENT_DRIVEN,0,0,1,4,16
WH-01209,PLANNED,API_SERVICE,126356,1654,15.71,433.07,593.31,108.57,45.1,,0,1,MEDIUM,HIGH,0,0,0,0,SLOW,BEGINNER,99.9,0,WEEKEND,0,1,0,32,64
WH-01210,LIVE_URL,API_SERVICE,1361721,1298,10.95,236.88,364.8,91.91,79.3,99.0,1,0,MEDIUM,VERY_HIGH,0,0,1,0,STABLE,INTERMEDIATE,99.9,0,BUSINESS_HOURS,0,0,1,32,64
WH-01211,NEW_IDEA,MARKETPLACE,28403,577,11.94,114.82,221.61,57.24,132.0,,0,1,HIGH,HIGH,1,337,0,0,STABLE,ADVANCED,99.99,1,BUSINESS_HOURS,0,0,1,16,32
WH-01212,LIVE_URL,BLOG,75583,52,3.37,2.92,3.62,27.77,11.0,,0,0,LOW,LOW,0,0,1,0,SLOW,INTERMEDIATE,99.5,0,NORMAL,0,1,0,2,4
WH-01213,PLANNED,CORPORATE,4209,62,1.97,2.04,4.07,10.17,27.5,,0,1,LOW,LOW,0,0,0,0,MEDIUM,BEGINNER,99.9,0,EVENING,0,0,1,1,4
WH-01214,LIVE_URL,NEWS,77640,2169,5.53,199.91,249.89,94.1,49.5,89.4,1,0,LOW,HIGH,0,0,0,0,MEDIUM,INTERMEDIATE,99.5,0,NORMAL,0,0,0,8,8
WH-01215,LIVE_URL,PORTFOLIO,1498,4,1.8,0.12,0.2,8.0,38.8,85.7,1,1,LOW,LOW,0,0,1,0,MEDIUM,BEGINNER,99.95,1,WEEKEND,0,0,0,2,4
WH-01216,PLANNED,PORTFOLIO,1042,20,3.38,1.13,1.45,27.13,53.8,,0,0,LOW,LOW,0,0,0,0,MEDIUM,ADVANCED,99.5,0,NORMAL,0,0,0,2,4
WH-01217,LIVE_URL,SAAS,27626,28,12.57,5.87,7.27,24.22,115.3,65.2,1,0,HIGH,HIGH,0,0,1,0,MEDIUM,ADVANCED,99.5,0,NORMAL,0,0,1,1,8
WH-01218,PLANNED,MARKETPLACE,17515,59,14.69,14.45,20.95,47.34,185.6,,0,0,HIGH,HIGH,0,0,1,0,STABLE,INTERMEDIATE,99.9,0,NORMAL,0,0,0,2,8
WH-01219,LIVE_URL,SAAS,328892,5234,13.76,1200.33,2268.62,578.76,581.3,72.1,1,1,VERY_HIGH,HIGH,0,0,1,1,SLOW,INTERMEDIATE,99.95,1,EVENING,0,0,1,32,64
WH-01220,NEW_IDEA,CORPORATE,21770,39,1.98,1.29,3.05,21.02,79.1,,0,1,LOW,LOW,0,0,0,0,RAPID,BEGINNER,BASIC,0,EVENT_DRIVEN,0,0,0,2,4
WH-01221,PLANNED,ECOMMERCE,46696,145,13.22,31.95,89.14,25.57,152.4,,0,1,VERY_HIGH,HIGH,0,0,0,0,RAPID,INTERMEDIATE,99.9,0,SEASONAL,0,0,0,8,16
WH-01222,LIVE_URL,SAAS,975348,3260,19.37,1052.44,3136.26,284.18,31.3,50.0,1,0,VERY_HIGH,HIGH,0,0,1,0,STABLE,ADVANCED,99.95,1,EVENT_DRIVEN,0,1,1,32,64
WH-01223,LIVE_URL,API_SERVICE,572087,1665,26.96,748.14,1907.76,847.93,57.3,70.1,1,0,HIGH,VERY_HIGH,1,617,0,0,STABLE,INTERMEDIATE,99.95,1,EVENT_DRIVEN,1,0,1,32,64
WH-01224,PLANNED,SAAS,354015,5836,23.99,2333.43,2800.11,902.45,32.3,,0,0,HIGH,HIGH,1,1815,0,0,STABLE,INTERMEDIATE,99.5,0,NORMAL,0,1,1,32,64
WH-01225,LIVE_URL,ECOMMERCE,62002,383,13.05,83.3,336.54,129.83,31.7,38.8,1,0,MEDIUM,HIGH,0,0,1,0,STABLE,INTERMEDIATE,99.9,0,EVENT_DRIVEN,0,0,0,16,32
WH-01226,LIVE_URL,MARKETPLACE,270017,3191,12.66,673.3,2289.22,248.42,25.3,58.6,1,0,MEDIUM,HIGH,1,1195,0,0,RAPID,INTERMEDIATE,99.95,1,SEASONAL,1,1,0,32,64
WH-01227,NEW_IDEA,COMMUNITY,224543,45,4.94,3.71,5.41,19.09,10.0,,0,0,LOW,MEDIUM,0,0,0,0,MEDIUM,INTERMEDIATE,99.5,0,BUSINESS_HOURS,0,0,0,1,4
WH-01228,PLANNED,MARKETPLACE,168110,115,13.93,26.7,38.98,27.82,15.7,,0,0,MEDIUM,HIGH,0,0,0,0,MEDIUM,BEGINNER,99.99,1,EVENING,0,0,1,2,8
WH-01229,NEW_IDEA,BLOG,79352,13,2.23,0.48,0.71,71.82,42.7,,0,0,LOW,MEDIUM,0,0,0,0,SLOW,INTERMEDIATE,99.9,0,NORMAL,0,0,1,1,4
WH-01230,PLANNED,SAAS,1273041,4748,20.71,1638.85,2409.11,315.09,38.4,,0,0,HIGH,HIGH,1,3945,1,0,SLOW,INTERMEDIATE,99.5,0,NORMAL,0,0,1,32,64
WH-01231,LIVE_URL,ECOMMERCE,12441,62,11.16,11.53,36.67,71.67,50.5,99.0,1,0,MEDIUM,MEDIUM,0,0,1,0,STABLE,BEGINNER,99.95,1,EVENT_DRIVEN,0,0,0,2,8
WH-01232,NEW_IDEA,SAAS,767942,80,7.54,10.05,16.89,36.06,162.6,,0,1,HIGH,HIGH,1,54,0,1,MEDIUM,BEGINNER,99.99,1,BUSINESS_HOURS,0,0,0,2,8
WH-01233,PLANNED,PORTFOLIO,6688,9,3.74,0.56,1.37,25.11,70.1,,0,1,LOW,MEDIUM,0,0,0,0,MEDIUM,BEGINNER,99.5,0,SEASONAL,0,0,0,1,2
WH-01234,NEW_IDEA,EDUCATION,4131,9,8.95,1.34,2.08,22.39,70.5,,0,1,MEDIUM,MEDIUM,0,0,0,0,MEDIUM,ADVANCED,99.9,0,NORMAL,0,0,1,2,4
WH-01235,LIVE_URL,ECOMMERCE,220383,3260,14.65,795.98,1886.48,464.54,203.8,60.5,1,0,HIGH,HIGH,0,0,0,1,STABLE,BEGINNER,99.95,1,SEASONAL,1,0,1,32,64
WH-01236,LIVE_URL,SAAS,14020,188,20.43,64.01,81.94,109.75,289.6,84.2,1,0,HIGH,HIGH,0,0,1,1,MEDIUM,INTERMEDIATE,99.95,1,NORMAL,0,1,1,8,16
WH-01237,PLANNED,MARKETPLACE,745661,5343,18.24,1624.27,2468.89,233.57,33.0,,0,0,HIGH,HIGH,0,0,1,0,MEDIUM,BEGINNER,99.95,1,BUSINESS_HOURS,0,1,1,32,64
WH-01238,LIVE_URL,ECOMMERCE,26973,39,5.41,3.52,10.94,37.51,180.9,60.8,1,0,HIGH,HIGH,0,0,0,1,SLOW,BEGINNER,BASIC,0,EVENT_DRIVEN,0,0,1,1,8
WH-01239,NEW_IDEA,ECOMMERCE,464014,795,15.36,203.52,380.58,38.69,113.6,,0,0,HIGH,HIGH,0,0,1,0,STABLE,INTERMEDIATE,99.9,0,BUSINESS_HOURS,0,0,0,32,64
WH-01240,NEW_IDEA,SAAS,13378,296,13.66,67.39,77.5,20.44,181.0,,0,1,HIGH,HIGH,1,82,1,0,RAPID,INTERMEDIATE,99.95,1,NORMAL,0,0,1,8,16
WH-01241,PLANNED,CORPORATE,20889,7,2.9,0.34,0.64,13.32,36.6,,0,1,LOW,LOW,0,0,0,0,RAPID,ADVANCED,99.9,0,WEEKEND,0,0,0,2,4
WH-01242,NEW_IDEA,CORPORATE,46432,44,1.76,1.29,1.95,12.07,18.3,,0,1,LOW,LOW,0,0,0,0,MEDIUM,BEGINNER,99.95,1,BUSINESS_HOURS,0,0,1,2,4
WH-01243,NEW_IDEA,SAAS,301503,3493,22.22,1293.57,1811.0,373.85,173.4,,0,0,HIGH,VERY_HIGH,1,2933,1,0,SLOW,INTERMEDIATE,99.95,1,NORMAL,1,0,1,32,64
WH-01244,NEW_IDEA,BLOG,2363,9,3.19,0.48,0.84,24.73,30.1,,0,0,LOW,LOW,0,0,0,0,SLOW,BEGINNER,BASIC,0,EVENING,0,0,0,2,4
WH-01245,NEW_IDEA,CORPORATE,7795,78,2.21,2.87,7.21,16.82,77.6,,0,0,LOW,MEDIUM,0,0,1,0,SLOW,INTERMEDIATE,99.99,1,EVENT_DRIVEN,0,0,1,2,4
WH-01246,LIVE_URL,PORTFOLIO,1113,6,3.37,0.34,1.15,8.64,52.2,65.8,1,0,LOW,LOW,0,0,0,0,STABLE,ADVANCED,99.95,1,EVENT_DRIVEN,0,0,0,2,4
WH-01247,PLANNED,EDUCATION,372864,793,9.57,126.48,441.43,148.28,27.6,,0,1,MEDIUM,MEDIUM,0,0,0,0,SLOW,ADVANCED,99.95,1,EVENT_DRIVEN,0,0,0,16,32
WH-01248,LIVE_URL,BLOG,73145,13,1.93,0.42,0.62,34.76,30.7,99.0,1,1,LOW,LOW,0,0,1,0,MEDIUM,BEGINNER,99.95,1,NORMAL,0,0,0,2,4
WH-01249,PLANNED,COMMUNITY,83693,1322,10.63,234.21,437.98,46.67,56.0,,0,1,MEDIUM,MEDIUM,1,528,1,0,SLOW,INTERMEDIATE,99.9,0,WEEKEND,0,1,1,16,32
WH-01250,PLANNED,BLOG,26495,13,1.61,0.35,0.59,14.01,18.5,,0,1,LOW,LOW,0,0,0,0,RAPID,INTERMEDIATE,99.9,0,BUSINESS_HOURS,0,0,0,1,4
WH-01251,PLANNED,SAAS,894299,5118,14.6,1245.38,4221.84,322.6,32.5,,0,1,HIGH,HIGH,0,0,1,0,SLOW,ADVANCED,99.9,0,EVENT_DRIVEN,0,0,1,32,64
WH-01252,LIVE_URL,SAAS,17371,46,14.98,11.48,17.0,10.81,62.6,62.8,1,0,MEDIUM,HIGH,1,22,1,0,MEDIUM,INTERMEDIATE,99.95,1,EVENING,0,0,0,2,8
WH-01253,PLANNED,MEDIA_STREAMING,716049,304,4.77,24.17,40.12,42.5,240.4,,0,1,HIGH,MEDIUM,0,0,0,1,SLOW,INTERMEDIATE,99.99,1,EVENING,0,0,0,2,8
WH-01254,PLANNED,CORPORATE,7073,8,2.74,0.37,0.98,8.03,16.4,,0,0,LOW,LOW,0,0,0,0,MEDIUM,BEGINNER,99.9,0,SEASONAL,0,0,1,1,4
WH-01255,NEW_IDEA,ECOMMERCE,256509,2767,6.43,296.53,524.86,156.59,16.1,,0,0,MEDIUM,MEDIUM,0,0,1,0,MEDIUM,INTERMEDIATE,99.9,0,WEEKEND,0,0,1,32,64
WH-01256,PLANNED,MARKETPLACE,14891,44,19.5,14.3,18.3,22.29,178.9,,0,0,HIGH,HIGH,0,0,0,1,MEDIUM,BEGINNER,99.9,0,NORMAL,0,0,0,2,8
WH-01257,LIVE_URL,MEDIA_STREAMING,22882,127,2.84,6.01,7.09,20.29,162.5,,0,1,MEDIUM,HIGH,0,0,1,1,RAPID,BEGINNER,99.9,0,NORMAL,0,0,0,1,8
WH-01258,LIVE_URL,COMMUNITY,27584,87,5.47,7.93,13.64,29.65,69.6,,0,0,MEDIUM,MEDIUM,0,0,0,0,MEDIUM,BEGINNER,99.99,1,BUSINESS_HOURS,0,0,0,2,8
WH-01259,NEW_IDEA,API_SERVICE,638460,5321,29.55,2620.59,4009.51,322.81,42.5,,0,0,MEDIUM,VERY_HIGH,0,0,1,0,SLOW,BEGINNER,99.9,0,NORMAL,0,1,0,32,64
WH-01260,PLANNED,BLOG,23945,6,4.44,0.44,0.77,20.85,58.1,,0,0,LOW,LOW,0,0,0,0,MEDIUM,INTERMEDIATE,99.9,0,SEASONAL,0,0,1,2,4
WH-01261,PLANNED,API_SERVICE,550752,1588,14.62,386.94,557.2,87.99,13.3,,0,0,LOW,VERY_HIGH,0,0,1,0,SLOW,INTERMEDIATE,99.95,1,NORMAL,0,0,0,32,32
WH-01262,LIVE_URL,ECOMMERCE,21580,505,14.58,122.71,161.98,42.99,25.4,82.1,1,1,HIGH,MEDIUM,0,0,1,0,STABLE,BEGINNER,BASIC,0,EVENING,0,0,1,8,16
WH-01263,NEW_IDEA,SAAS,31105,66,20.53,22.58,30.04,15.92,47.0,,0,0,HIGH,HIGH,1,35,1,0,RAPID,BEGINNER,99.9,0,NORMAL,0,0,1,2,8
WH-01264,PLANNED,ECOMMERCE,15680,75,10.89,13.61,22.73,35.19,108.1,,0,0,HIGH,HIGH,1,15,1,1,SLOW,ADVANCED,99.95,1,BUSINESS_HOURS,1,0,1,2,8
WH-01265,NEW_IDEA,CORPORATE,3728,33,5.77,3.17,4.28,10.13,28.6,,0,1,LOW,LOW,0,0,1,1,STABLE,BEGINNER,99.9,0,NORMAL,0,0,0,2,4
WH-01266,LIVE_URL,ECOMMERCE,165438,839,16.25,227.23,349.93,90.84,163.9,,0,0,HIGH,HIGH,0,0,1,0,MEDIUM,INTERMEDIATE,99.99,1,NORMAL,0,0,1,32,64
WH-01267,LIVE_URL,CORPORATE,66175,22,2.73,1.0,1.58,34.36,44.9,69.5,1,0,LOW,LOW,0,0,0,0,MEDIUM,INTERMEDIATE,99.9,0,BUSINESS_HOURS,0,0,0,1,4
WH-01268,LIVE_URL,SAAS,183288,1043,15.22,264.57,431.26,78.65,36.0,65.6,1,0,HIGH,HIGH,0,0,0,0,RAPID,ADVANCED,BASIC,0,WEEKEND,0,0,1,32,64
WH-01269,PLANNED,ECOMMERCE,128073,224,5.84,21.8,28.13,183.05,18.1,,0,1,MEDIUM,VERY_HIGH,1,158,1,0,RAPID,INTERMEDIATE,99.9,0,NORMAL,0,1,0,2,8
WH-01270,NEW_IDEA,SAAS,54976,459,13.66,104.5,145.25,40.38,41.2,,0,0,HIGH,HIGH,1,138,0,0,MEDIUM,ADVANCED,99.9,0,BUSINESS_HOURS,0,0,1,8,16
WH-01271,PLANNED,EDUCATION,161033,1084,8.47,153.02,397.86,38.42,76.5,,0,0,MEDIUM,HIGH,0,0,0,0,STABLE,INTERMEDIATE,99.5,0,SEASONAL,0,0,0,16,32
WH-01272,LIVE_URL,CORPORATE,13344,74,1.81,2.23,7.66,28.03,94.1,58.8,1,0,LOW,LOW,0,0,0,1,SLOW,ADVANCED,99.9,0,EVENT_DRIVEN,0,0,0,1,4
WH-01273,PLANNED,CORPORATE,95578,148,1.83,4.51,6.77,34.65,15.8,,0,0,LOW,LOW,0,0,1,0,MEDIUM,BEGINNER,99.9,0,NORMAL,0,0,1,2,4
WH-01274,PLANNED,COMMUNITY,195217,270,13.48,60.66,90.99,29.76,73.7,,0,1,MEDIUM,LOW,0,0,1,0,RAPID,ADVANCED,BASIC,0,BUSINESS_HOURS,0,1,1,4,8
WH-01275,LIVE_URL,CORPORATE,3363,6,2.46,0.25,0.51,26.08,20.6,75.7,1,0,LOW,LOW,0,0,0,0,RAPID,ADVANCED,BASIC,0,EVENT_DRIVEN,0,1,0,2,4
WH-01276,NEW_IDEA,CORPORATE,13760,41,4.94,3.38,6.92,16.25,71.4,,0,0,LOW,LOW,0,0,0,0,STABLE,BEGINNER,99.5,0,WEEKEND,0,0,0,2,4
WH-01277,PLANNED,NEWS,281733,531,3.74,33.1,45.35,39.5,46.3,,0,0,MEDIUM,LOW,0,0,0,0,STABLE,INTERMEDIATE,BASIC,0,BUSINESS_HOURS,0,0,1,2,8
WH-01278,NEW_IDEA,CORPORATE,2397,17,2.16,0.61,0.88,15.89,24.6,,0,0,LOW,LOW,0,0,0,0,MEDIUM,BEGINNER,99.95,1,NORMAL,0,0,0,2,4
WH-01279,LIVE_URL,MARKETPLACE,35081,264,13.48,59.31,111.51,113.86,347.1,66.0,1,1,HIGH,HIGH,0,0,1,1,RAPID,BEGINNER,99.9,0,EVENING,0,1,0,8,16
WH-01280,LIVE_URL,MARKETPLACE,610818,5600,12.81,1195.6,2020.56,653.28,122.7,69.0,1,0,HIGH,HIGH,0,0,1,1,SLOW,ADVANCED,99.5,0,BUSINESS_HOURS,0,1,1,32,64
WH-01281,LIVE_URL,SAAS,84884,1053,16.2,284.31,383.82,69.75,431.4,70.5,1,0,HIGH,VERY_HIGH,1,593,1,1,SLOW,INTERMEDIATE,99.95,1,NORMAL,0,0,0,32,64
WH-01282,LIVE_URL,MARKETPLACE,542454,2818,17.84,837.89,1332.24,241.54,395.4,47.1,1,1,HIGH,VERY_HIGH,1,861,1,1,MEDIUM,INTERMEDIATE,99.95,1,EVENING,0,1,1,32,64
WH-01283,PLANNED,SAAS,16815,322,15.09,80.98,166.82,52.19,19.3,,0,1,HIGH,MEDIUM,0,0,0,0,STABLE,BEGINNER,99.5,0,EVENING,0,0,1,8,16
WH-01284,LIVE_URL,SAAS,543330,3794,21.5,1359.52,2406.34,198.62,205.5,35.1,1,0,HIGH,HIGH,0,0,0,0,RAPID,BEGINNER,99.95,1,EVENING,0,0,1,32,64
WH-01285,LIVE_URL,BLOG,3301,43,2.35,1.68,2.36,10.77,10.0,81.9,1,0,LOW,LOW,0,0,0,0,MEDIUM,INTERMEDIATE,99.95,1,WEEKEND,0,1,0,2,4
WH-01286,PLANNED,SAAS,1165905,5855,16.87,1646.23,2321.19,494.93,204.4,,0,1,HIGH,HIGH,0,0,0,0,SLOW,ADVANCED,99.9,0,NORMAL,1,0,1,32,64
WH-01287,LIVE_URL,MEDIA_STREAMING,667448,599,4.31,43.03,174.69,31.74,27.4,72.3,1,0,MEDIUM,MEDIUM,0,0,0,0,MEDIUM,BEGINNER,99.99,1,EVENT_DRIVEN,0,0,0,8,16
WH-01288,NEW_IDEA,ECOMMERCE,17586,132,16.93,37.25,50.28,72.73,37.9,,0,1,HIGH,HIGH,0,0,1,0,STABLE,BEGINNER,99.9,0,EVENING,0,0,1,4,8
WH-01289,NEW_IDEA,MARKETPLACE,12568,166,14.74,40.78,49.34,30.29,119.2,,0,0,HIGH,HIGH,0,0,0,0,STABLE,INTERMEDIATE,99.9,0,NORMAL,0,0,1,2,8
WH-01290,NEW_IDEA,BLOG,17319,47,4.74,3.71,11.62,15.5,13.9,,0,1,LOW,LOW,0,0,0,0,SLOW,INTERMEDIATE,99.5,0,SEASONAL,0,1,0,2,4
WH-01291,LIVE_URL,API_SERVICE,1269361,3128,23.36,1217.83,2593.99,310.43,165.0,,0,0,HIGH,VERY_HIGH,1,1415,0,0,STABLE,BEGINNER,99.9,0,WEEKEND,0,1,0,32,64
WH-01292,PLANNED,ECOMMERCE,53091,33,5.07,2.79,8.95,96.48,257.7,,0,1,HIGH,HIGH,0,0,0,0,MEDIUM,BEGINNER,BASIC,0,SEASONAL,0,0,1,2,8
WH-01293,NEW_IDEA,SAAS,16009,396,23.92,157.87,268.38,126.11,115.6,,0,0,MEDIUM,HIGH,0,0,0,0,MEDIUM,BEGINNER,99.95,1,BUSINESS_HOURS,0,0,0,16,32
WH-01294,LIVE_URL,EDUCATION,69705,52,11.22,9.72,12.64,8.0,50.7,87.6,1,0,LOW,MEDIUM,0,0,0,0,RAPID,BEGINNER,BASIC,0,NORMAL,0,0,0,1,4
WH-01295,NEW_IDEA,BLOG,23504,17,4.68,1.33,1.62,23.22,10.8,,0,0,LOW,LOW,0,0,1,0,MEDIUM,BEGINNER,BASIC,0,NORMAL,0,0,0,1,4
WH-01296,NEW_IDEA,NEWS,565056,254,4.58,19.39,25.01,40.44,28.5,,0,0,MEDIUM,MEDIUM,0,0,0,0,RAPID,BEGINNER,99.9,0,NORMAL,0,1,0,2,4
WH-01297,PLANNED,SAAS,8929,141,8.81,20.7,35.82,34.43,59.1,,0,0,HIGH,VERY_HIGH,0,0,1,0,RAPID,ADVANCED,99.95,1,SEASONAL,0,1,0,4,16
WH-01298,PLANNED,COMMUNITY,4640,127,4.06,8.59,10.83,14.8,21.3,,0,1,MEDIUM,LOW,0,0,1,0,MEDIUM,BEGINNER,99.95,1,NORMAL,0,0,0,2,8
WH-01299,LIVE_URL,SAAS,1292573,167,12.72,35.4,61.96,36.49,118.3,72.3,1,0,HIGH,HIGH,0,0,0,0,MEDIUM,INTERMEDIATE,BASIC,0,BUSINESS_HOURS,0,0,1,4,8
WH-01300,PLANNED,ECOMMERCE,64935,51,10.12,8.6,17.38,26.67,39.7,,0,0,HIGH,MEDIUM,1,23,0,0,STABLE,INTERMEDIATE,99.9,0,SEASONAL,0,1,1,2,8
WH-01301,LIVE_URL,SAAS,464042,6565,11.23,1228.75,1732.54,228.19,244.4,60.9,1,1,VERY_HIGH,VERY_HIGH,0,0,0,0,RAPID,INTERMEDIATE,99.99,1,NORMAL,0,1,0,32,64
WH-01302,LIVE_URL,SAAS,116185,3138,13.64,713.37,1055.79,258.09,180.7,71.3,1,0,VERY_HIGH,MEDIUM,0,0,0,1,MEDIUM,ADVANCED,99.9,0,NORMAL,0,1,0,32,64
WH-01303,PLANNED,NEWS,753291,97,7.09,11.46,16.73,12.67,46.2,,0,1,HIGH,MEDIUM,0,0,0,0,SLOW,BEGINNER,99.95,1,EVENING,0,0,1,2,8
WH-01304,PLANNED,ECOMMERCE,33420,51,7.15,6.08,9.3,22.34,35.8,,0,0,HIGH,HIGH,0,0,0,0,SLOW,INTERMEDIATE,99.9,0,BUSINESS_HOURS,0,0,1,1,8
WH-01305,PLANNED,SAAS,1453412,42,8.14,5.7,7.69,69.72,527.8,,0,0,VERY_HIGH,HIGH,0,0,0,1,STABLE,ADVANCED,99.99,1,WEEKEND,0,0,0,2,16
WH-01306,NEW_IDEA,EDUCATION,42230,22,11.36,4.17,7.33,8.0,18.9,,0,0,MEDIUM,MEDIUM,0,0,1,0,SLOW,BEGINNER,99.5,0,EVENING,0,0,0,1,8
WH-01307,LIVE_URL,CORPORATE,6752,28,4.17,1.95,6.44,11.88,39.0,81.2,1,0,LOW,LOW,0,0,0,0,RAPID,INTERMEDIATE,BASIC,0,EVENT_DRIVEN,0,0,1,1,4
WH-01308,LIVE_URL,MEDIA_STREAMING,55773,505,3.13,26.34,45.05,45.88,302.5,58.7,1,1,MEDIUM,MEDIUM,1,213,1,1,MEDIUM,BEGINNER,99.5,0,WEEKEND,0,0,1,2,8
WH-01309,PLANNED,SAAS,945032,4770,22.75,1808.62,2640.59,404.15,32.0,,0,1,HIGH,MEDIUM,0,0,1,0,STABLE,INTERMEDIATE,99.9,0,NORMAL,0,0,0,32,64
WH-01310,PLANNED,EDUCATION,44099,1054,5.6,98.37,241.01,51.86,15.1,,0,1,MEDIUM,LOW,0,0,0,0,STABLE,INTERMEDIATE,99.9,0,EVENT_DRIVEN,0,0,0,8,16
WH-01311,PLANNED,BLOG,4545,11,2.22,0.41,0.66,19.03,16.0,,0,1,LOW,LOW,0,0,1,0,STABLE,BEGINNER,99.9,0,BUSINESS_HOURS,0,0,0,2,4
WH-01312,LIVE_URL,SAAS,229038,35,22.86,13.34,23.6,26.14,35.1,75.6,1,1,HIGH,VERY_HIGH,0,0,1,0,SLOW,INTERMEDIATE,99.9,0,EVENING,0,0,1,2,8
WH-01313,PLANNED,SAAS,638135,5700,12.88,1223.6,1541.74,301.47,28.3,,0,1,HIGH,HIGH,0,0,0,0,MEDIUM,INTERMEDIATE,99.95,1,NORMAL,1,0,1,32,64
WH-01314,PLANNED,CORPORATE,5219,69,4.19,4.82,9.06,17.63,52.8,,0,0,LOW,LOW,0,0,1,0,RAPID,ADVANCED,99.9,0,BUSINESS_HOURS,0,0,1,1,4
WH-01315,NEW_IDEA,BLOG,20904,5,4.63,0.39,0.67,20.88,13.4,,0,1,LOW,LOW,0,0,0,0,MEDIUM,ADVANCED,99.95,1,EVENING,0,0,1,2,4
WH-01316,LIVE_URL,MEDIA_STREAMING,196375,4476,7.31,545.33,1150.64,251.22,23.3,65.8,1,0,LOW,LOW,0,0,0,1,SLOW,ADVANCED,99.9,0,WEEKEND,0,0,0,32,32
WH-01317,PLANNED,SAAS,18970,501,16.79,140.2,266.37,63.49,146.7,,0,0,VERY_HIGH,HIGH,0,0,1,0,MEDIUM,ADVANCED,99.9,0,BUSINESS_HOURS,0,0,1,16,32
WH-01318,NEW_IDEA,CORPORATE,2774,5,1.74,0.14,0.43,20.1,73.8,,0,0,LOW,LOW,0,0,0,1,MEDIUM,BEGINNER,99.5,0,SEASONAL,0,0,0,2,4
WH-01319,LIVE_URL,CORPORATE,14802,9,5.86,0.88,1.08,16.59,66.1,96.2,1,0,LOW,LOW,0,0,0,0,MEDIUM,ADVANCED,99.9,0,NORMAL,0,0,0,1,4
WH-01320,LIVE_URL,PORTFOLIO,6196,2,2.53,0.08,0.11,8.0,10.9,88.4,1,1,LOW,LOW,0,0,0,0,SLOW,INTERMEDIATE,99.9,0,EVENING,0,0,1,2,4
WH-01321,LIVE_URL,MARKETPLACE,13087,325,16.5,89.38,176.07,67.23,110.5,78.6,1,0,HIGH,HIGH,0,0,1,0,MEDIUM,INTERMEDIATE,99.99,1,EVENING,0,0,1,16,32
WH-01322,PLANNED,SAAS,469995,4533,7.64,577.2,1725.83,294.55,257.3,,0,0,MEDIUM,HIGH,1,2213,1,1,MEDIUM,ADVANCED,99.99,1,SEASONAL,0,0,1,32,64
WH-01323,PLANNED,API_SERVICE,553542,1828,30.67,934.41,1766.04,459.25,24.2,,0,1,MEDIUM,VERY_HIGH,0,0,1,0,STABLE,INTERMEDIATE,99.95,1,BUSINESS_HOURS,0,1,1,32,64
WH-01324,NEW_IDEA,SAAS,1133399,6041,23.1,2325.79,3349.13,289.05,19.1,,0,0,HIGH,MEDIUM,0,0,1,0,SLOW,INTERMEDIATE,99.5,0,NORMAL,1,0,1,32,64
WH-01325,LIVE_URL,API_SERVICE,440790,52,23.63,20.48,36.04,32.95,13.1,88.9,1,0,MEDIUM,VERY_HIGH,0,0,0,0,RAPID,ADVANCED,99.99,1,EVENING,0,0,1,4,8
WH-01326,LIVE_URL,SAAS,571277,6790,9.68,1095.45,1928.0,598.5,768.3,83.4,1,0,VERY_HIGH,HIGH,1,3323,1,1,SLOW,INTERMEDIATE,99.9,0,BUSINESS_HOURS,0,0,0,32,64
WH-01327,LIVE_URL,SAAS,1303716,4904,20.95,1712.31,5702.0,779.05,52.3,54.3,1,0,MEDIUM,HIGH,1,1695,1,0,SLOW,INTERMEDIATE,99.95,1,SEASONAL,1,0,0,32,64
WH-01328,LIVE_URL,COMMUNITY,3175,61,14.02,14.25,24.8,48.63,68.5,82.4,1,1,MEDIUM,MEDIUM,1,45,0,1,RAPID,ADVANCED,99.9,0,WEEKEND,0,0,0,2,8
WH-01329,LIVE_URL,EDUCATION,120069,912,3.6,54.72,66.21,68.7,120.5,89.6,1,0,MEDIUM,MEDIUM,0,0,0,0,MEDIUM,INTERMEDIATE,99.95,1,NORMAL,0,0,0,4,8
WH-01330,NEW_IDEA,API_SERVICE,34217,962,31.31,502.0,657.62,172.79,14.6,,0,0,MEDIUM,VERY_HIGH,0,0,1,0,STABLE,ADVANCED,99.9,0,NORMAL,0,0,0,32,64
WH-01331,PLANNED,API_SERVICE,298290,1806,32.21,969.52,1134.34,392.43,10.0,,0,1,LOW,HIGH,0,0,0,0,RAPID,ADVANCED,99.95,1,NORMAL,0,1,0,32,32
WH-01332,PLANNED,BLOG,21083,24,1.95,0.78,2.46,21.17,47.6,,0,1,LOW,MEDIUM,0,0,0,1,RAPID,BEGINNER,99.95,1,EVENT_DRIVEN,0,0,1,2,4
WH-01333,PLANNED,NEWS,52981,191,7.91,25.18,42.3,17.2,36.7,,0,1,MEDIUM,MEDIUM,0,0,1,0,MEDIUM,BEGINNER,99.95,1,BUSINESS_HOURS,0,0,1,2,8
WH-01334,PLANNED,PORTFOLIO,925,4,2.75,0.18,0.73,17.92,35.4,,0,0,LOW,LOW,0,0,0,0,MEDIUM,INTERMEDIATE,BASIC,0,EVENT_DRIVEN,0,0,0,1,4
WH-01335,LIVE_URL,SAAS,59656,100,12.83,21.38,25.87,393.48,692.0,,0,1,HIGH,VERY_HIGH,0,0,0,1,STABLE,INTERMEDIATE,99.9,0,NORMAL,0,0,1,2,8
WH-01336,NEW_IDEA,SAAS,1450303,5957,10.37,1029.57,2131.21,242.74,101.0,,0,1,HIGH,VERY_HIGH,1,1754,1,0,SLOW,INTERMEDIATE,99.9,0,EVENING,0,1,1,32,64
WH-01337,LIVE_URL,BLOG,7226,107,2.1,3.75,5.77,22.75,19.1,73.4,1,0,LOW,MEDIUM,0,0,0,0,STABLE,INTERMEDIATE,99.9,0,WEEKEND,0,0,0,2,4
WH-01338,LIVE_URL,MEDIA_STREAMING,12109,121,6.76,13.63,24.4,119.96,560.8,64.0,1,0,HIGH,MEDIUM,0,0,0,1,RAPID,ADVANCED,99.99,1,BUSINESS_HOURS,0,0,1,2,8
WH-01339,PLANNED,API_SERVICE,15218,116,21.87,42.28,57.5,39.47,17.7,,0,1,MEDIUM,HIGH,0,0,1,0,SLOW,ADVANCED,BASIC,0,NORMAL,0,0,0,4,8
WH-01340,LIVE_URL,MARKETPLACE,20202,552,12.05,110.86,207.31,31.27,220.0,76.2,1,1,VERY_HIGH,HIGH,0,0,1,0,MEDIUM,BEGINNER,99.95,1,BUSINESS_HOURS,0,0,0,16,32
WH-01341,NEW_IDEA,ECOMMERCE,444496,247,8.54,35.16,47.81,28.55,123.0,,0,1,HIGH,HIGH,0,0,0,0,MEDIUM,INTERMEDIATE,99.99,1,WEEKEND,0,0,1,4,8
WH-01342,LIVE_URL,API_SERVICE,71876,73,16.77,20.4,45.5,21.77,14.9,87.5,1,0,MEDIUM,VERY_HIGH,0,0,1,0,MEDIUM,BEGINNER,99.99,1,EVENT_DRIVEN,0,1,0,4,8
WH-01343,LIVE_URL,ECOMMERCE,62637,36,13.88,8.33,17.57,20.91,66.5,86.9,1,1,HIGH,HIGH,0,0,0,1,SLOW,INTERMEDIATE,99.9,0,WEEKEND,0,0,1,2,8
WH-01344,LIVE_URL,API_SERVICE,302624,6535,10.71,1166.5,4351.04,1325.5,119.4,74.2,1,0,MEDIUM,VERY_HIGH,0,0,1,0,STABLE,BEGINNER,99.9,0,EVENT_DRIVEN,0,0,0,32,64
WH-01345,PLANNED,CORPORATE,2773,10,3.94,0.66,0.85,10.07,69.1,,0,1,LOW,LOW,0,0,0,0,MEDIUM,BEGINNER,99.9,0,NORMAL,0,1,1,2,4
WH-01346,LIVE_URL,SAAS,9385,41,13.31,9.1,15.28,18.16,142.1,67.1,1,1,HIGH,HIGH,1,24,1,1,STABLE,BEGINNER,99.95,1,WEEKEND,0,0,0,2,8
WH-01347,PLANNED,SAAS,252527,3966,22.15,1464.12,1917.99,534.57,148.7,,0,0,VERY_HIGH,VERY_HIGH,1,2974,1,0,SLOW,INTERMEDIATE,99.9,0,BUSINESS_HOURS,0,0,0,32,64
WH-01348,LIVE_URL,SAAS,35196,49,12.65,10.33,17.25,28.37,68.4,73.1,1,1,MEDIUM,HIGH,0,0,1,0,STABLE,BEGINNER,99.9,0,BUSINESS_HOURS,0,0,0,2,8
WH-01349,PLANNED,MARKETPLACE,136404,2311,12.69,488.78,821.14,101.01,79.2,,0,0,HIGH,HIGH,0,0,1,0,RAPID,ADVANCED,99.9,0,BUSINESS_HOURS,0,0,1,32,64
WH-01350,LIVE_URL,ECOMMERCE,286286,441,12.0,88.2,164.05,56.72,232.5,80.8,1,1,HIGH,MEDIUM,0,0,1,0,MEDIUM,INTERMEDIATE,99.5,0,WEEKEND,0,0,1,8,16
WH-01351,LIVE_URL,ECOMMERCE,207534,230,6.83,26.18,37.7,53.96,59.8,79.3,1,0,VERY_HIGH,VERY_HIGH,0,0,1,0,MEDIUM,BEGINNER,99.95,1,BUSINESS_HOURS,0,0,1,4,16
WH-01352,PLANNED,SAAS,855998,1902,22.93,726.88,2151.57,405.41,96.9,,0,0,VERY_HIGH,HIGH,1,834,1,0,SLOW,INTERMEDIATE,99.9,0,EVENT_DRIVEN,1,1,1,32,64
WH-01353,LIVE_URL,BLOG,2283,49,2.2,1.8,2.66,8.0,15.2,58.0,1,0,LOW,LOW,0,0,0,0,MEDIUM,INTERMEDIATE,99.9,0,NORMAL,0,1,0,2,4
WH-01354,LIVE_URL,ECOMMERCE,603567,116,8.02,15.51,22.48,26.81,44.7,77.3,1,0,MEDIUM,HIGH,0,0,0,0,RAPID,BEGINNER,99.5,0,NORMAL,0,0,0,2,8
WH-01355,PLANNED,ECOMMERCE,144839,38,10.33,6.54,12.04,56.97,163.9,,0,1,HIGH,VERY_HIGH,0,0,1,0,SLOW,BEGINNER,99.95,1,EVENING,0,0,0,2,8
WH-01356,LIVE_URL,ECOMMERCE,43873,973,8.92,144.65,169.24,28.98,80.3,53.7,1,0,HIGH,HIGH,0,0,1,0,MEDIUM,ADVANCED,99.9,0,NORMAL,0,0,0,8,16
WH-01357,PLANNED,NEWS,45718,256,4.31,18.39,38.62,10.14,66.8,,0,1,HIGH,MEDIUM,0,0,0,0,STABLE,INTERMEDIATE,BASIC,0,WEEKEND,0,0,1,1,8
WH-01358,LIVE_URL,ECOMMERCE,27013,549,10.89,99.64,133.52,11.39,111.5,70.7,1,0,HIGH,VERY_HIGH,1,318,1,0,MEDIUM,BEGINNER,99.9,0,NORMAL,0,0,1,16,32
WH-01359,LIVE_URL,API_SERVICE,831186,4239,31.76,2243.84,2692.61,520.18,40.4,80.9,1,1,MEDIUM,VERY_HIGH,0,0,1,0,SLOW,INTERMEDIATE,99.9,0,NORMAL,0,0,1,32,64
WH-01360,NEW_IDEA,ECOMMERCE,85560,349,14.79,86.03,118.72,28.2,76.2,,0,0,MEDIUM,HIGH,0,0,1,0,RAPID,INTERMEDIATE,99.95,1,NORMAL,0,0,0,8,16
WH-01361,LIVE_URL,MARKETPLACE,15399,48,12.03,9.62,14.24,38.46,131.8,65.2,1,1,HIGH,HIGH,0,0,0,1,MEDIUM,ADVANCED,99.99,1,NORMAL,0,0,1,2,8
WH-01362,PLANNED,SAAS,1322411,5429,6.23,563.71,2102.64,443.42,81.7,,0,0,HIGH,HIGH,0,0,1,0,MEDIUM,INTERMEDIATE,99.95,1,EVENT_DRIVEN,0,1,0,32,64
WH-01363,PLANNED,API_SERVICE,577917,2232,19.1,710.52,2145.77,410.61,48.9,,0,0,MEDIUM,VERY_HIGH,0,0,0,0,MEDIUM,INTERMEDIATE,99.95,1,EVENT_DRIVEN,1,0,0,32,64
WH-01364,PLANNED,CORPORATE,14921,9,4.24,0.64,0.85,8.0,50.1,,0,1,LOW,LOW,0,0,1,0,MEDIUM,BEGINNER,99.9,0,NORMAL,0,1,1,2,4
WH-01365,PLANNED,MEDIA_STREAMING,659697,107,4.03,7.19,10.56,10.14,76.2,,0,1,MEDIUM,MEDIUM,1,30,0,1,STABLE,BEGINNER,99.9,0,WEEKEND,0,0,0,1,8
WH-01366,PLANNED,SAAS,1306348,2078,5.3,183.56,242.29,67.73,81.1,,0,0,HIGH,HIGH,1,528,0,0,STABLE,ADVANCED,99.99,1,NORMAL,0,0,1,16,32
WH-01367,PLANNED,SAAS,49167,389,15.65,101.46,141.04,43.01,136.3,,0,1,HIGH,MEDIUM,1,108,0,0,STABLE,ADVANCED,99.9,0,NORMAL,0,0,0,8,16
WH-01368,PLANNED,ECOMMERCE,79008,1274,16.42,348.65,509.03,25.75,109.0,,0,0,HIGH,HIGH,0,0,0,0,MEDIUM,ADVANCED,99.5,0,NORMAL,0,0,1,32,64
WH-01369,LIVE_URL,ECOMMERCE,145821,66,12.93,14.22,18.92,44.31,225.1,93.7,1,0,HIGH,HIGH,0,0,0,0,STABLE,BEGINNER,99.99,1,BUSINESS_HOURS,0,0,0,2,8
WH-01370,NEW_IDEA,NEWS,20847,153,2.75,7.01,9.26,23.01,15.5,,0,1,MEDIUM,MEDIUM,0,0,0,0,STABLE,BEGINNER,99.5,0,NORMAL,0,1,0,2,4
WH-01371,LIVE_URL,SAAS,1202612,4878,9.65,784.55,3020.5,392.9,329.3,71.0,1,0,VERY_HIGH,MEDIUM,1,2929,0,1,SLOW,BEGINNER,99.5,0,EVENT_DRIVEN,0,0,1,32,64
WH-01372,LIVE_URL,API_SERVICE,509290,3417,34.65,1973.32,2604.78,174.79,24.6,85.1,1,0,MEDIUM,VERY_HIGH,0,0,1,0,MEDIUM,ADVANCED,BASIC,0,NORMAL,1,0,0,32,64
WH-01373,PLANNED,API_SERVICE,134272,3513,29.79,1744.2,2302.35,242.38,103.7,,0,0,MEDIUM,HIGH,0,0,0,0,RAPID,INTERMEDIATE,99.5,0,NORMAL,0,0,0,32,64
WH-01374,LIVE_URL,CORPORATE,3328,30,2.31,1.16,1.44,14.64,15.8,68.4,1,0,LOW,LOW,0,0,1,0,STABLE,INTERMEDIATE,99.9,0,NORMAL,0,0,1,1,4
WH-01375,PLANNED,NEWS,179898,77,8.73,11.2,30.36,11.15,10.4,,0,1,MEDIUM,MEDIUM,0,0,1,0,MEDIUM,ADVANCED,99.9,0,EVENT_DRIVEN,0,0,0,1,4
WH-01376,PLANNED,CORPORATE,39586,55,4.32,3.96,5.62,8.0,48.1,,0,1,LOW,MEDIUM,0,0,1,0,MEDIUM,BEGINNER,99.95,1,NORMAL,0,0,0,2,4
WH-01377,NEW_IDEA,EDUCATION,3806,105,5.79,10.13,21.08,34.6,30.0,,0,1,MEDIUM,MEDIUM,0,0,1,0,MEDIUM,INTERMEDIATE,99.5,0,EVENING,0,0,1,2,8
WH-01378,LIVE_URL,INTERNAL_BUSINESS,4691,108,6.38,11.48,21.59,19.96,110.2,87.8,1,0,MEDIUM,HIGH,0,0,0,0,SLOW,ADVANCED,99.9,0,BUSINESS_HOURS,0,0,1,1,4
WH-01379,PLANNED,SAAS,1374611,54,20.95,18.86,27.53,26.66,182.1,,0,0,MEDIUM,HIGH,0,0,1,1,STABLE,INTERMEDIATE,99.5,0,WEEKEND,0,0,0,2,8
WH-01380,LIVE_URL,SAAS,1745675,5220,16.52,1437.24,2112.74,121.98,91.4,94.4,1,1,HIGH,VERY_HIGH,0,0,0,0,RAPID,ADVANCED,99.99,1,NORMAL,0,1,1,32,64
WH-01381,NEW_IDEA,BLOG,11594,16,1.62,0.43,0.86,11.64,67.3,,0,0,LOW,LOW,0,0,1,0,MEDIUM,BEGINNER,99.9,0,BUSINESS_HOURS,0,0,0,2,4
WH-01382,LIVE_URL,API_SERVICE,26716,577,28.65,275.52,493.18,66.22,60.0,87.4,1,1,MEDIUM,VERY_HIGH,0,0,0,0,STABLE,ADVANCED,99.9,0,BUSINESS_HOURS,0,1,0,32,64
WH-01383,LIVE_URL,BLOG,16639,9,3.27,0.49,1.02,23.66,119.9,72.5,1,0,LOW,LOW,0,0,0,1,MEDIUM,INTERMEDIATE,99.95,1,EVENING,0,0,0,2,4
WH-01384,PLANNED,BLOG,8520,65,2.92,3.16,5.79,13.97,10.0,,0,0,LOW,LOW,0,0,0,0,STABLE,BEGINNER,99.9,0,WEEKEND,0,0,0,2,4
WH-01385,PLANNED,CORPORATE,107644,17,3.43,0.97,1.82,39.25,10.5,,0,0,LOW,LOW,0,0,0,0,MEDIUM,ADVANCED,99.99,1,BUSINESS_HOURS,0,0,1,2,4
WH-01386,PLANNED,CORPORATE,5909,25,5.6,2.33,3.59,11.26,87.0,,0,0,LOW,MEDIUM,0,0,0,1,MEDIUM,INTERMEDIATE,99.9,0,BUSINESS_HOURS,0,0,0,1,4
WH-01387,PLANNED,PORTFOLIO,11016,8,1.59,0.21,0.79,26.36,20.2,,0,0,LOW,LOW,0,0,1,0,SLOW,INTERMEDIATE,99.9,0,EVENT_DRIVEN,0,0,0,2,4
WH-01388,PLANNED,API_SERVICE,41091,807,20.91,281.24,562.48,49.31,62.2,,0,0,LOW,VERY_HIGH,0,0,0,0,SLOW,BEGINNER,99.9,0,BUSINESS_HOURS,0,0,1,32,32
WH-01389,LIVE_URL,MARKETPLACE,207128,1200,8.82,176.4,273.42,94.99,160.7,48.2,1,1,VERY_HIGH,HIGH,0,0,0,1,SLOW,INTERMEDIATE,99.95,1,EVENING,0,0,0,32,64
WH-01390,NEW_IDEA,ECOMMERCE,56650,903,12.21,183.76,497.99,17.68,42.7,,0,1,HIGH,VERY_HIGH,0,0,0,0,STABLE,INTERMEDIATE,99.95,1,EVENT_DRIVEN,0,0,1,32,64
WH-01391,PLANNED,INTERNAL_BUSINESS,24184,92,7.16,10.98,15.37,43.15,60.3,,0,0,MEDIUM,MEDIUM,0,0,0,0,SLOW,BEGINNER,99.5,0,BUSINESS_HOURS,0,0,1,2,4
WH-01392,PLANNED,API_SERVICE,7279,20,19.11,6.37,10.57,20.94,28.5,,0,0,MEDIUM,VERY_HIGH,0,0,1,0,MEDIUM,ADVANCED,99.9,0,EVENING,0,0,0,1,4
WH-01393,LIVE_URL,SAAS,251224,2792,14.59,678.92,1391.79,128.38,46.0,58.5,1,0,HIGH,HIGH,0,0,0,0,SLOW,ADVANCED,99.9,0,EVENING,0,1,1,32,64
WH-01394,LIVE_URL,EDUCATION,3747,18,3.52,1.06,2.1,30.94,22.3,,0,1,LOW,HIGH,0,0,1,0,SLOW,BEGINNER,99.9,0,SEASONAL,0,1,0,2,4
WH-01395,PLANNED,NEWS,798135,98,8.87,14.49,19.7,19.34,30.8,,0,1,HIGH,HIGH,0,0,0,0,MEDIUM,ADVANCED,99.9,0,NORMAL,0,0,1,1,8
WH-01396,LIVE_URL,MARKETPLACE,1260298,393,8.02,52.53,112.94,64.06,23.2,74.2,1,1,HIGH,HIGH,0,0,0,0,RAPID,BEGINNER,99.95,1,SEASONAL,0,0,1,8,16
WH-01397,PLANNED,MEDIA_STREAMING,19221,454,5.32,40.25,55.15,43.08,72.8,,0,1,LOW,LOW,0,0,0,1,RAPID,BEGINNER,99.9,0,EVENING,0,0,0,2,4
WH-01398,LIVE_URL,API_SERVICE,766071,5271,10.56,927.7,2486.23,671.48,20.7,75.6,1,0,MEDIUM,VERY_HIGH,0,0,0,0,RAPID,INTERMEDIATE,99.9,0,SEASONAL,1,0,0,32,64
WH-01399,NEW_IDEA,SAAS,1378743,2827,15.13,712.88,1012.28,150.18,67.1,,0,0,HIGH,HIGH,0,0,1,0,MEDIUM,INTERMEDIATE,99.9,0,NORMAL,1,0,0,32,64
WH-01400,LIVE_URL,SAAS,550762,556,16.69,154.66,227.35,51.96,60.4,46.3,1,0,MEDIUM,HIGH,0,0,1,0,MEDIUM,ADVANCED,99.95,1,NORMAL,0,0,1,16,32
WH-01401,NEW_IDEA,COMMUNITY,292637,232,8.04,31.09,39.79,77.12,45.2,,0,1,MEDIUM,MEDIUM,1,180,0,0,MEDIUM,INTERMEDIATE,99.95,1,NORMAL,0,0,0,2,8
WH-01402,LIVE_URL,BLOG,25356,47,4.11,3.22,4.76,12.03,12.1,59.7,1,1,LOW,MEDIUM,0,0,0,0,STABLE,BEGINNER,99.9,0,WEEKEND,0,0,0,1,4
WH-01403,NEW_IDEA,CORPORATE,14973,50,3.54,2.95,4.43,8.2,10.0,,0,1,LOW,LOW,0,0,1,0,MEDIUM,ADVANCED,99.9,0,NORMAL,0,0,1,1,4
WH-01404,PLANNED,PORTFOLIO,16438,2,1.2,0.04,0.06,14.23,125.4,,0,1,LOW,LOW,0,0,0,1,STABLE,ADVANCED,BASIC,0,BUSINESS_HOURS,0,0,0,2,4
WH-01405,LIVE_URL,COMMUNITY,36843,76,5.02,6.36,11.13,34.42,108.8,71.5,1,1,MEDIUM,MEDIUM,1,32,0,1,SLOW,BEGINNER,99.9,0,EVENING,0,0,0,2,8
WH-01406,LIVE_URL,BLOG,3647,11,2.16,0.4,1.07,34.79,33.4,,0,0,LOW,LOW,0,0,0,0,MEDIUM,INTERMEDIATE,BASIC,0,SEASONAL,0,0,0,2,4
WH-01407,PLANNED,MARKETPLACE,15155,120,9.7,19.4,28.71,40.46,122.4,,0,0,MEDIUM,HIGH,0,0,1,0,MEDIUM,INTERMEDIATE,99.5,0,BUSINESS_HOURS,0,0,0,2,8
WH-01408,PLANNED,EDUCATION,27547,118,9.93,19.53,28.51,12.82,45.3,,0,0,LOW,MEDIUM,0,0,0,0,RAPID,BEGINNER,99.9,0,NORMAL,0,0,0,1,4
WH-01409,PLANNED,SAAS,14153,98,11.86,19.37,26.15,21.51,129.4,,0,1,HIGH,HIGH,1,54,1,0,STABLE,INTERMEDIATE,99.5,0,WEEKEND,0,0,1,2,8
WH-01410,LIVE_URL,MEDIA_STREAMING,43741,139,7.87,18.23,59.8,13.15,238.5,77.1,1,1,MEDIUM,LOW,1,75,1,1,SLOW,ADVANCED,99.5,0,EVENT_DRIVEN,0,0,0,4,8
WH-01411,LIVE_URL,MEDIA_STREAMING,308536,637,5.73,60.83,90.64,81.25,196.7,71.4,1,1,LOW,HIGH,0,0,0,1,MEDIUM,BEGINNER,99.5,0,EVENING,0,0,0,4,8
WH-01412,LIVE_URL,EDUCATION,59541,22,11.48,4.21,7.75,41.89,56.5,90.5,1,0,MEDIUM,MEDIUM,1,15,0,0,STABLE,INTERMEDIATE,99.9,0,WEEKEND,0,0,0,2,4
WH-01413,LIVE_URL,SAAS,47531,621,14.68,151.94,376.81,48.04,62.7,89.8,1,0,HIGH,HIGH,1,145,1,0,STABLE,BEGINNER,99.9,0,EVENT_DRIVEN,0,1,1,32,64
WH-01414,LIVE_URL,API_SERVICE,947656,3751,26.14,1634.19,2173.47,316.87,88.2,93.5,1,1,MEDIUM,VERY_HIGH,0,0,0,0,SLOW,INTERMEDIATE,99.95,1,BUSINESS_HOURS,0,0,0,32,64
WH-01415,PLANNED,API_SERVICE,1054689,2205,29.57,1086.7,2608.07,647.28,100.7,,0,1,MEDIUM,VERY_HIGH,0,0,0,0,MEDIUM,BEGINNER,99.9,0,SEASONAL,0,0,0,32,64
WH-01416,LIVE_URL,PORTFOLIO,21540,13,1.6,0.35,0.46,8.0,20.9,99.0,1,0,LOW,LOW,0,0,0,0,SLOW,INTERMEDIATE,99.5,0,NORMAL,0,0,1,2,4
WH-01417,LIVE_URL,ECOMMERCE,30156,161,17.4,46.69,73.3,18.07,98.5,71.9,1,0,HIGH,HIGH,0,0,0,0,SLOW,INTERMEDIATE,99.95,1,EVENING,0,0,0,4,8
WH-01418,LIVE_URL,SAAS,1329273,6951,7.56,875.83,2119.5,245.89,53.2,54.8,1,1,HIGH,HIGH,1,3117,1,0,STABLE,ADVANCED,99.9,0,EVENT_DRIVEN,0,1,1,32,64
WH-01419,NEW_IDEA,BLOG,22400,6,3.54,0.35,0.89,45.36,56.3,,0,1,LOW,MEDIUM,0,0,0,0,RAPID,INTERMEDIATE,99.9,0,EVENT_DRIVEN,0,0,0,2,4
WH-01420,LIVE_URL,ECOMMERCE,17713,217,13.54,48.97,72.48,15.77,182.4,58.2,1,1,VERY_HIGH,HIGH,0,0,1,0,STABLE,INTERMEDIATE,99.9,0,BUSINESS_HOURS,0,0,1,4,16
WH-01421,PLANNED,EDUCATION,23007,111,7.75,14.34,26.09,13.75,30.6,,0,0,MEDIUM,HIGH,0,0,0,0,MEDIUM,BEGINNER,99.9,0,BUSINESS_HOURS,0,0,1,1,4
WH-01422,PLANNED,API_SERVICE,956422,1946,25.77,835.81,2482.35,211.71,167.1,,0,1,HIGH,HIGH,0,0,0,0,SLOW,ADVANCED,99.95,1,EVENT_DRIVEN,0,0,1,32,64
WH-01423,NEW_IDEA,PORTFOLIO,2787,37,1.6,0.99,1.45,9.36,38.6,,0,0,LOW,MEDIUM,0,0,0,0,MEDIUM,BEGINNER,99.9,0,BUSINESS_HOURS,0,0,0,1,4
WH-01424,PLANNED,CORPORATE,8476,10,3.72,0.62,1.2,35.09,76.3,,0,0,LOW,LOW,0,0,0,1,MEDIUM,BEGINNER,99.5,0,BUSINESS_HOURS,0,0,0,1,4
WH-01425,NEW_IDEA,ECOMMERCE,29379,157,9.96,26.06,57.08,84.8,223.8,,0,0,VERY_HIGH,VERY_HIGH,0,0,1,1,STABLE,BEGINNER,BASIC,0,SEASONAL,0,0,1,4,16
WH-01426,LIVE_URL,MEDIA_STREAMING,1175611,1483,4.31,106.53,194.95,25.23,146.8,67.7,1,1,MEDIUM,MEDIUM,0,0,0,1,STABLE,INTERMEDIATE,99.95,1,BUSINESS_HOURS,0,0,1,8,16
WH-01427,PLANNED,NEWS,1213856,6907,8.67,998.06,2854.46,204.18,303.9,,0,0,MEDIUM,HIGH,0,0,0,1,RAPID,ADVANCED,99.9,0,EVENT_DRIVEN,0,0,0,32,64
WH-01428,NEW_IDEA,ECOMMERCE,114890,533,8.41,74.71,100.86,131.35,339.6,,0,0,VERY_HIGH,HIGH,0,0,0,0,MEDIUM,ADVANCED,BASIC,0,BUSINESS_HOURS,0,0,1,8,16
WH-01429,LIVE_URL,MEDIA_STREAMING,313449,549,5.0,45.75,125.36,66.93,281.4,67.9,1,1,MEDIUM,HIGH,0,0,0,1,MEDIUM,INTERMEDIATE,99.95,1,EVENT_DRIVEN,0,0,1,8,16
WH-01430,NEW_IDEA,EDUCATION,129973,507,5.53,46.73,62.62,54.61,28.2,,0,1,MEDIUM,MEDIUM,1,119,0,0,RAPID,INTERMEDIATE,99.9,0,EVENING,0,0,1,2,8
WH-01431,LIVE_URL,PORTFOLIO,1938,5,3.19,0.27,0.41,17.61,33.4,87.5,1,0,LOW,LOW,0,0,1,0,SLOW,ADVANCED,99.9,0,BUSINESS_HOURS,0,0,0,2,4
WH-01432,LIVE_URL,MARKETPLACE,67924,145,11.5,27.79,52.25,64.33,80.4,69.4,1,1,HIGH,HIGH,0,0,1,0,MEDIUM,BEGINNER,99.9,0,BUSINESS_HOURS,0,0,1,4,8
WH-01433,NEW_IDEA,SAAS,227423,5779,20.62,1986.05,8122.94,1106.85,29.0,,0,1,HIGH,MEDIUM,0,0,1,0,SLOW,ADVANCED,99.5,0,EVENT_DRIVEN,0,0,1,32,64
WH-01434,NEW_IDEA,NEWS,872308,7153,7.27,866.71,2808.12,165.51,54.2,,0,0,MEDIUM,MEDIUM,0,0,0,0,SLOW,INTERMEDIATE,BASIC,0,EVENT_DRIVEN,0,0,0,32,64
WH-01435,LIVE_URL,MARKETPLACE,788292,5575,13.77,1279.46,2162.29,668.47,140.8,43.9,1,1,HIGH,HIGH,1,1559,1,0,RAPID,ADVANCED,99.5,0,WEEKEND,0,0,0,32,64
WH-01436,PLANNED,NEWS,37205,1048,6.37,111.26,451.73,54.65,57.3,,0,0,MEDIUM,MEDIUM,0,0,0,0,MEDIUM,INTERMEDIATE,BASIC,0,EVENT_DRIVEN,0,0,0,16,32
WH-01437,LIVE_URL,PORTFOLIO,4063,27,3.43,1.54,2.36,37.43,22.0,89.9,1,0,LOW,LOW,0,0,0,0,RAPID,BEGINNER,99.9,0,BUSINESS_HOURS,0,0,1,1,4
WH-01438,NEW_IDEA,ECOMMERCE,17570,30,7.33,3.67,6.23,20.43,145.7,,0,1,HIGH,VERY_HIGH,0,0,0,0,MEDIUM,BEGINNER,99.99,1,BUSINESS_HOURS,0,0,1,2,8
WH-01439,LIVE_URL,MARKETPLACE,614053,3736,17.2,1070.99,3170.12,269.56,39.9,71.3,1,1,HIGH,HIGH,0,0,1,0,SLOW,BEGINNER,99.95,1,EVENT_DRIVEN,1,1,1,32,64
WH-01440,PLANNED,SAAS,6118,47,14.14,11.08,36.0,31.43,59.1,,0,1,HIGH,HIGH,0,0,0,0,MEDIUM,ADVANCED,99.9,0,EVENT_DRIVEN,0,0,0,2,8
WH-01441,PLANNED,NEWS,1695281,64,4.04,4.31,14.26,18.68,28.1,,0,0,MEDIUM,MEDIUM,0,0,0,0,MEDIUM,BEGINNER,99.9,0,EVENT_DRIVEN,0,0,1,2,4
WH-01442,LIVE_URL,SAAS,385388,3014,19.27,968.0,1771.43,178.28,92.4,58.8,1,1,MEDIUM,HIGH,1,1492,0,0,STABLE,BEGINNER,99.9,0,SEASONAL,1,1,0,32,64
WH-01443,PLANNED,ECOMMERCE,171481,231,8.5,32.73,43.2,18.8,25.1,,0,0,HIGH,HIGH,0,0,1,0,MEDIUM,BEGINNER,99.9,0,BUSINESS_HOURS,0,0,1,2,8
WH-01444,LIVE_URL,API_SERVICE,1391273,6965,34.45,3999.07,7478.26,3714.27,13.9,99.0,1,0,MEDIUM,VERY_HIGH,1,5585,0,0,SLOW,INTERMEDIATE,99.95,1,EVENING,1,0,0,32,64
WH-01445,PLANNED,SAAS,1745990,1702,11.47,325.37,429.48,107.99,89.4,,0,1,HIGH,HIGH,0,0,0,0,STABLE,INTERMEDIATE,99.5,0,NORMAL,0,0,0,32,64
WH-01446,LIVE_URL,EDUCATION,400416,28,8.74,4.08,5.91,32.55,70.9,64.1,1,0,MEDIUM,MEDIUM,0,0,0,1,RAPID,BEGINNER,99.5,0,NORMAL,0,0,0,1,4
WH-01447,NEW_IDEA,ECOMMERCE,881760,499,6.32,52.56,70.43,36.55,31.3,,0,1,HIGH,HIGH,0,0,1,0,SLOW,BEGINNER,99.9,0,NORMAL,0,0,0,4,8
WH-01448,LIVE_URL,API_SERVICE,1497435,6472,23.9,2578.01,5774.75,269.21,76.8,,0,1,MEDIUM,VERY_HIGH,0,0,0,0,MEDIUM,BEGINNER,99.5,0,EVENT_DRIVEN,1,0,1,32,64
WH-01449,NEW_IDEA,EDUCATION,15618,244,6.02,24.48,31.83,57.46,89.1,,0,0,LOW,MEDIUM,0,0,1,1,SLOW,INTERMEDIATE,99.95,1,NORMAL,0,0,0,2,8
WH-01450,NEW_IDEA,MEDIA_STREAMING,130476,704,6.04,70.87,89.3,29.1,55.1,,0,0,MEDIUM,MEDIUM,0,0,1,1,SLOW,ADVANCED,99.9,0,NORMAL,0,0,1,4,8
WH-01451,NEW_IDEA,ECOMMERCE,82572,34,5.45,3.09,6.39,141.25,704.9,,0,0,HIGH,HIGH,0,0,1,1,SLOW,ADVANCED,99.99,1,EVENING,0,0,0,2,16
WH-01452,LIVE_URL,SAAS,254624,4053,21.45,1448.95,2144.44,753.86,74.4,82.8,1,1,HIGH,HIGH,0,0,0,0,STABLE,INTERMEDIATE,99.99,1,NORMAL,0,0,1,32,64
WH-01453,NEW_IDEA,MARKETPLACE,376401,3934,16.28,1067.43,2380.36,708.1,290.7,,0,1,MEDIUM,HIGH,0,0,0,1,SLOW,INTERMEDIATE,99.9,0,EVENT_DRIVEN,0,0,0,32,64
WH-01454,LIVE_URL,BLOG,19448,63,3.46,3.63,12.72,14.82,44.0,68.2,1,0,LOW,LOW,0,0,0,0,MEDIUM,BEGINNER,99.9,0,EVENT_DRIVEN,0,0,0,2,4
WH-01455,PLANNED,INTERNAL_BUSINESS,788,9,8.32,1.25,4.26,8.0,15.1,,0,0,MEDIUM,HIGH,0,0,0,0,MEDIUM,INTERMEDIATE,99.5,0,SEASONAL,0,0,1,1,4
WH-01456,LIVE_URL,BLOG,74194,28,3.96,1.85,3.27,58.48,88.3,71.7,1,1,LOW,MEDIUM,0,0,0,1,STABLE,BEGINNER,BASIC,0,WEEKEND,0,0,0,2,4
WH-01457,PLANNED,SAAS,74977,31,22.58,11.67,16.68,40.28,94.3,,0,0,VERY_HIGH,VERY_HIGH,0,0,0,0,STABLE,INTERMEDIATE,99.5,0,NORMAL,0,0,1,2,16
WH-01458,PLANNED,SAAS,890380,2221,21.66,801.78,1234.74,240.39,53.5,,0,1,HIGH,MEDIUM,1,1290,1,0,MEDIUM,INTERMEDIATE,99.9,0,BUSINESS_HOURS,0,0,1,32,64
WH-01459,PLANNED,ECOMMERCE,158291,1497,6.62,165.17,576.44,284.0,39.3,,0,0,HIGH,HIGH,0,0,1,0,MEDIUM,ADVANCED,99.99,1,SEASONAL,0,1,1,32,64
WH-01460,PLANNED,EDUCATION,4346,57,11.61,11.03,15.44,22.05,101.5,,0,0,MEDIUM,MEDIUM,0,0,0,0,SLOW,ADVANCED,99.9,0,NORMAL,0,1,0,2,4
WH-01461,PLANNED,INTERNAL_BUSINESS,761,12,7.2,1.44,3.12,25.07,36.4,,0,0,MEDIUM,MEDIUM,0,0,0,0,SLOW,INTERMEDIATE,99.9,0,WEEKEND,0,0,0,1,4
WH-01462,NEW_IDEA,INTERNAL_BUSINESS,8740,110,4.27,7.83,10.41,27.71,89.4,,0,0,MEDIUM,MEDIUM,0,0,0,0,RAPID,BEGINNER,BASIC,0,BUSINESS_HOURS,0,0,1,2,4
WH-01463,NEW_IDEA,MARKETPLACE,321894,2834,15.6,736.84,906.31,120.84,86.2,,0,0,HIGH,MEDIUM,0,0,1,0,SLOW,ADVANCED,99.9,0,NORMAL,0,1,0,32,64
WH-01464,LIVE_URL,SAAS,1342916,3418,20.13,1146.74,1926.52,258.81,59.9,65.1,1,0,HIGH,MEDIUM,1,2300,1,0,MEDIUM,ADVANCED,99.9,0,BUSINESS_HOURS,0,1,1,32,64
WH-01465,NEW_IDEA,PORTFOLIO,24223,33,3.66,2.01,6.86,8.13,21.9,,0,0,LOW,LOW,0,0,0,0,RAPID,BEGINNER,99.99,1,SEASONAL,0,0,0,2,4
WH-01466,LIVE_URL,MARKETPLACE,1254109,1674,7.63,212.88,302.29,108.32,147.8,77.7,1,0,HIGH,HIGH,1,559,0,0,MEDIUM,INTERMEDIATE,99.95,1,WEEKEND,0,0,1,16,32
WH-01467,LIVE_URL,CORPORATE,2617,19,1.96,0.62,0.94,47.8,17.7,47.4,1,1,LOW,LOW,0,0,0,0,MEDIUM,ADVANCED,99.9,0,EVENING,0,0,0,2,4
WH-01468,PLANNED,BLOG,3643,85,2.98,4.22,13.34,15.44,17.3,,0,0,LOW,LOW,0,0,0,0,STABLE,INTERMEDIATE,99.5,0,EVENT_DRIVEN,0,0,0,1,4
WH-01469,LIVE_URL,SAAS,204220,1114,15.17,281.66,352.07,110.14,180.4,41.0,1,1,HIGH,HIGH,0,0,1,0,SLOW,BEGINNER,BASIC,0,NORMAL,0,0,1,32,64
WH-01470,PLANNED,ECOMMERCE,19154,301,17.77,89.15,131.04,96.2,34.3,,0,0,HIGH,HIGH,0,0,1,0,STABLE,BEGINNER,99.99,1,NORMAL,0,0,1,8,16
WH-01471,PLANNED,ECOMMERCE,217583,77,7.59,9.74,23.67,61.84,162.0,,0,1,HIGH,HIGH,0,0,1,0,RAPID,BEGINNER,99.99,1,EVENT_DRIVEN,0,1,1,2,8
WH-01472,PLANNED,MEDIA_STREAMING,569611,821,6.28,85.93,168.43,67.65,143.5,,0,0,LOW,MEDIUM,0,0,0,1,MEDIUM,ADVANCED,99.9,0,BUSINESS_HOURS,0,0,0,8,8
WH-01473,LIVE_URL,MARKETPLACE,401296,5195,10.15,878.82,2944.05,490.16,48.3,90.9,1,0,HIGH,HIGH,0,0,0,0,MEDIUM,INTERMEDIATE,99.99,1,EVENT_DRIVEN,0,0,0,32,64
WH-01474,PLANNED,SAAS,1284269,4268,17.96,1277.55,1711.92,472.29,407.6,,0,0,VERY_HIGH,HIGH,0,0,1,0,STABLE,INTERMEDIATE,99.95,1,NORMAL,0,1,1,32,64
WH-01475,PLANNED,BLOG,8872,30,1.92,0.96,1.68,108.19,156.8,,0,1,LOW,LOW,0,0,0,1,MEDIUM,INTERMEDIATE,BASIC,0,EVENING,0,0,1,1,4
WH-01476,PLANNED,PORTFOLIO,8836,3,2.84,0.14,0.21,12.68,16.2,,0,0,LOW,LOW,0,0,0,0,SLOW,ADVANCED,99.5,0,BUSINESS_HOURS,0,0,0,1,4
WH-01477,PLANNED,MARKETPLACE,1087059,4435,19.23,1421.42,3240.83,662.29,83.4,,0,1,MEDIUM,HIGH,0,0,1,1,SLOW,BEGINNER,99.5,0,EVENT_DRIVEN,0,0,1,32,64
WH-01478,PLANNED,MARKETPLACE,727747,90,13.81,20.71,36.46,18.78,60.0,,0,0,VERY_HIGH,HIGH,0,0,1,0,SLOW,BEGINNER,99.95,1,WEEKEND,0,0,1,4,16
WH-01479,NEW_IDEA,CORPORATE,53234,34,2.23,1.26,1.93,14.29,22.3,,0,0,LOW,LOW,0,0,0,0,MEDIUM,INTERMEDIATE,99.95,1,NORMAL,0,0,0,2,4
WH-01480,LIVE_URL,SAAS,8382,230,20.88,80.04,148.07,31.37,81.3,66.2,1,1,HIGH,VERY_HIGH,1,68,1,0,SLOW,BEGINNER,99.9,0,SEASONAL,0,0,1,16,32
WH-01481,LIVE_URL,PORTFOLIO,23383,13,2.27,0.49,0.76,8.0,63.7,85.7,1,0,LOW,LOW,0,0,0,0,MEDIUM,BEGINNER,99.5,0,BUSINESS_HOURS,0,0,1,1,4
WH-01482,PLANNED,CORPORATE,21497,74,3.51,4.33,6.67,18.51,10.0,,0,0,LOW,LOW,0,0,0,0,MEDIUM,ADVANCED,99.95,1,NORMAL,0,0,0,2,4
WH-01483,NEW_IDEA,SAAS,1373035,3480,19.01,1102.58,3164.4,448.24,143.1,,0,0,HIGH,VERY_HIGH,0,0,1,0,STABLE,BEGINNER,99.99,1,EVENT_DRIVEN,1,1,1,32,64
WH-01484,NEW_IDEA,NEWS,22700,174,5.49,15.92,30.89,26.21,112.3,,0,1,MEDIUM,HIGH,0,0,0,0,MEDIUM,BEGINNER,99.99,1,EVENING,0,0,0,2,8
WH-01485,PLANNED,SAAS,184262,4610,15.18,1166.33,1889.45,416.94,41.4,,0,0,HIGH,HIGH,1,3051,1,0,RAPID,INTERMEDIATE,99.9,0,BUSINESS_HOURS,1,0,1,32,64
WH-01486,LIVE_URL,SAAS,146926,609,20.75,210.61,617.09,59.37,154.4,98.3,1,0,HIGH,HIGH,0,0,0,0,RAPID,INTERMEDIATE,99.9,0,SEASONAL,0,1,0,32,64
WH-01487,PLANNED,API_SERVICE,11780,76,16.11,20.41,80.4,30.83,107.9,,0,1,MEDIUM,HIGH,0,0,1,0,SLOW,BEGINNER,99.99,1,EVENT_DRIVEN,0,0,1,8,16
WH-01488,PLANNED,API_SERVICE,386166,1873,25.71,802.58,2728.77,528.7,31.2,,0,0,LOW,VERY_HIGH,1,1030,0,0,MEDIUM,BEGINNER,99.95,1,SEASONAL,0,0,0,32,32
WH-01489,PLANNED,NEWS,1252624,947,4.13,65.19,95.17,69.91,439.5,,0,0,MEDIUM,LOW,0,0,0,1,STABLE,INTERMEDIATE,99.5,0,NORMAL,0,0,0,2,8
WH-01490,NEW_IDEA,API_SERVICE,933367,5475,16.11,1470.04,5027.53,688.3,36.5,,0,0,MEDIUM,HIGH,1,2142,1,0,SLOW,INTERMEDIATE,99.5,0,SEASONAL,0,0,1,32,64
WH-01491,LIVE_URL,BLOG,34126,7,3.26,0.38,0.51,11.19,20.9,81.3,1,1,LOW,LOW,0,0,1,0,MEDIUM,INTERMEDIATE,99.9,0,NORMAL,0,1,0,2,4
WH-01492,PLANNED,API_SERVICE,86151,1175,22.7,444.54,1369.19,127.97,195.5,,0,1,MEDIUM,VERY_HIGH,0,0,1,1,RAPID,ADVANCED,99.9,0,EVENT_DRIVEN,0,0,0,32,64
WH-01493,PLANNED,INTERNAL_BUSINESS,137,3,9.94,0.5,0.72,42.25,69.3,,0,0,MEDIUM,HIGH,0,0,0,0,STABLE,BEGINNER,99.95,1,NORMAL,0,0,0,2,8
WH-01494,LIVE_URL,BLOG,3136,6,3.44,0.34,0.45,12.02,13.6,70.2,1,1,LOW,LOW,0,0,0,0,MEDIUM,BEGINNER,99.5,0,EVENING,0,0,0,2,4
WH-01495,PLANNED,MARKETPLACE,1072264,1657,18.49,510.63,684.25,226.89,27.7,,0,0,HIGH,HIGH,0,0,1,0,RAPID,INTERMEDIATE,99.95,1,EVENING,0,1,0,32,64
WH-01496,LIVE_URL,BLOG,55836,14,2.93,0.68,1.15,20.61,63.7,52.4,1,0,LOW,MEDIUM,0,0,0,0,STABLE,INTERMEDIATE,99.95,1,WEEKEND,0,0,1,2,4
WH-01497,LIVE_URL,BLOG,10771,119,1.51,2.99,3.86,20.45,220.5,78.8,1,1,LOW,LOW,0,0,1,1,RAPID,ADVANCED,99.95,1,WEEKEND,0,0,0,2,8
WH-01498,NEW_IDEA,ECOMMERCE,400799,279,9.05,42.08,61.44,66.26,71.7,,0,1,HIGH,HIGH,0,0,1,0,STABLE,INTERMEDIATE,99.9,0,BUSINESS_HOURS,0,0,1,4,8
WH-01499,LIVE_URL,CORPORATE,6127,150,5.75,14.38,42.41,25.3,11.0,70.7,1,0,LOW,LOW,0,0,0,0,MEDIUM,ADVANCED,99.95,1,SEASONAL,0,0,1,2,4
WH-01500,PLANNED,BLOG,24874,5,4.21,0.35,1.27,23.66,23.9,,0,0,LOW,LOW,0,0,0,0,RAPID,BEGINNER,99.95,1,EVENT_DRIVEN,0,0,0,2,4
WH-01501,PLANNED,MARKETPLACE,27367,270,9.29,41.8,84.03,22.65,170.6,,0,0,VERY_HIGH,HIGH,0,0,0,0,RAPID,INTERMEDIATE,99.9,0,EVENT_DRIVEN,0,0,1,8,16
WH-01502,LIVE_URL,PORTFOLIO,7075,11,1.96,0.36,0.49,20.42,202.9,69.3,1,0,LOW,LOW,0,0,0,1,MEDIUM,INTERMEDIATE,99.9,0,BUSINESS_HOURS,0,0,0,1,4
WH-01503,PLANNED,SAAS,861387,4231,22.28,1571.11,2419.51,731.21,48.1,,0,0,HIGH,HIGH,0,0,0,0,RAPID,BEGINNER,99.95,1,NORMAL,0,1,1,32,64
WH-01504,LIVE_URL,BLOG,5724,12,1.78,0.36,0.62,9.73,56.8,67.4,1,0,LOW,MEDIUM,0,0,0,0,MEDIUM,INTERMEDIATE,99.9,0,BUSINESS_HOURS,0,0,1,2,4
WH-01505,LIVE_URL,PORTFOLIO,1795,2,2.0,0.07,0.11,8.0,129.1,75.3,1,0,LOW,LOW,0,0,0,1,MEDIUM,INTERMEDIATE,99.5,0,EVENING,0,0,0,1,4
WH-01506,LIVE_URL,INTERNAL_BUSINESS,7657,19,2.52,0.8,2.72,18.69,31.9,55.4,1,0,MEDIUM,MEDIUM,0,0,0,0,STABLE,INTERMEDIATE,99.9,0,SEASONAL,0,0,0,1,4
WH-01507,LIVE_URL,ECOMMERCE,94024,589,12.01,117.9,178.03,132.43,656.4,76.9,1,1,MEDIUM,HIGH,0,0,1,1,RAPID,BEGINNER,99.5,0,BUSINESS_HOURS,0,1,0,8,16
WH-01508,LIVE_URL,SAAS,28124,200,12.59,41.97,66.31,34.17,43.2,73.9,1,1,HIGH,HIGH,1,134,0,0,STABLE,BEGINNER,99.95,1,BUSINESS_HOURS,0,0,1,4,8
WH-01509,NEW_IDEA,INTERNAL_BUSINESS,396,6,6.92,0.69,1.81,19.57,111.1,,0,0,MEDIUM,MEDIUM,0,0,0,0,MEDIUM,BEGINNER,BASIC,0,EVENT_DRIVEN,0,0,0,2,8
WH-01510,PLANNED,INTERNAL_BUSINESS,6737,79,9.87,13.0,22.61,39.8,30.7,,0,1,MEDIUM,LOW,0,0,0,0,MEDIUM,BEGINNER,BASIC,0,EVENING,0,0,1,2,4
WH-01511,NEW_IDEA,EDUCATION,345581,1696,6.81,192.5,290.67,264.03,28.3,,0,1,MEDIUM,HIGH,0,0,0,0,MEDIUM,BEGINNER,99.99,1,EVENING,0,0,0,16,32
WH-01512,PLANNED,SAAS,361537,4594,15.31,1172.24,1781.8,269.55,244.7,,0,0,VERY_HIGH,HIGH,1,1720,1,0,STABLE,INTERMEDIATE,99.9,0,WEEKEND,0,0,1,32,64
WH-01513,NEW_IDEA,MARKETPLACE,815748,5892,19.84,1948.29,2318.46,488.01,96.6,,0,1,HIGH,HIGH,0,0,1,0,MEDIUM,INTERMEDIATE,99.95,1,NORMAL,0,0,1,32,64
WH-01514,NEW_IDEA,MARKETPLACE,304440,89,5.41,8.02,10.67,23.41,31.2,,0,1,HIGH,HIGH,1,28,1,0,MEDIUM,BEGINNER,99.99,1,BUSINESS_HOURS,0,0,0,2,8
WH-01515,LIVE_URL,SAAS,1279872,5186,22.47,1942.16,6156.64,559.95,405.4,48.1,1,0,HIGH,VERY_HIGH,1,3764,1,1,STABLE,BEGINNER,99.9,0,SEASONAL,1,0,1,32,64
WH-01516,PLANNED,SAAS,152605,3484,8.89,516.21,867.24,122.05,60.7,,0,0,HIGH,HIGH,0,0,1,0,MEDIUM,ADVANCED,99.95,1,EVENING,0,0,0,32,64
WH-01517,LIVE_URL,API_SERVICE,20244,41,18.4,12.57,37.47,17.16,33.9,85.0,1,0,HIGH,VERY_HIGH,0,0,1,0,MEDIUM,INTERMEDIATE,99.99,1,SEASONAL,0,0,0,4,8
WH-01518,NEW_IDEA,SAAS,398172,2224,14.34,531.54,653.79,186.41,152.0,,0,1,HIGH,HIGH,0,0,0,0,MEDIUM,BEGINNER,99.9,0,NORMAL,0,0,0,32,64
WH-01519,PLANNED,BLOG,5444,6,1.52,0.15,0.6,10.1,21.4,,0,0,LOW,LOW,0,0,0,0,STABLE,INTERMEDIATE,99.99,1,EVENT_DRIVEN,0,0,0,2,4
WH-01520,PLANNED,COMMUNITY,13678,379,8.28,52.3,92.05,57.09,121.9,,0,1,MEDIUM,MEDIUM,1,120,0,0,SLOW,BEGINNER,99.5,0,EVENING,0,0,1,4,8
WH-01521,LIVE_URL,CORPORATE,19595,50,3.56,2.97,4.42,13.27,26.6,95.4,1,1,LOW,LOW,0,0,1,0,SLOW,ADVANCED,BASIC,0,NORMAL,0,0,0,2,4
WH-01522,LIVE_URL,BLOG,3701,12,1.82,0.36,0.77,15.96,78.2,53.7,1,0,LOW,LOW,0,0,0,0,MEDIUM,BEGINNER,99.9,0,WEEKEND,0,0,0,1,4
WH-01523,PLANNED,CORPORATE,3272,22,2.34,0.86,1.12,9.91,25.9,,0,0,LOW,LOW,0,0,1,0,SLOW,INTERMEDIATE,99.9,0,NORMAL,0,0,1,2,4
WH-01524,LIVE_URL,ECOMMERCE,16076,32,12.49,6.66,21.05,24.22,37.2,70.6,1,1,MEDIUM,HIGH,0,0,0,0,MEDIUM,ADVANCED,99.9,0,SEASONAL,0,0,1,1,4
WH-01525,PLANNED,CORPORATE,17010,31,1.97,1.02,4.07,8.0,23.9,,0,0,LOW,LOW,0,0,0,0,STABLE,INTERMEDIATE,99.95,1,EVENT_DRIVEN,0,0,0,2,4
WH-01526,NEW_IDEA,COMMUNITY,49167,994,8.42,139.49,400.34,67.66,36.6,,0,1,MEDIUM,MEDIUM,0,0,0,0,MEDIUM,INTERMEDIATE,99.99,1,SEASONAL,0,0,0,16,32
WH-01527,LIVE_URL,SAAS,709250,136,23.79,53.92,83.58,15.27,38.3,81.7,1,0,HIGH,HIGH,1,35,1,0,RAPID,ADVANCED,BASIC,0,NORMAL,0,0,1,8,16
WH-01528,LIVE_URL,SAAS,173750,438,23.21,169.43,225.35,257.75,101.1,69.6,1,1,VERY_HIGH,HIGH,0,0,1,0,SLOW,BEGINNER,99.9,0,NORMAL,0,0,1,16,32
WH-01529,PLANNED,API_SERVICE,66728,1268,34.6,731.21,1360.06,254.35,56.2,,0,0,LOW,VERY_HIGH,0,0,0,0,MEDIUM,ADVANCED,99.95,1,EVENING,0,0,1,32,32
WH-01530,PLANNED,SAAS,242651,5340,23.76,2114.64,3214.25,708.44,590.6,,0,0,HIGH,HIGH,0,0,0,1,SLOW,ADVANCED,99.9,0,NORMAL,0,0,0,32,64
WH-01531,PLANNED,COMMUNITY,3296,66,7.87,8.66,11.77,13.4,46.6,,0,1,HIGH,MEDIUM,1,51,0,0,MEDIUM,ADVANCED,99.99,1,NORMAL,0,0,0,2,8
WH-01532,PLANNED,NEWS,1287534,386,2.99,19.24,29.24,14.34,39.1,,0,1,LOW,MEDIUM,0,0,0,0,MEDIUM,ADVANCED,99.95,1,NORMAL,0,0,1,2,4
WH-01533,LIVE_URL,CORPORATE,10945,13,2.67,0.58,1.79,8.0,62.6,89.4,1,0,LOW,MEDIUM,0,0,0,0,SLOW,BEGINNER,BASIC,0,EVENT_DRIVEN,0,0,0,1,4
WH-01534,NEW_IDEA,ECOMMERCE,274363,94,15.29,23.95,56.29,17.74,76.8,,0,1,HIGH,HIGH,0,0,1,0,STABLE,ADVANCED,99.9,0,SEASONAL,0,0,0,4,8
WH-01535,NEW_IDEA,EDUCATION,16269,303,6.81,34.39,68.44,40.56,19.4,,0,0,MEDIUM,HIGH,0,0,0,0,STABLE,ADVANCED,99.5,0,WEEKEND,0,0,1,2,8
WH-01536,LIVE_URL,SAAS,30798,229,7.62,29.08,47.7,36.81,70.5,68.3,1,0,HIGH,HIGH,1,50,1,0,MEDIUM,ADVANCED,99.9,0,BUSINESS_HOURS,0,0,0,4,8
WH-01537,PLANNED,EDUCATION,46305,405,11.84,79.92,115.88,64.08,60.5,,0,0,LOW,MEDIUM,0,0,1,0,MEDIUM,BEGINNER,99.9,0,NORMAL,0,0,1,4,4
WH-01538,LIVE_URL,EDUCATION,15368,112,8.59,16.03,47.46,15.02,55.4,68.2,1,1,LOW,MEDIUM,0,0,0,1,RAPID,ADVANCED,99.9,0,EVENT_DRIVEN,0,0,1,2,4
WH-01539,LIVE_URL,API_SERVICE,1065586,4786,17.82,1421.44,2928.17,320.39,68.0,74.5,1,1,MEDIUM,VERY_HIGH,1,1506,0,0,MEDIUM,BEGINNER,99.95,1,EVENING,1,0,0,32,64
WH-01540,PLANNED,MARKETPLACE,313871,2632,5.55,243.46,306.76,166.01,257.5,,0,0,HIGH,HIGH,1,1355,1,0,MEDIUM,BEGINNER,99.95,1,NORMAL,0,0,0,32,64
WH-01541,LIVE_URL,INTERNAL_BUSINESS,105,2,6.84,0.23,0.57,8.0,62.5,60.2,1,1,MEDIUM,MEDIUM,0,0,0,0,STABLE,ADVANCED,99.5,0,SEASONAL,0,0,1,1,4
WH-01542,PLANNED,CORPORATE,3429,8,3.99,0.53,0.74,28.12,58.1,,0,0,LOW,MEDIUM,0,0,0,1,MEDIUM,INTERMEDIATE,99.95,1,NORMAL,0,0,1,2,4
WH-01543,NEW_IDEA,INTERNAL_BUSINESS,1481,11,6.36,1.17,2.36,16.31,104.7,,0,0,MEDIUM,MEDIUM,0,0,0,0,SLOW,BEGINNER,99.95,1,EVENT_DRIVEN,0,0,1,2,4
WH-01544,LIVE_URL,SAAS,50834,307,21.81,111.59,186.36,56.16,37.6,92.5,1,1,HIGH,HIGH,0,0,0,0,MEDIUM,ADVANCED,BASIC,0,EVENING,0,0,1,8,16
WH-01545,PLANNED,NEWS,37531,624,2.83,29.43,49.74,33.4,148.7,,0,1,MEDIUM,MEDIUM,0,0,1,1,SLOW,INTERMEDIATE,99.9,0,EVENING,0,0,0,2,8
WH-01546,LIVE_URL,API_SERVICE,528230,4112,34.72,2379.48,6281.82,1289.66,16.6,68.0,1,0,MEDIUM,HIGH,0,0,1,0,STABLE,BEGINNER,99.5,0,SEASONAL,0,1,1,32,64
WH-01547,PLANNED,PORTFOLIO,1462,41,2.91,1.99,2.55,31.77,12.0,,0,0,LOW,LOW,0,0,0,0,MEDIUM,INTERMEDIATE,99.95,1,NORMAL,0,0,0,2,4
WH-01548,LIVE_URL,EDUCATION,3661,74,11.69,14.42,28.98,40.53,100.0,66.1,1,1,MEDIUM,MEDIUM,1,17,0,0,STABLE,INTERMEDIATE,99.5,0,EVENING,0,0,0,2,8
WH-01549,LIVE_URL,SAAS,8539,197,23.15,76.01,110.21,37.4,134.7,65.9,1,0,HIGH,HIGH,1,63,1,0,MEDIUM,BEGINNER,99.9,0,NORMAL,0,0,1,8,16
WH-01550,LIVE_URL,SAAS,1209466,196,9.6,31.36,109.13,39.66,31.7,72.5,1,0,HIGH,MEDIUM,0,0,1,0,MEDIUM,INTERMEDIATE,99.95,1,SEASONAL,0,0,1,8,16
WH-01551,LIVE_URL,SAAS,1716170,3642,15.22,923.85,1145.58,374.93,81.0,70.2,1,1,HIGH,HIGH,0,0,0,1,MEDIUM,ADVANCED,99.95,1,NORMAL,0,0,0,32,64
WH-01552,NEW_IDEA,COMMUNITY,595118,398,9.67,64.14,220.02,82.35,57.7,,0,0,HIGH,LOW,0,0,0,1,MEDIUM,BEGINNER,99.99,1,SEASONAL,0,0,1,8,16
WH-01553,LIVE_URL,SAAS,588526,4390,17.8,1302.37,2513.57,243.71,96.3,77.3,1,0,HIGH,HIGH,0,0,1,0,MEDIUM,ADVANCED,99.5,0,BUSINESS_HOURS,0,0,1,32,64
WH-01554,PLANNED,ECOMMERCE,10899,290,5.09,24.6,40.1,25.51,100.7,,0,0,HIGH,MEDIUM,0,0,1,1,SLOW,BEGINNER,99.9,0,WEEKEND,0,0,0,2,8
WH-01555,LIVE_URL,ECOMMERCE,28974,669,11.33,126.33,232.45,42.7,38.5,49.6,1,0,HIGH,HIGH,0,0,0,0,SLOW,ADVANCED,99.9,0,WEEKEND,0,0,1,16,32
WH-01556,NEW_IDEA,NEWS,75627,300,8.53,42.65,71.65,16.41,32.3,,0,0,MEDIUM,MEDIUM,0,0,0,1,MEDIUM,ADVANCED,99.9,0,BUSINESS_HOURS,0,0,0,2,8
WH-01557,PLANNED,BLOG,2660,24,3.38,1.35,1.78,26.19,10.5,,0,0,LOW,MEDIUM,0,0,1,0,SLOW,INTERMEDIATE,99.9,0,NORMAL,0,0,1,1,4
WH-01558,PLANNED,SAAS,17640,226,11.14,41.96,142.67,22.65,31.8,,0,0,HIGH,HIGH,0,0,0,0,SLOW,INTERMEDIATE,99.99,1,SEASONAL,0,0,0,8,16
WH-01559,PLANNED,SAAS,30537,422,22.17,155.93,224.54,119.85,73.5,,0,0,HIGH,HIGH,1,229,1,0,STABLE,ADVANCED,99.9,0,NORMAL,0,0,1,16,32
WH-01560,LIVE_URL,SAAS,359921,332,8.51,47.09,56.04,47.45,92.4,,0,1,HIGH,HIGH,1,180,0,0,SLOW,BEGINNER,99.9,0,NORMAL,0,0,1,4,8
WH-01561,LIVE_URL,NEWS,837659,6088,7.5,761.0,2891.8,299.69,19.4,71.5,1,1,MEDIUM,MEDIUM,0,0,0,0,RAPID,INTERMEDIATE,99.5,0,EVENT_DRIVEN,0,0,1,32,64
WH-01562,LIVE_URL,SAAS,84299,1350,21.67,487.58,736.24,358.89,34.8,67.1,1,1,MEDIUM,HIGH,0,0,0,0,SLOW,BEGINNER,99.99,1,NORMAL,0,0,1,32,64
WH-01563,LIVE_URL,SAAS,1012776,2898,23.0,1110.9,3688.19,343.55,393.9,51.7,1,1,VERY_HIGH,HIGH,1,1386,1,0,STABLE,BEGINNER,99.9,0,EVENT_DRIVEN,0,0,1,32,64
WH-01564,LIVE_URL,MEDIA_STREAMING,54913,717,6.0,71.7,86.04,92.32,25.4,74.5,1,0,MEDIUM,MEDIUM,0,0,0,0,STABLE,INTERMEDIATE,BASIC,0,NORMAL,0,0,0,4,8
WH-01565,LIVE_URL,SAAS,542154,4458,9.83,730.37,2921.48,272.15,77.8,63.6,1,1,HIGH,HIGH,0,0,1,0,MEDIUM,BEGINNER,99.9,0,EVENT_DRIVEN,1,0,1,32,64
WH-01566,LIVE_URL,SAAS,903906,4340,23.3,1685.37,2544.9,440.21,389.8,54.1,1,0,HIGH,VERY_HIGH,0,0,0,1,STABLE,BEGINNER,99.95,1,BUSINESS_HOURS,0,1,1,32,64
WH-01567,PLANNED,BLOG,11717,31,3.16,1.63,1.94,33.95,215.1,,0,1,LOW,LOW,0,0,0,1,STABLE,BEGINNER,99.5,0,NORMAL,0,0,0,1,4
WH-01568,LIVE_URL,BLOG,4013,21,3.97,1.39,1.81,16.38,31.8,88.5,1,1,LOW,LOW,0,0,0,0,MEDIUM,BEGINNER,99.9,0,NORMAL,0,0,0,1,4
WH-01569,PLANNED,BLOG,7718,31,3.88,2.0,2.89,8.0,51.8,,0,1,LOW,LOW,0,0,0,0,MEDIUM,INTERMEDIATE,99.5,0,EVENING,0,0,1,1,4
WH-01570,PLANNED,MARKETPLACE,250945,5837,8.83,859.01,1649.3,268.43,159.6,,0,0,HIGH,HIGH,1,1474,1,0,MEDIUM,INTERMEDIATE,99.5,0,EVENING,0,1,0,32,64
WH-01571,PLANNED,SAAS,112101,1892,23.5,741.03,1015.22,483.31,40.4,,0,1,HIGH,HIGH,1,718,0,0,MEDIUM,ADVANCED,99.95,1,BUSINESS_HOURS,0,1,0,32,64
WH-01572,PLANNED,BLOG,26749,117,3.11,6.06,11.77,24.16,36.1,,0,0,LOW,LOW,0,0,1,0,SLOW,INTERMEDIATE,BASIC,0,EVENING,0,0,0,2,4
WH-01573,LIVE_URL,BLOG,35693,21,1.81,0.63,1.05,8.0,53.9,99.0,1,0,LOW,LOW,0,0,0,0,MEDIUM,INTERMEDIATE,99.9,0,BUSINESS_HOURS,1,0,0,2,4
WH-01574,NEW_IDEA,SAAS,258002,811,12.31,166.39,314.48,98.23,24.3,,0,1,HIGH,HIGH,0,0,1,0,RAPID,INTERMEDIATE,99.95,1,SEASONAL,0,0,0,16,32
WH-01575,PLANNED,ECOMMERCE,381322,1250,7.89,164.38,330.39,69.71,27.5,,0,1,HIGH,HIGH,0,0,1,0,SLOW,BEGINNER,99.9,0,SEASONAL,1,0,1,16,32
WH-01576,LIVE_URL,BLOG,2208,8,4.83,0.64,0.93,13.49,39.0,95.6,1,0,LOW,LOW,0,0,1,0,MEDIUM,BEGINNER,99.95,1,WEEKEND,0,0,0,2,4
WH-01577,LIVE_URL,BLOG,3299,13,2.1,0.46,0.81,8.28,30.9,,0,0,LOW,LOW,0,0,0,0,SLOW,BEGINNER,99.9,0,BUSINESS_HOURS,0,1,0,2,4
WH-01578,PLANNED,ECOMMERCE,18671,110,14.23,26.09,47.22,22.63,78.7,,0,1,HIGH,MEDIUM,0,0,1,0,RAPID,INTERMEDIATE,99.9,0,SEASONAL,0,0,1,2,8
WH-01579,NEW_IDEA,API_SERVICE,1195527,4596,14.11,1080.83,1642.86,120.6,36.5,,0,1,HIGH,HIGH,1,925,0,0,MEDIUM,BEGINNER,99.9,0,NORMAL,0,1,1,32,64
WH-01580,LIVE_URL,SAAS,592928,34,20.32,11.51,18.65,25.18,102.5,64.4,1,1,VERY_HIGH,HIGH,1,24,1,0,SLOW,INTERMEDIATE,99.9,0,WEEKEND,0,0,0,2,16
WH-01581,NEW_IDEA,MARKETPLACE,528851,1023,16.78,286.1,1092.9,125.93,89.4,,0,0,MEDIUM,HIGH,0,0,1,0,SLOW,INTERMEDIATE,99.99,1,EVENT_DRIVEN,0,1,0,32,64
WH-01582,PLANNED,ECOMMERCE,363035,879,17.51,256.52,956.83,415.21,26.4,,0,0,HIGH,HIGH,0,0,1,0,MEDIUM,BEGINNER,99.99,1,EVENT_DRIVEN,0,0,0,32,64
WH-01583,LIVE_URL,SAAS,221105,3775,18.39,1157.04,3424.83,388.21,32.1,84.5,1,1,HIGH,VERY_HIGH,0,0,1,0,SLOW,BEGINNER,99.95,1,SEASONAL,0,0,0,32,64
WH-01584,NEW_IDEA,CORPORATE,19589,45,5.75,4.31,14.45,24.83,65.2,,0,0,LOW,MEDIUM,0,0,0,1,SLOW,BEGINNER,99.9,0,SEASONAL,0,0,0,1,4
WH-01585,PLANNED,BLOG,10395,24,4.86,1.94,3.6,8.0,21.2,,0,1,LOW,LOW,0,0,1,0,SLOW,BEGINNER,99.9,0,BUSINESS_HOURS,0,0,1,2,4
WH-01586,LIVE_URL,SAAS,304006,6552,11.6,1266.72,2014.08,236.19,170.6,67.8,1,0,HIGH,HIGH,0,0,1,0,MEDIUM,BEGINNER,99.9,0,BUSINESS_HOURS,1,0,1,32,64
WH-01587,PLANNED,MARKETPLACE,15199,104,6.94,12.03,17.56,25.62,979.6,,0,1,HIGH,HIGH,1,66,1,1,MEDIUM,INTERMEDIATE,99.95,1,BUSINESS_HOURS,0,0,0,2,16
WH-01588,LIVE_URL,ECOMMERCE,58448,233,5.78,22.45,34.12,13.02,93.5,74.6,1,0,HIGH,HIGH,0,0,1,0,SLOW,INTERMEDIATE,99.95,1,WEEKEND,0,0,1,2,8
WH-01589,LIVE_URL,API_SERVICE,9345,192,33.36,106.75,327.73,127.93,23.9,94.8,1,1,MEDIUM,VERY_HIGH,0,0,0,0,RAPID,INTERMEDIATE,99.95,1,SEASONAL,0,1,1,16,32
WH-01590,PLANNED,MARKETPLACE,677662,2634,13.95,612.4,1935.2,172.0,167.3,,0,1,HIGH,HIGH,0,0,0,1,RAPID,INTERMEDIATE,99.95,1,EVENT_DRIVEN,0,0,0,32,64
WH-01591,LIVE_URL,MARKETPLACE,266217,887,5.39,79.68,208.77,57.37,210.2,78.8,1,0,HIGH,HIGH,1,536,0,0,RAPID,ADVANCED,99.9,0,SEASONAL,0,0,0,16,32
WH-01592,PLANNED,CORPORATE,60213,6,3.41,0.34,1.16,10.75,12.8,,0,0,LOW,LOW,0,0,0,0,RAPID,ADVANCED,99.9,0,EVENT_DRIVEN,0,0,0,1,4
WH-01593,PLANNED,API_SERVICE,823159,4334,18.74,1353.65,3262.3,321.39,16.8,,0,1,MEDIUM,VERY_HIGH,0,0,1,0,SLOW,INTERMEDIATE,99.99,1,SEASONAL,0,0,0,32,64
WH-01594,PLANNED,NEWS,283481,52,5.49,4.76,11.89,20.12,559.2,,0,0,MEDIUM,MEDIUM,0,0,1,1,SLOW,INTERMEDIATE,99.9,0,EVENT_DRIVEN,0,0,0,2,8
WH-01595,LIVE_URL,MARKETPLACE,144148,639,13.14,139.94,486.99,58.02,72.4,62.8,1,0,HIGH,HIGH,1,195,0,0,MEDIUM,BEGINNER,99.95,1,EVENT_DRIVEN,0,0,1,32,64
WH-01596,LIVE_URL,NEWS,311487,151,6.27,15.78,32.66,14.84,175.5,69.8,1,1,MEDIUM,MEDIUM,0,0,0,1,SLOW,BEGINNER,99.9,0,EVENING,0,0,0,2,8
WH-01597,PLANNED,API_SERVICE,1201724,4369,33.59,2445.91,3791.16,446.61,22.7,,0,1,MEDIUM,VERY_HIGH,0,0,1,0,STABLE,ADVANCED,99.9,0,NORMAL,0,1,0,32,64
WH-01598,LIVE_URL,API_SERVICE,306271,2169,29.58,1069.32,1614.67,552.72,114.4,88.7,1,1,HIGH,VERY_HIGH,0,0,1,0,MEDIUM,INTERMEDIATE,99.95,1,BUSINESS_HOURS,1,0,0,32,64
WH-01599,PLANNED,SAAS,438516,3282,21.05,1151.44,1588.98,155.72,54.8,,0,1,MEDIUM,HIGH,0,0,0,0,RAPID,ADVANCED,99.99,1,BUSINESS_HOURS,0,0,0,32,64
WH-01600,LIVE_URL,EDUCATION,99689,73,3.14,3.82,8.25,39.6,261.5,57.8,1,1,MEDIUM,LOW,0,0,0,1,SLOW,INTERMEDIATE,99.95,1,SEASONAL,0,0,1,2,8
WH-01601,PLANNED,NEWS,32439,633,4.79,50.53,74.29,48.74,27.2,,0,1,MEDIUM,MEDIUM,0,0,0,0,RAPID,INTERMEDIATE,99.5,0,BUSINESS_HOURS,0,0,0,2,8
WH-01602,PLANNED,ECOMMERCE,37772,32,11.46,6.11,10.27,15.54,63.5,,0,0,HIGH,HIGH,0,0,0,0,SLOW,BEGINNER,99.9,0,EVENING,0,0,1,1,8
WH-01603,LIVE_URL,SAAS,73041,1403,15.73,367.82,654.72,377.48,517.3,59.6,1,1,HIGH,MEDIUM,1,991,1,1,MEDIUM,BEGINNER,99.95,1,EVENING,0,0,1,32,64
WH-01604,LIVE_URL,MARKETPLACE,263884,1456,6.93,168.17,314.47,174.22,112.9,,0,1,HIGH,VERY_HIGH,0,0,0,0,MEDIUM,INTERMEDIATE,99.9,0,BUSINESS_HOURS,0,0,0,16,32
WH-01605,PLANNED,CORPORATE,18090,40,5.56,3.71,4.34,25.33,32.2,,0,1,LOW,LOW,0,0,0,0,RAPID,INTERMEDIATE,BASIC,0,NORMAL,0,0,0,1,4
WH-01606,PLANNED,SAAS,94330,2608,16.83,731.54,1199.73,496.95,295.4,,0,0,VERY_HIGH,HIGH,0,0,1,1,SLOW,ADVANCED,99.99,1,EVENING,0,0,1,32,64
WH-01607,LIVE_URL,CORPORATE,21137,37,3.59,2.21,2.9,8.0,44.2,54.1,1,0,LOW,LOW,0,0,0,0,STABLE,INTERMEDIATE,99.9,0,NORMAL,0,0,0,2,4
WH-01608,PLANNED,SAAS,454372,4773,13.81,1098.59,2548.72,541.12,165.7,,0,0,VERY_HIGH,HIGH,0,0,0,0,SLOW,BEGINNER,99.95,1,SEASONAL,0,0,1,32,64
WH-01609,PLANNED,NEWS,537402,833,8.1,112.45,293.51,39.63,10.7,,0,1,LOW,HIGH,1,487,0,0,MEDIUM,BEGINNER,99.95,1,EVENT_DRIVEN,0,1,1,8,8
WH-01610,LIVE_URL,PORTFOLIO,26942,8,3.3,0.44,1.45,28.4,40.9,54.8,1,0,LOW,LOW,0,0,0,1,MEDIUM,INTERMEDIATE,99.95,1,EVENT_DRIVEN,0,0,0,2,4
WH-01611,LIVE_URL,API_SERVICE,114429,666,14.41,159.95,323.1,149.44,27.0,74.4,1,0,LOW,HIGH,1,473,1,0,RAPID,ADVANCED,99.5,0,EVENT_DRIVEN,0,1,0,32,32
WH-01612,LIVE_URL,API_SERVICE,924525,5910,21.93,2160.11,3564.17,238.72,115.3,82.0,1,0,MEDIUM,VERY_HIGH,0,0,0,0,MEDIUM,INTERMEDIATE,99.9,0,BUSINESS_HOURS,0,1,0,32,64
WH-01613,PLANNED,PORTFOLIO,3532,28,1.75,0.82,1.35,47.23,11.7,,0,0,LOW,LOW,0,0,0,0,STABLE,BEGINNER,99.9,0,BUSINESS_HOURS,0,0,1,1,4
WH-01614,PLANNED,INTERNAL_BUSINESS,2437,3,7.62,0.38,0.65,8.31,14.0,,0,0,MEDIUM,MEDIUM,0,0,0,0,STABLE,ADVANCED,99.99,1,EVENING,0,0,1,2,8
WH-01615,PLANNED,BLOG,60806,75,1.62,2.03,3.38,21.35,28.8,,0,0,LOW,LOW,0,0,0,0,STABLE,BEGINNER,99.5,0,WEEKEND,0,0,0,1,4
WH-01616,LIVE_URL,EDUCATION,7405,32,5.5,2.93,4.19,12.52,58.2,63.0,1,1,HIGH,MEDIUM,0,0,0,1,SLOW,INTERMEDIATE,99.5,0,BUSINESS_HOURS,0,0,0,2,8
WH-01617,NEW_IDEA,PORTFOLIO,6241,14,3.42,0.8,1.11,44.74,375.7,,0,0,LOW,LOW,0,0,0,1,STABLE,INTERMEDIATE,BASIC,0,NORMAL,0,0,0,1,4
WH-01618,PLANNED,CORPORATE,20713,66,4.27,4.7,5.73,21.52,170.9,,0,1,LOW,LOW,0,0,1,1,MEDIUM,BEGINNER,99.9,0,NORMAL,0,0,0,1,4
WH-01619,PLANNED,EDUCATION,38446,20,10.75,3.58,9.07,31.03,167.5,,0,1,HIGH,LOW,0,0,0,1,MEDIUM,BEGINNER,BASIC,0,SEASONAL,0,0,0,1,8
WH-01620,PLANNED,CORPORATE,58825,136,5.98,13.55,15.86,14.58,52.1,,0,1,LOW,LOW,0,0,0,0,MEDIUM,BEGINNER,99.9,0,NORMAL,0,0,0,1,4
WH-01621,LIVE_URL,SAAS,25884,266,9.3,41.23,105.55,81.11,147.7,52.9,1,0,HIGH,MEDIUM,0,0,0,0,SLOW,BEGINNER,99.9,0,EVENT_DRIVEN,0,0,1,8,16
WH-01622,PLANNED,ECOMMERCE,61006,209,10.15,35.36,55.86,10.99,50.4,,0,0,HIGH,VERY_HIGH,0,0,0,0,RAPID,INTERMEDIATE,99.95,1,EVENING,0,1,1,4,8
WH-01623,PLANNED,ECOMMERCE,511473,297,12.29,60.84,101.6,48.72,39.5,,0,0,HIGH,HIGH,0,0,0,0,MEDIUM,BEGINNER,99.95,1,BUSINESS_HOURS,0,0,1,8,16
WH-01624,PLANNED,BLOG,7372,23,3.5,1.34,2.12,14.74,36.2,,0,0,LOW,LOW,0,0,0,0,MEDIUM,ADVANCED,BASIC,0,WEEKEND,0,0,0,2,4
WH-01625,LIVE_URL,CORPORATE,3287,13,4.63,1.0,1.97,17.06,44.2,80.9,1,0,LOW,LOW,0,0,0,0,MEDIUM,ADVANCED,99.9,0,EVENING,0,0,0,2,4
WH-01626,NEW_IDEA,SAAS,1560195,1168,22.84,444.62,604.68,95.62,370.9,,0,0,HIGH,HIGH,0,0,1,1,RAPID,BEGINNER,99.9,0,WEEKEND,1,0,1,32,64
WH-01627,LIVE_URL,API_SERVICE,483876,6829,34.25,3898.22,5457.51,676.21,61.3,75.0,1,0,MEDIUM,VERY_HIGH,0,0,0,0,MEDIUM,ADVANCED,99.9,0,EVENING,0,0,0,32,64
WH-01628,NEW_IDEA,MARKETPLACE,56912,516,5.17,44.46,94.26,22.91,52.1,,0,0,HIGH,HIGH,0,0,0,0,STABLE,INTERMEDIATE,99.95,1,EVENT_DRIVEN,0,0,1,8,16
WH-01629,LIVE_URL,SAAS,156435,2679,23.89,1066.69,1973.37,376.79,45.1,,0,1,MEDIUM,MEDIUM,0,0,0,0,MEDIUM,INTERMEDIATE,99.5,0,SEASONAL,1,0,0,32,64
WH-01630,PLANNED,SAAS,5785,56,6.28,5.86,20.75,25.75,47.5,,0,1,HIGH,MEDIUM,0,0,0,0,MEDIUM,INTERMEDIATE,99.9,0,EVENT_DRIVEN,0,0,0,2,8
WH-01631,LIVE_URL,MARKETPLACE,691091,1751,9.09,265.28,331.6,141.37,70.0,71.3,1,0,HIGH,HIGH,0,0,1,0,SLOW,INTERMEDIATE,99.95,1,NORMAL,0,0,1,16,32
WH-01632,PLANNED,EDUCATION,223563,128,3.37,7.19,12.44,18.76,56.0,,0,0,MEDIUM,MEDIUM,0,0,1,1,RAPID,BEGINNER,99.9,0,BUSINESS_HOURS,0,0,0,2,8
WH-01633,PLANNED,CORPORATE,14101,30,5.47,2.73,5.74,17.41,57.4,,0,0,LOW,LOW,0,0,1,0,SLOW,ADVANCED,99.9,0,EVENING,0,0,1,1,4
WH-01634,LIVE_URL,CORPORATE,4638,44,4.85,3.56,10.17,19.61,23.6,,0,0,LOW,LOW,0,0,0,0,SLOW,BEGINNER,BASIC,0,SEASONAL,0,0,0,2,4
WH-01635,LIVE_URL,SAAS,51642,1087,8.34,151.09,235.71,56.89,42.4,58.3,1,0,HIGH,MEDIUM,0,0,1,0,STABLE,BEGINNER,99.9,0,BUSINESS_HOURS,0,0,0,8,16
WH-01636,PLANNED,MARKETPLACE,543915,4718,18.19,1430.34,2045.39,499.81,238.6,,0,0,HIGH,HIGH,0,0,1,1,MEDIUM,INTERMEDIATE,99.99,1,EVENING,1,0,1,32,64
WH-01637,LIVE_URL,MEDIA_STREAMING,16062,76,6.54,8.28,14.99,11.31,25.9,56.4,1,1,LOW,MEDIUM,1,55,0,1,SLOW,BEGINNER,99.9,0,BUSINESS_HOURS,0,0,0,2,4
WH-01638,LIVE_URL,ECOMMERCE,452490,83,13.08,18.09,34.74,13.94,245.4,74.9,1,0,HIGH,MEDIUM,0,0,0,0,SLOW,ADVANCED,99.9,0,BUSINESS_HOURS,0,0,0,2,8
WH-01639,LIVE_URL,INTERNAL_BUSINESS,6149,46,6.81,5.22,7.0,25.41,26.4,61.6,1,0,LOW,MEDIUM,0,0,1,0,RAPID,ADVANCED,99.9,0,NORMAL,0,0,0,1,4
WH-01640,LIVE_URL,API_SERVICE,638004,4210,29.58,2075.53,4939.76,438.13,22.7,77.3,1,0,MEDIUM,VERY_HIGH,0,0,1,0,STABLE,INTERMEDIATE,99.9,0,SEASONAL,1,0,1,32,64
WH-01641,PLANNED,ECOMMERCE,878180,1442,8.48,203.8,285.32,127.91,805.9,,0,0,HIGH,HIGH,1,571,1,1,MEDIUM,ADVANCED,99.9,0,NORMAL,0,1,1,16,32
WH-01642,LIVE_URL,ECOMMERCE,589829,2735,11.34,516.91,1271.61,140.0,86.5,50.7,1,1,HIGH,HIGH,0,0,0,1,MEDIUM,INTERMEDIATE,99.9,0,SEASONAL,0,1,0,32,64
WH-01643,NEW_IDEA,MEDIA_STREAMING,13026,370,7.28,44.89,110.44,19.84,55.9,,0,1,MEDIUM,MEDIUM,0,0,0,1,RAPID,INTERMEDIATE,99.5,0,EVENT_DRIVEN,0,0,1,4,8
WH-01644,LIVE_URL,SAAS,1116185,2563,19.83,847.07,1634.85,341.61,29.6,68.1,1,0,VERY_HIGH,HIGH,0,0,0,0,MEDIUM,INTERMEDIATE,99.9,0,EVENING,0,1,0,32,64
WH-01645,NEW_IDEA,API_SERVICE,403407,1829,21.71,661.79,2594.23,455.14,22.6,,0,0,LOW,VERY_HIGH,0,0,1,0,RAPID,ADVANCED,99.95,1,EVENT_DRIVEN,0,1,1,32,32
WH-01646,LIVE_URL,CORPORATE,19648,13,4.85,1.05,1.3,15.01,57.8,92.9,1,0,LOW,LOW,0,0,1,0,RAPID,ADVANCED,99.95,1,NORMAL,0,0,0,2,4
WH-01647,LIVE_URL,SAAS,785979,4295,11.72,838.96,1359.11,284.94,39.1,54.7,1,1,HIGH,VERY_HIGH,0,0,1,0,SLOW,ADVANCED,99.95,1,EVENING,0,1,1,32,64
WH-01648,PLANNED,SAAS,248364,4554,22.25,1688.78,3174.9,1035.74,26.7,,0,1,HIGH,VERY_HIGH,0,0,0,0,MEDIUM,INTERMEDIATE,99.9,0,EVENING,0,0,1,32,64
WH-01649,PLANNED,ECOMMERCE,68052,302,13.71,69.01,84.88,283.63,229.6,,0,1,HIGH,HIGH,0,0,1,1,RAPID,ADVANCED,99.99,1,NORMAL,0,0,0,8,16
WH-01650,LIVE_URL,NEWS,202925,2194,2.9,106.04,132.55,55.62,17.8,90.0,1,1,MEDIUM,MEDIUM,0,0,0,0,SLOW,BEGINNER,99.9,0,NORMAL,0,0,0,4,8
WH-01651,LIVE_URL,COMMUNITY,7646,45,6.23,4.67,6.26,100.39,97.3,81.9,1,1,MEDIUM,MEDIUM,1,28,0,0,RAPID,ADVANCED,99.95,1,NORMAL,0,0,1,2,8
WH-01652,NEW_IDEA,SAAS,262273,4868,17.29,1402.8,5288.54,1821.85,149.3,,0,1,MEDIUM,HIGH,0,0,1,1,RAPID,INTERMEDIATE,99.9,0,EVENT_DRIVEN,0,0,0,32,64
WH-01653,LIVE_URL,MARKETPLACE,624305,381,14.86,94.36,144.37,51.41,64.7,,0,1,HIGH,HIGH,0,0,1,0,RAPID,BEGINNER,99.9,0,NORMAL,0,0,1,8,16
WH-01654,LIVE_URL,BLOG,62234,29,1.66,0.8,1.05,8.0,33.9,52.9,1,1,LOW,LOW,0,0,0,0,STABLE,INTERMEDIATE,99.5,0,EVENING,0,0,0,2,4
WH-01655,PLANNED,EDUCATION,179965,61,3.34,3.4,4.65,18.86,21.4,,0,0,HIGH,MEDIUM,0,0,0,0,MEDIUM,BEGINNER,99.5,0,BUSINESS_HOURS,0,0,1,2,8
WH-01656,LIVE_URL,MARKETPLACE,61292,119,12.4,24.59,75.99,9.17,50.3,84.3,1,0,MEDIUM,VERY_HIGH,0,0,0,0,RAPID,BEGINNER,BASIC,0,EVENT_DRIVEN,0,0,0,4,8
WH-01657,PLANNED,BLOG,10541,11,1.65,0.3,0.48,16.02,19.8,,0,0,LOW,LOW,0,0,0,0,STABLE,BEGINNER,99.9,0,BUSINESS_HOURS,0,0,1,1,4
WH-01658,PLANNED,SAAS,15299,72,20.83,25.0,42.99,19.7,30.7,,0,0,HIGH,HIGH,1,27,1,0,STABLE,INTERMEDIATE,99.9,0,BUSINESS_HOURS,0,0,1,4,8
WH-01659,LIVE_URL,ECOMMERCE,37208,35,12.95,7.55,26.06,12.39,25.8,64.3,1,0,HIGH,MEDIUM,0,0,1,0,MEDIUM,INTERMEDIATE,99.9,0,EVENT_DRIVEN,0,0,1,2,8
WH-01660,NEW_IDEA,SAAS,5590,101,13.26,22.32,39.51,30.48,112.3,,0,0,HIGH,HIGH,1,72,0,0,SLOW,ADVANCED,99.9,0,EVENING,0,0,1,2,8
WH-01661,PLANNED,CORPORATE,27155,15,3.36,0.84,2.61,36.59,341.5,,0,1,LOW,LOW,0,0,0,1,SLOW,ADVANCED,99.9,0,SEASONAL,0,0,0,2,4
WH-01662,PLANNED,CORPORATE,2868,74,2.25,2.77,4.08,20.29,69.9,,0,0,LOW,LOW,0,0,0,0,STABLE,BEGINNER,99.9,0,NORMAL,0,0,1,1,4
WH-01663,LIVE_URL,ECOMMERCE,39421,373,14.88,92.5,178.53,177.55,142.7,48.4,1,0,HIGH,MEDIUM,0,0,1,0,MEDIUM,ADVANCED,99.9,0,BUSINESS_HOURS,0,0,0,8,16
WH-01664,LIVE_URL,SAAS,259589,4365,16.3,1185.83,2276.78,618.73,35.9,,0,1,HIGH,HIGH,0,0,1,0,SLOW,INTERMEDIATE,99.99,1,BUSINESS_HOURS,0,1,0,32,64
WH-01665,PLANNED,MARKETPLACE,226293,575,9.91,94.97,291.56,94.07,126.6,,0,1,VERY_HIGH,HIGH,1,474,1,0,RAPID,INTERMEDIATE,99.95,1,SEASONAL,0,0,1,32,64
WH-01666,PLANNED,EDUCATION,13093,227,3.83,14.49,35.36,10.33,57.9,,0,0,MEDIUM,LOW,0,0,0,0,RAPID,INTERMEDIATE,99.9,0,SEASONAL,0,0,1,1,4
WH-01667,PLANNED,EDUCATION,3059,78,7.63,9.92,11.61,72.93,831.1,,0,0,HIGH,LOW,0,0,1,1,SLOW,ADVANCED,BASIC,0,NORMAL,0,1,1,2,8
WH-01668,NEW_IDEA,CORPORATE,39231,94,4.13,6.47,12.1,32.82,10.0,,0,0,LOW,LOW,0,0,1,0,SLOW,BEGINNER,99.9,0,EVENING,0,0,1,2,4
WH-01669,LIVE_URL,API_SERVICE,133785,1090,32.51,590.6,773.68,92.3,113.4,75.4,1,1,MEDIUM,HIGH,0,0,1,0,SLOW,INTERMEDIATE,99.95,1,NORMAL,0,0,1,32,64
WH-01670,NEW_IDEA,MARKETPLACE,11695,26,18.51,8.02,9.3,16.35,443.8,,0,0,HIGH,MEDIUM,0,0,1,1,SLOW,INTERMEDIATE,99.9,0,NORMAL,0,0,0,2,8
WH-01671,NEW_IDEA,BLOG,3887,47,2.66,2.08,3.29,20.3,25.2,,0,1,LOW,LOW,0,0,0,0,MEDIUM,ADVANCED,99.95,1,BUSINESS_HOURS,0,0,0,2,4
WH-01672,LIVE_URL,MEDIA_STREAMING,1272664,5660,7.46,703.73,2287.11,413.06,379.2,58.2,1,1,MEDIUM,MEDIUM,0,0,0,1,MEDIUM,ADVANCED,99.5,0,SEASONAL,0,0,0,32,64
WH-01673,LIVE_URL,SAAS,237661,3427,18.03,1029.81,1791.88,487.27,271.8,99.0,1,0,VERY_HIGH,MEDIUM,1,799,0,0,MEDIUM,ADVANCED,99.9,0,WEEKEND,1,0,0,32,64
WH-01674,PLANNED,ECOMMERCE,47379,357,17.29,102.88,191.35,59.44,119.3,,0,1,HIGH,HIGH,0,0,1,1,SLOW,INTERMEDIATE,99.9,0,EVENING,0,0,1,16,32
WH-01675,PLANNED,CORPORATE,12345,37,4.3,2.65,3.63,9.14,14.0,,0,1,LOW,LOW,0,0,1,0,MEDIUM,BEGINNER,99.5,0,NORMAL,0,0,1,1,4
WH-01676,NEW_IDEA,SAAS,1663777,6900,19.7,2265.5,6298.09,580.51,21.4,,0,1,HIGH,VERY_HIGH,1,1979,0,0,MEDIUM,BEGINNER,99.9,0,EVENT_DRIVEN,0,0,1,32,64
WH-01677,PLANNED,NEWS,242551,3517,6.5,381.01,1074.44,96.81,17.2,,0,0,MEDIUM,MEDIUM,0,0,0,0,MEDIUM,INTERMEDIATE,99.9,0,EVENT_DRIVEN,0,1,1,32,64
WH-01678,LIVE_URL,SAAS,649278,2042,17.46,594.22,1491.5,211.1,42.4,66.6,1,0,HIGH,HIGH,0,0,0,0,MEDIUM,INTERMEDIATE,99.9,0,EVENT_DRIVEN,1,0,0,32,64
WH-01679,PLANNED,SAAS,793736,2994,12.56,626.74,839.84,66.3,151.3,,0,0,HIGH,HIGH,0,0,0,1,MEDIUM,ADVANCED,99.9,0,NORMAL,0,0,0,32,64
WH-01680,PLANNED,BLOG,29725,38,2.9,1.84,2.96,12.21,39.5,,0,0,LOW,LOW,0,0,1,0,MEDIUM,INTERMEDIATE,99.9,0,BUSINESS_HOURS,0,0,0,2,4
WH-01681,NEW_IDEA,ECOMMERCE,10130,122,6.51,13.24,23.16,23.85,43.6,,0,1,HIGH,HIGH,0,0,0,0,RAPID,INTERMEDIATE,99.5,0,WEEKEND,0,0,1,1,8
WH-01682,LIVE_URL,EDUCATION,4164,28,6.86,3.2,4.16,25.99,64.3,74.0,1,0,LOW,HIGH,0,0,0,0,SLOW,BEGINNER,BASIC,0,NORMAL,0,0,1,1,4
WH-01683,PLANNED,SAAS,141233,2708,11.42,515.42,752.52,127.53,125.4,,0,1,HIGH,HIGH,0,0,0,0,MEDIUM,BEGINNER,99.95,1,BUSINESS_HOURS,0,0,0,32,64
WH-01684,PLANNED,CORPORATE,21360,30,2.91,1.46,1.95,50.86,20.2,,0,1,LOW,MEDIUM,0,0,0,0,MEDIUM,BEGINNER,99.9,0,BUSINESS_HOURS,0,0,1,2,4
WH-01685,LIVE_URL,INTERNAL_BUSINESS,1981,13,9.09,1.97,2.74,11.96,15.3,83.6,1,0,MEDIUM,MEDIUM,0,0,0,0,SLOW,ADVANCED,99.9,0,NORMAL,0,0,1,2,8
WH-01686,PLANNED,API_SERVICE,491086,2681,26.73,1194.39,1767.69,167.53,31.3,,0,0,MEDIUM,HIGH,0,0,0,0,MEDIUM,ADVANCED,99.5,0,NORMAL,0,0,0,32,64
WH-01687,NEW_IDEA,CORPORATE,58283,50,4.37,3.64,7.06,37.92,12.3,,0,1,LOW,LOW,0,0,1,0,RAPID,BEGINNER,99.99,1,WEEKEND,0,0,0,2,4
WH-01688,LIVE_URL,SAAS,1123876,7025,5.57,652.15,873.89,69.87,46.9,66.0,1,1,HIGH,MEDIUM,1,1652,1,0,STABLE,INTERMEDIATE,99.9,0,NORMAL,0,0,0,32,64
WH-01689,PLANNED,SAAS,6181,35,8.47,4.94,8.1,24.29,130.6,,0,0,VERY_HIGH,HIGH,0,0,0,0,MEDIUM,INTERMEDIATE,99.95,1,EVENING,0,0,1,2,16
WH-01690,LIVE_URL,SAAS,465344,3872,23.07,1488.78,2024.75,343.06,202.0,90.7,1,0,HIGH,VERY_HIGH,0,0,1,0,STABLE,INTERMEDIATE,99.9,0,NORMAL,0,0,0,32,64
WH-01691,LIVE_URL,NEWS,195322,175,2.19,6.39,18.97,29.62,111.5,76.3,1,1,HIGH,MEDIUM,0,0,0,1,MEDIUM,BEGINNER,99.5,0,SEASONAL,0,0,1,2,8
WH-01692,PLANNED,SAAS,1703343,4289,10.36,740.57,2080.99,488.07,48.8,,0,1,MEDIUM,MEDIUM,0,0,0,0,SLOW,ADVANCED,99.9,0,SEASONAL,0,0,0,32,64
WH-01693,LIVE_URL,SAAS,467610,7103,6.35,751.73,2510.79,499.18,67.3,73.5,1,0,HIGH,VERY_HIGH,1,4177,0,0,STABLE,INTERMEDIATE,99.5,0,EVENT_DRIVEN,1,1,0,32,64
WH-01694,LIVE_URL,ECOMMERCE,65640,51,12.31,10.46,14.33,25.73,144.8,83.7,1,0,HIGH,MEDIUM,0,0,1,0,MEDIUM,BEGINNER,99.95,1,BUSINESS_HOURS,0,0,1,2,8
WH-01695,NEW_IDEA,API_SERVICE,72130,66,24.14,26.55,57.62,16.41,46.2,,0,0,MEDIUM,VERY_HIGH,0,0,0,0,SLOW,BEGINNER,BASIC,0,WEEKEND,0,0,0,4,8
WH-01696,PLANNED,API_SERVICE,792574,4486,14.93,1116.27,4532.04,262.62,100.1,,0,1,MEDIUM,VERY_HIGH,0,0,1,0,MEDIUM,ADVANCED,99.9,0,EVENT_DRIVEN,0,1,0,32,64
WH-01697,LIVE_URL,BLOG,7432,8,1.77,0.24,0.71,9.21,18.0,58.5,1,0,LOW,LOW,0,0,0,0,STABLE,INTERMEDIATE,99.9,0,SEASONAL,0,0,0,1,4
WH-01698,PLANNED,EDUCATION,3105,8,5.12,0.68,1.16,15.27,62.7,,0,1,MEDIUM,MEDIUM,0,0,0,0,MEDIUM,ADVANCED,99.99,1,BUSINESS_HOURS,0,0,1,2,8
WH-01699,PLANNED,ECOMMERCE,44735,191,12.93,41.16,51.04,63.7,96.2,,0,0,HIGH,VERY_HIGH,0,0,1,0,RAPID,BEGINNER,99.99,1,NORMAL,0,0,0,4,8
WH-01700,LIVE_URL,MARKETPLACE,573945,5888,6.44,631.98,1390.35,178.99,70.6,77.7,1,0,HIGH,MEDIUM,1,4065,1,1,SLOW,ADVANCED,99.9,0,SEASONAL,0,1,0,32,64
WH-01701,PLANNED,SAAS,26452,189,19.95,62.84,109.97,37.73,111.4,,0,1,HIGH,HIGH,0,0,1,0,MEDIUM,INTERMEDIATE,99.5,0,BUSINESS_HOURS,0,0,0,8,16
WH-01702,PLANNED,PORTFOLIO,1120,5,2.16,0.18,0.24,31.17,10.0,,0,1,LOW,LOW,0,0,0,0,SLOW,BEGINNER,99.9,0,BUSINESS_HOURS,0,0,0,1,4
WH-01703,LIVE_URL,MARKETPLACE,261031,4372,18.55,1351.68,1932.9,490.88,24.3,67.1,1,0,HIGH,VERY_HIGH,0,0,1,0,MEDIUM,INTERMEDIATE,99.9,0,EVENING,1,0,1,32,64
WH-01704,LIVE_URL,CORPORATE,22700,6,3.56,0.36,0.54,14.94,22.1,91.7,1,0,LOW,MEDIUM,0,0,1,0,RAPID,BEGINNER,99.9,0,NORMAL,0,0,0,2,4
WH-01705,LIVE_URL,EDUCATION,50769,122,9.05,18.4,58.15,13.62,521.9,95.9,1,0,MEDIUM,MEDIUM,0,0,0,1,RAPID,ADVANCED,99.9,0,EVENT_DRIVEN,0,1,0,2,4
WH-01706,PLANNED,API_SERVICE,852771,2717,31.82,1440.92,2507.19,206.26,60.0,,0,0,HIGH,VERY_HIGH,0,0,0,0,MEDIUM,BEGINNER,99.99,1,EVENING,1,0,1,32,64
WH-01707,NEW_IDEA,EDUCATION,9863,26,5.76,2.5,3.17,59.85,318.2,,0,1,MEDIUM,HIGH,0,0,0,1,MEDIUM,INTERMEDIATE,BASIC,0,NORMAL,0,0,0,1,4
WH-01708,PLANNED,CORPORATE,75369,9,1.93,0.29,0.38,11.39,22.4,,0,0,LOW,LOW,0,0,0,0,SLOW,INTERMEDIATE,99.5,0,BUSINESS_HOURS,0,0,1,1,4
WH-01709,LIVE_URL,PORTFOLIO,2807,8,2.14,0.29,0.41,8.41,28.2,50.5,1,1,LOW,LOW,0,0,1,1,SLOW,INTERMEDIATE,BASIC,0,NORMAL,0,0,0,2,4
WH-01710,NEW_IDEA,API_SERVICE,398352,3059,12.84,654.63,1296.16,264.95,37.7,,0,1,MEDIUM,VERY_HIGH,0,0,1,0,RAPID,BEGINNER,99.5,0,WEEKEND,0,0,0,32,64
WH-01711,PLANNED,NEWS,30385,314,4.27,22.35,46.7,61.88,689.7,,0,0,MEDIUM,MEDIUM,0,0,1,1,MEDIUM,INTERMEDIATE,99.9,0,SEASONAL,0,0,1,2,8
WH-01712,LIVE_URL,MARKETPLACE,958218,5883,11.94,1170.72,3523.86,878.8,20.9,91.8,1,0,HIGH,VERY_HIGH,0,0,1,0,SLOW,ADVANCED,99.95,1,EVENT_DRIVEN,0,0,0,32,64
WH-01713,NEW_IDEA,SAAS,884830,3515,12.68,742.84,1225.68,457.75,745.1,,0,1,HIGH,VERY_HIGH,0,0,1,1,SLOW,ADVANCED,99.95,1,EVENING,0,1,1,32,64
WH-01714,PLANNED,SAAS,539274,4734,22.82,1800.5,5707.58,634.72,77.8,,0,1,MEDIUM,HIGH,1,1527,0,0,SLOW,INTERMEDIATE,99.9,0,SEASONAL,0,0,0,32,64
WH-01715,LIVE_URL,ECOMMERCE,167423,319,16.92,89.96,162.82,130.28,59.6,,0,0,HIGH,HIGH,0,0,1,0,MEDIUM,BEGINNER,99.9,0,BUSINESS_HOURS,0,0,0,16,32
WH-01716,PLANNED,ECOMMERCE,163357,984,13.0,213.2,262.24,111.17,220.1,,0,0,HIGH,HIGH,0,0,0,0,SLOW,INTERMEDIATE,99.9,0,NORMAL,0,0,1,16,32
WH-01717,NEW_IDEA,NEWS,656544,159,7.64,20.25,27.53,31.58,35.5,,0,1,MEDIUM,MEDIUM,0,0,0,0,SLOW,BEGINNER,99.5,0,NORMAL,0,0,1,1,4
WH-01718,PLANNED,SAAS,298215,2682,21.59,965.07,2982.08,317.53,35.5,,0,1,HIGH,HIGH,0,0,1,0,SLOW,INTERMEDIATE,99.95,1,EVENT_DRIVEN,0,0,1,32,64
WH-01719,LIVE_URL,MARKETPLACE,1298216,731,11.07,134.87,186.12,67.46,107.8,66.4,1,0,HIGH,HIGH,0,0,0,0,RAPID,BEGINNER,99.95,1,NORMAL,0,0,1,16,32
WH-01720,LIVE_URL,PORTFOLIO,23336,48,1.64,1.31,2.19,20.35,38.0,63.8,1,1,LOW,LOW,0,0,0,0,STABLE,INTERMEDIATE,99.9,0,WEEKEND,0,0,0,1,4
WH-01721,PLANNED,EDUCATION,453019,899,4.34,65.03,96.24,15.73,43.3,,0,1,LOW,HIGH,0,0,0,0,SLOW,ADVANCED,99.9,0,BUSINESS_HOURS,0,0,0,4,8
WH-01722,PLANNED,ECOMMERCE,205217,564,5.23,49.16,112.58,64.4,154.9,,0,0,HIGH,HIGH,0,0,1,0,MEDIUM,BEGINNER,99.9,0,EVENT_DRIVEN,0,1,0,8,16
WH-01723,PLANNED,ECOMMERCE,38453,46,7.13,5.47,18.59,42.9,736.0,,0,1,HIGH,HIGH,0,0,0,1,MEDIUM,INTERMEDIATE,99.99,1,EVENT_DRIVEN,0,1,1,2,8
WH-01724,LIVE_URL,SAAS,509066,7242,16.71,2016.9,3771.6,441.52,91.2,,0,1,HIGH,HIGH,0,0,1,0,MEDIUM,INTERMEDIATE,99.9,0,WEEKEND,0,0,0,32,64
WH-01725,LIVE_URL,ECOMMERCE,78665,370,14.46,89.17,193.5,20.44,24.7,89.5,1,1,HIGH,HIGH,0,0,1,0,STABLE,BEGINNER,99.99,1,SEASONAL,0,0,1,16,32
WH-01726,LIVE_URL,SAAS,1172451,343,20.06,114.68,160.55,54.71,32.6,55.9,1,0,HIGH,MEDIUM,0,0,1,0,SLOW,ADVANCED,99.9,0,EVENING,0,0,0,8,16
WH-01727,LIVE_URL,BLOG,22982,73,4.03,4.9,7.5,8.6,41.7,66.7,1,0,LOW,LOW,0,0,1,0,MEDIUM,INTERMEDIATE,99.9,0,NORMAL,0,0,0,1,4
WH-01728,LIVE_URL,EDUCATION,108601,38,6.13,3.88,7.34,100.95,235.1,58.9,1,0,MEDIUM,MEDIUM,0,0,0,1,MEDIUM,INTERMEDIATE,99.5,0,WEEKEND,0,0,0,1,4
WH-01729,LIVE_URL,MARKETPLACE,36746,884,19.73,290.69,575.56,29.33,311.8,34.8,1,0,VERY_HIGH,HIGH,1,281,0,0,RAPID,INTERMEDIATE,BASIC,0,EVENING,0,0,0,32,64
WH-01730,PLANNED,COMMUNITY,5227,114,8.64,16.42,21.83,64.88,54.4,,0,0,LOW,MEDIUM,0,0,0,1,RAPID,ADVANCED,99.99,1,NORMAL,0,1,0,2,8
WH-01731,PLANNED,NEWS,559959,1628,6.91,187.49,249.36,58.31,10.5,,0,0,MEDIUM,HIGH,0,0,1,0,MEDIUM,BEGINNER,99.5,0,NORMAL,1,1,0,16,32
WH-01732,LIVE_URL,PORTFOLIO,11239,17,1.28,0.36,0.65,20.44,25.6,88.0,1,0,LOW,LOW,0,0,0,0,SLOW,BEGINNER,99.99,1,BUSINESS_HOURS,0,0,0,2,4
WH-01733,PLANNED,API_SERVICE,640708,1908,9.23,293.51,569.42,78.43,34.2,,0,1,LOW,VERY_HIGH,0,0,1,0,MEDIUM,INTERMEDIATE,99.95,1,EVENING,0,0,1,32,32
WH-01734,LIVE_URL,API_SERVICE,522569,1705,29.75,845.4,3423.85,594.58,10.0,72.4,1,1,LOW,VERY_HIGH,0,0,0,0,MEDIUM,INTERMEDIATE,99.9,0,EVENT_DRIVEN,1,1,0,32,32
WH-01735,NEW_IDEA,PORTFOLIO,9109,32,2.85,1.52,2.77,12.72,69.0,,0,0,LOW,MEDIUM,0,0,0,0,SLOW,BEGINNER,99.9,0,BUSINESS_HOURS,0,0,0,2,4
WH-01736,LIVE_URL,MARKETPLACE,525218,1010,17.97,302.49,913.53,270.26,208.9,70.9,1,1,HIGH,HIGH,0,0,0,1,MEDIUM,ADVANCED,99.95,1,EVENT_DRIVEN,0,1,1,32,64
WH-01737,PLANNED,BLOG,2841,26,3.33,1.44,1.9,32.65,44.4,,0,0,LOW,MEDIUM,0,0,0,0,SLOW,INTERMEDIATE,99.95,1,WEEKEND,0,0,0,2,4
WH-01738,PLANNED,SAAS,231945,4349,18.08,1310.5,2961.73,379.21,50.4,,0,0,HIGH,HIGH,0,0,1,0,RAPID,INTERMEDIATE,BASIC,0,SEASONAL,0,0,0,32,64
WH-01739,PLANNED,ECOMMERCE,49932,335,15.65,87.38,298.84,148.94,159.0,,0,0,VERY_HIGH,HIGH,0,0,1,0,SLOW,INTERMEDIATE,99.95,1,SEASONAL,0,0,0,32,64
WH-01740,LIVE_URL,SAAS,847179,4930,15.49,1272.76,2647.34,432.28,58.6,75.1,1,1,VERY_HIGH,VERY_HIGH,0,0,0,0,MEDIUM,INTERMEDIATE,99.99,1,EVENING,0,0,1,32,64
WH-01741,PLANNED,SAAS,20165,566,23.06,217.53,563.41,43.48,84.7,,0,0,HIGH,HIGH,1,141,1,0,SLOW,ADVANCED,99.5,0,SEASONAL,0,0,0,32,64
WH-01742,LIVE_URL,PORTFOLIO,539,3,3.99,0.2,0.25,8.0,44.3,79.6,1,0,LOW,LOW,0,0,0,0,MEDIUM,INTERMEDIATE,99.9,0,NORMAL,0,0,1,1,4
WH-01743,PLANNED,SAAS,7538,40,20.22,13.48,19.95,12.83,21.9,,0,1,HIGH,HIGH,0,0,1,0,STABLE,INTERMEDIATE,99.9,0,NORMAL,0,0,0,1,8
WH-01744,NEW_IDEA,PORTFOLIO,18480,3,2.82,0.14,0.28,25.35,35.1,,0,1,LOW,LOW,0,0,0,0,MEDIUM,INTERMEDIATE,99.9,0,EVENING,0,1,1,2,4
WH-01745,LIVE_URL,SAAS,853994,2022,8.77,295.55,351.7,57.15,43.4,59.3,1,1,MEDIUM,VERY_HIGH,1,1576,1,0,RAPID,BEGINNER,99.5,0,NORMAL,0,0,0,32,64
WH-01746,NEW_IDEA,BLOG,3885,6,2.43,0.24,0.8,29.52,80.4,,0,1,LOW,LOW,0,0,1,1,RAPID,BEGINNER,99.9,0,EVENT_DRIVEN,0,0,1,2,4
WH-01747,PLANNED,ECOMMERCE,149463,54,6.25,5.62,8.66,34.18,68.2,,0,0,MEDIUM,HIGH,0,0,1,0,MEDIUM,INTERMEDIATE,BASIC,0,BUSINESS_HOURS,0,0,0,1,8
WH-01748,PLANNED,SAAS,17298,247,21.4,88.1,156.81,124.85,139.1,,0,0,HIGH,HIGH,0,0,1,0,SLOW,INTERMEDIATE,99.5,0,BUSINESS_HOURS,0,0,1,8,16
WH-01749,LIVE_URL,SAAS,189929,640,5.95,63.47,125.03,59.1,107.0,89.7,1,0,VERY_HIGH,HIGH,0,0,1,0,SLOW,BEGINNER,99.95,1,EVENING,0,0,1,8,16
WH-01750,PLANNED,ECOMMERCE,86591,96,13.91,22.26,55.86,43.74,95.5,,0,0,HIGH,HIGH,0,0,1,0,SLOW,INTERMEDIATE,99.95,1,SEASONAL,0,0,1,4,8
WH-01751,LIVE_URL,API_SERVICE,128731,1144,32.76,624.62,1767.69,310.51,15.1,65.7,1,0,MEDIUM,VERY_HIGH,0,0,0,0,MEDIUM,ADVANCED,99.9,0,EVENT_DRIVEN,1,0,0,32,64
WH-01752,LIVE_URL,EDUCATION,59385,44,4.15,3.04,9.04,18.15,74.6,81.8,1,1,LOW,MEDIUM,0,0,0,0,RAPID,ADVANCED,99.95,1,SEASONAL,0,0,0,2,4
WH-01753,LIVE_URL,COMMUNITY,59415,27,12.42,5.59,23.19,14.06,28.3,73.5,1,0,HIGH,MEDIUM,0,0,0,0,MEDIUM,INTERMEDIATE,99.9,0,EVENT_DRIVEN,0,0,0,1,8
WH-01754,PLANNED,SAAS,195819,4436,21.36,1579.22,2542.54,647.54,97.6,,0,1,MEDIUM,HIGH,0,0,0,0,SLOW,INTERMEDIATE,99.9,0,EVENING,1,1,0,32,64
WH-01755,PLANNED,PORTFOLIO,21709,5,3.37,0.28,0.81,14.47,38.9,,0,1,LOW,LOW,0,0,0,0,RAPID,INTERMEDIATE,BASIC,0,EVENT_DRIVEN,0,1,0,2,4
WH-01756,PLANNED,API_SERVICE,97880,1324,34.76,767.04,2515.88,166.44,100.2,,0,0,MEDIUM,VERY_HIGH,0,0,0,0,RAPID,BEGINNER,99.9,0,EVENT_DRIVEN,0,1,0,32,64
WH-01757,PLANNED,CORPORATE,16500,7,3.83,0.45,0.96,55.52,37.9,,0,0,LOW,LOW,0,0,0,0,MEDIUM,INTERMEDIATE,99.9,0,WEEKEND,0,0,0,1,4
WH-01758,PLANNED,API_SERVICE,8491,157,30.2,79.02,118.53,12.12,41.9,,0,1,MEDIUM,VERY_HIGH,0,0,0,0,MEDIUM,BEGINNER,99.9,0,BUSINESS_HOURS,0,0,1,8,16
WH-01759,PLANNED,SAAS,353160,1199,22.35,446.63,1607.86,138.59,50.7,,0,0,HIGH,HIGH,1,675,1,0,MEDIUM,INTERMEDIATE,99.95,1,EVENT_DRIVEN,0,1,0,32,64
WH-01760,PLANNED,CORPORATE,2954,43,3.5,2.51,4.26,17.92,10.2,,0,0,LOW,LOW,0,0,0,0,MEDIUM,ADVANCED,99.95,1,BUSINESS_HOURS,0,0,0,2,4
WH-01761,LIVE_URL,MEDIA_STREAMING,96610,2365,6.53,257.39,350.05,171.67,43.8,87.2,1,0,LOW,MEDIUM,0,0,0,1,SLOW,INTERMEDIATE,99.95,1,BUSINESS_HOURS,0,0,0,16,16
WH-01762,PLANNED,API_SERVICE,394901,4883,25.13,2045.16,3006.39,218.28,20.8,,0,0,MEDIUM,VERY_HIGH,0,0,1,0,RAPID,INTERMEDIATE,BASIC,0,NORMAL,0,0,1,32,64
WH-01763,LIVE_URL,CORPORATE,4176,50,3.59,2.99,11.7,8.0,18.3,91.0,1,0,LOW,LOW,0,0,0,0,MEDIUM,INTERMEDIATE,99.9,0,EVENT_DRIVEN,0,0,0,2,4
WH-01764,NEW_IDEA,CORPORATE,2649,8,3.62,0.48,0.66,10.09,10.0,,0,1,LOW,LOW,0,0,0,0,MEDIUM,INTERMEDIATE,99.5,0,BUSINESS_HOURS,0,0,1,2,4
WH-01765,LIVE_URL,SAAS,377841,2887,18.94,911.33,2424.14,224.38,46.4,80.2,1,0,HIGH,HIGH,0,0,1,0,MEDIUM,ADVANCED,99.5,0,EVENT_DRIVEN,1,1,1,32,64
WH-01766,LIVE_URL,SAAS,136227,591,11.04,108.74,151.15,121.23,125.1,69.8,1,0,HIGH,HIGH,0,0,1,0,SLOW,ADVANCED,99.95,1,NORMAL,0,0,0,8,16
WH-01767,PLANNED,ECOMMERCE,381816,2648,17.56,774.98,2510.94,705.81,206.1,,0,0,HIGH,HIGH,0,0,0,0,MEDIUM,BEGINNER,99.99,1,SEASONAL,0,0,0,32,64
WH-01768,LIVE_URL,CORPORATE,14041,23,3.22,1.23,1.99,20.01,13.7,70.7,1,0,LOW,LOW,0,0,0,0,MEDIUM,BEGINNER,99.5,0,WEEKEND,0,0,0,1,4
WH-01769,PLANNED,CORPORATE,116770,136,2.64,5.98,7.06,8.01,17.1,,0,1,LOW,LOW,0,0,0,0,RAPID,BEGINNER,99.99,1,NORMAL,0,0,1,2,4
WH-01770,PLANNED,EDUCATION,15314,65,6.8,7.37,10.9,39.6,832.6,,0,0,HIGH,MEDIUM,0,0,0,1,MEDIUM,INTERMEDIATE,BASIC,0,BUSINESS_HOURS,0,0,1,2,8
WH-01771,LIVE_URL,COMMUNITY,83567,761,7.28,92.33,157.89,141.94,596.6,80.0,1,0,MEDIUM,MEDIUM,1,342,0,1,MEDIUM,INTERMEDIATE,99.9,0,EVENING,0,0,0,8,16
WH-01772,LIVE_URL,CORPORATE,9203,51,5.38,4.57,5.81,43.22,18.7,72.2,1,0,LOW,MEDIUM,0,0,0,0,RAPID,INTERMEDIATE,99.95,1,NORMAL,0,1,0,2,4
WH-01773,NEW_IDEA,MARKETPLACE,472366,4634,9.87,762.29,975.74,178.32,26.2,,0,1,MEDIUM,HIGH,0,0,0,0,RAPID,ADVANCED,99.9,0,WEEKEND,0,1,0,32,64
WH-01774,PLANNED,CORPORATE,84509,120,4.72,9.44,16.8,22.39,14.2,,0,0,LOW,LOW,0,0,0,0,SLOW,INTERMEDIATE,99.9,0,BUSINESS_HOURS,0,0,0,1,4
WH-01775,NEW_IDEA,ECOMMERCE,64466,1613,7.45,200.28,290.41,123.86,99.3,,0,1,VERY_HIGH,VERY_HIGH,0,0,0,0,SLOW,BEGINNER,99.99,1,NORMAL,0,0,1,32,64
WH-01776,NEW_IDEA,SAAS,170078,4585,18.09,1382.38,2101.21,262.83,63.8,,0,0,HIGH,VERY_HIGH,0,0,1,0,MEDIUM,ADVANCED,99.9,0,NORMAL,0,1,1,32,64
WH-01777,PLANNED,SAAS,112661,52,18.36,15.91,62.85,23.05,133.1,,0,1,HIGH,MEDIUM,0,0,0,0,RAPID,ADVANCED,99.95,1,EVENT_DRIVEN,0,1,0,4,8
WH-01778,PLANNED,API_SERVICE,648855,4652,24.54,1902.67,2739.84,422.94,73.0,,0,0,MEDIUM,VERY_HIGH,0,0,0,0,MEDIUM,ADVANCED,99.95,1,BUSINESS_HOURS,0,0,1,32,64
WH-01779,LIVE_URL,CORPORATE,16389,6,2.04,0.2,0.39,12.2,90.3,68.5,1,0,LOW,MEDIUM,0,0,0,1,SLOW,INTERMEDIATE,99.9,0,EVENING,0,0,0,1,4
WH-01780,LIVE_URL,MARKETPLACE,446646,5627,18.99,1780.95,4666.08,417.97,132.6,49.8,1,0,MEDIUM,VERY_HIGH,1,2409,0,0,RAPID,BEGINNER,99.9,0,SEASONAL,0,1,0,32,64
WH-01781,LIVE_URL,SAAS,609795,4752,23.08,1827.94,3290.28,1064.65,104.4,82.9,1,0,VERY_HIGH,MEDIUM,0,0,0,0,SLOW,INTERMEDIATE,99.95,1,BUSINESS_HOURS,0,1,1,32,64
WH-01782,PLANNED,ECOMMERCE,46744,54,6.42,5.78,10.92,10.55,36.6,,0,1,VERY_HIGH,HIGH,0,0,0,0,RAPID,INTERMEDIATE,99.9,0,SEASONAL,0,0,1,1,16
WH-01783,PLANNED,API_SERVICE,445351,3453,21.49,1236.75,5095.41,682.18,12.1,,0,1,MEDIUM,VERY_HIGH,0,0,1,0,STABLE,BEGINNER,99.9,0,EVENT_DRIVEN,1,0,0,32,64
WH-01784,NEW_IDEA,MEDIA_STREAMING,43063,1261,7.16,150.48,261.83,139.57,662.1,,0,0,MEDIUM,MEDIUM,0,0,0,1,STABLE,INTERMEDIATE,99.9,0,BUSINESS_HOURS,0,0,0,16,32
WH-01785,NEW_IDEA,EDUCATION,25567,18,6.7,2.01,2.65,10.0,25.2,,0,0,MEDIUM,MEDIUM,0,0,1,0,RAPID,INTERMEDIATE,99.5,0,NORMAL,0,0,1,2,8
WH-01786,LIVE_URL,API_SERVICE,339948,3245,32.62,1764.2,3581.32,532.92,28.1,,0,0,MEDIUM,VERY_HIGH,0,0,0,0,SLOW,ADVANCED,99.99,1,SEASONAL,0,0,0,32,64
WH-01787,LIVE_URL,MARKETPLACE,454831,3532,14.56,857.1,2914.14,376.9,141.7,98.8,1,1,HIGH,HIGH,0,0,1,0,MEDIUM,BEGINNER,99.9,0,EVENT_DRIVEN,0,0,1,32,64
WH-01788,LIVE_URL,BLOG,5643,11,2.69,0.49,0.57,11.63,22.2,,0,0,LOW,MEDIUM,0,0,0,0,MEDIUM,ADVANCED,99.9,0,NORMAL,0,0,0,1,4
WH-01789,PLANNED,SAAS,76800,42,13.96,9.77,18.27,19.13,248.4,,0,1,HIGH,HIGH,1,32,0,0,STABLE,BEGINNER,99.9,0,SEASONAL,0,0,1,1,8
WH-01790,PLANNED,SAAS,201552,4651,15.02,1164.3,3423.04,426.49,173.4,,0,1,HIGH,VERY_HIGH,0,0,1,0,SLOW,BEGINNER,99.9,0,SEASONAL,0,0,0,32,64
WH-01791,LIVE_URL,SAAS,328936,32,8.35,4.45,15.41,18.37,59.0,48.9,1,0,HIGH,MEDIUM,1,16,0,0,STABLE,BEGINNER,99.99,1,EVENT_DRIVEN,0,0,0,2,8
WH-01792,PLANNED,ECOMMERCE,45081,319,9.51,50.56,64.21,27.81,71.8,,0,0,MEDIUM,VERY_HIGH,0,0,1,0,MEDIUM,BEGINNER,99.99,1,NORMAL,0,0,0,4,8
WH-01793,LIVE_URL,BLOG,22721,7,4.04,0.47,1.69,12.53,39.4,74.1,1,1,LOW,LOW,0,0,0,0,MEDIUM,BEGINNER,99.5,0,EVENT_DRIVEN,0,0,0,1,4
WH-01794,PLANNED,SAAS,136316,1310,13.19,287.98,754.51,202.04,305.8,,0,0,VERY_HIGH,HIGH,0,0,1,1,STABLE,BEGINNER,99.9,0,SEASONAL,0,0,0,32,64
WH-01795,NEW_IDEA,API_SERVICE,273908,1087,9.11,165.04,232.71,53.6,27.6,,0,1,MEDIUM,VERY_HIGH,0,0,1,0,SLOW,BEGINNER,99.99,1,NORMAL,0,0,0,16,32
WH-01796,NEW_IDEA,SAAS,328031,2399,22.38,894.83,3042.41,254.03,124.9,,0,0,HIGH,MEDIUM,0,0,1,0,SLOW,BEGINNER,99.9,0,SEASONAL,0,0,0,32,64
WH-01797,NEW_IDEA,BLOG,3794,6,1.96,0.2,0.51,25.85,11.1,,0,1,LOW,LOW,0,0,1,0,MEDIUM,BEGINNER,99.95,1,EVENT_DRIVEN,0,0,0,2,4
WH-01798,LIVE_URL,SAAS,1258865,6442,7.5,805.25,1916.49,336.1,175.8,68.3,1,0,HIGH,MEDIUM,0,0,1,0,MEDIUM,INTERMEDIATE,99.99,1,EVENT_DRIVEN,0,0,1,32,64
WH-01799,LIVE_URL,CORPORATE,2239,11,2.96,0.54,1.2,32.47,61.0,,0,0,LOW,LOW,0,0,0,0,STABLE,INTERMEDIATE,99.9,0,SEASONAL,0,0,0,1,4
WH-01800,PLANNED,MARKETPLACE,343066,49,13.01,10.62,30.07,49.55,50.2,,0,0,HIGH,HIGH,0,0,0,0,SLOW,INTERMEDIATE,99.95,1,SEASONAL,0,0,0,2,8
WH-01801,PLANNED,SAAS,1712179,6523,23.17,2518.97,4105.91,246.35,139.0,,0,0,HIGH,HIGH,0,0,1,0,STABLE,INTERMEDIATE,BASIC,0,BUSINESS_HOURS,0,0,1,32,64
WH-01802,LIVE_URL,BLOG,25134,89,2.78,4.12,6.31,11.04,44.5,68.8,1,0,LOW,LOW,0,0,1,0,MEDIUM,ADVANCED,99.9,0,NORMAL,0,0,1,1,4
WH-01803,NEW_IDEA,CORPORATE,52620,77,4.37,5.61,13.29,19.7,37.1,,0,0,LOW,LOW,0,0,0,0,STABLE,INTERMEDIATE,BASIC,0,EVENT_DRIVEN,0,0,0,2,4
WH-01804,LIVE_URL,SAAS,1070547,5854,12.8,1248.85,2023.14,506.97,64.6,56.5,1,1,HIGH,VERY_HIGH,1,2051,0,0,STABLE,INTERMEDIATE,99.5,0,WEEKEND,1,0,1,32,64
WH-01805,LIVE_URL,SAAS,1163694,5067,17.58,1484.63,2657.49,364.98,40.6,58.1,1,0,HIGH,HIGH,0,0,1,0,STABLE,INTERMEDIATE,99.5,0,WEEKEND,0,1,0,32,64
WH-01806,NEW_IDEA,PORTFOLIO,753,4,1.9,0.13,0.18,11.0,15.8,,0,0,LOW,LOW,0,0,0,0,MEDIUM,INTERMEDIATE,99.5,0,BUSINESS_HOURS,0,1,1,2,4
WH-01807,PLANNED,CORPORATE,5560,82,1.62,2.21,2.9,33.89,10.7,,0,1,LOW,MEDIUM,0,0,1,0,MEDIUM,ADVANCED,BASIC,0,NORMAL,0,0,1,1,4
WH-01808,LIVE_URL,SAAS,839738,2158,15.08,542.38,1854.93,268.47,210.8,66.8,1,1,HIGH,HIGH,0,0,1,0,STABLE,INTERMEDIATE,99.9,0,EVENT_DRIVEN,0,1,0,32,64
WH-01809,LIVE_URL,SAAS,6427,152,11.79,29.87,62.42,26.43,61.3,71.1,1,0,HIGH,VERY_HIGH,0,0,1,0,RAPID,ADVANCED,99.9,0,EVENING,0,0,0,4,8
WH-01810,NEW_IDEA,MARKETPLACE,10450,162,9.94,26.84,38.11,26.05,263.9,,0,0,VERY_HIGH,HIGH,0,0,1,0,MEDIUM,BEGINNER,99.9,0,BUSINESS_HOURS,0,0,1,2,16
WH-01811,LIVE_URL,PORTFOLIO,6117,24,2.49,1.0,1.32,26.6,10.0,80.8,1,1,LOW,LOW,0,0,0,0,SLOW,BEGINNER,99.9,0,NORMAL,0,0,0,2,4
WH-01812,LIVE_URL,EDUCATION,15471,313,9.38,48.93,85.14,33.79,92.4,67.7,1,0,HIGH,HIGH,0,0,0,0,STABLE,BEGINNER,99.99,1,BUSINESS_HOURS,0,0,0,4,8
WH-01813,LIVE_URL,PORTFOLIO,539,10,3.51,0.58,1.68,24.27,24.8,92.8,1,1,LOW,LOW,0,0,0,0,RAPID,ADVANCED,99.99,1,EVENT_DRIVEN,0,0,1,2,4
WH-01814,PLANNED,MARKETPLACE,503225,5761,18.13,1740.78,2715.62,273.56,38.3,,0,1,HIGH,MEDIUM,0,0,0,0,SLOW,BEGINNER,99.9,0,EVENING,1,0,0,32,64
WH-01815,PLANNED,INTERNAL_BUSINESS,20006,75,4.76,5.95,12.14,11.57,48.0,,0,0,LOW,LOW,0,0,0,0,MEDIUM,INTERMEDIATE,99.9,0,SEASONAL,0,0,0,1,4
WH-01816,PLANNED,SAAS,379404,4027,15.62,1048.36,2128.18,186.58,87.7,,0,0,VERY_HIGH,HIGH,1,2437,1,0,RAPID,BEGINNER,99.99,1,WEEKEND,0,0,0,32,64
WH-01817,PLANNED,SAAS,363078,3780,20.91,1317.33,1831.09,146.02,93.9,,0,0,HIGH,HIGH,0,0,1,0,MEDIUM,ADVANCED,99.9,0,NORMAL,0,0,1,32,64
WH-01818,PLANNED,NEWS,768207,65,3.49,3.78,6.47,17.94,54.4,,0,1,MEDIUM,HIGH,0,0,0,1,MEDIUM,INTERMEDIATE,99.9,0,BUSINESS_HOURS,0,0,0,2,4
WH-01819,NEW_IDEA,COMMUNITY,13191,143,9.67,23.05,40.79,26.46,80.6,,0,0,MEDIUM,MEDIUM,1,42,0,1,MEDIUM,INTERMEDIATE,99.5,0,BUSINESS_HOURS,0,0,0,2,8
WH-01820,PLANNED,ECOMMERCE,57581,438,11.43,83.44,120.15,22.46,30.5,,0,0,HIGH,HIGH,0,0,0,0,STABLE,BEGINNER,99.95,1,NORMAL,0,0,0,8,16
WH-01821,NEW_IDEA,MARKETPLACE,1205288,5144,16.27,1394.88,3766.18,395.73,124.0,,0,1,MEDIUM,HIGH,0,0,1,0,RAPID,BEGINNER,99.9,0,SEASONAL,0,0,0,32,64
WH-01822,LIVE_URL,SAAS,119419,555,23.74,219.59,660.98,128.75,213.8,62.9,1,1,HIGH,MEDIUM,0,0,0,0,SLOW,INTERMEDIATE,99.95,1,SEASONAL,0,0,1,32,64
WH-01823,PLANNED,EDUCATION,30996,30,10.26,5.13,9.13,30.41,94.3,,0,0,LOW,LOW,0,0,0,1,RAPID,ADVANCED,99.95,1,BUSINESS_HOURS,0,0,0,2,4
WH-01824,PLANNED,CORPORATE,38386,38,2.49,1.58,1.92,52.43,47.9,,0,0,LOW,MEDIUM,0,0,0,0,RAPID,INTERMEDIATE,99.9,0,NORMAL,0,0,1,2,4
WH-01825,PLANNED,BLOG,16784,10,3.62,0.6,0.74,14.28,26.6,,0,1,LOW,LOW,0,0,1,0,MEDIUM,ADVANCED,99.9,0,NORMAL,0,0,0,1,4
WH-01826,LIVE_URL,MARKETPLACE,222287,5094,16.25,1379.62,1903.88,310.9,86.7,,0,0,HIGH,HIGH,0,0,0,0,MEDIUM,INTERMEDIATE,99.5,0,WEEKEND,0,1,1,32,64
WH-01827,NEW_IDEA,API_SERVICE,29352,660,11.8,129.8,341.37,80.05,47.1,,0,0,MEDIUM,VERY_HIGH,0,0,1,0,STABLE,INTERMEDIATE,99.9,0,SEASONAL,0,0,0,32,64
WH-01828,NEW_IDEA,ECOMMERCE,25901,186,12.6,39.06,53.51,40.89,24.1,,0,1,MEDIUM,MEDIUM,0,0,1,0,SLOW,ADVANCED,99.99,1,BUSINESS_HOURS,0,0,1,4,8
WH-01829,NEW_IDEA,MARKETPLACE,11339,77,11.57,14.85,21.23,52.38,158.1,,0,1,HIGH,VERY_HIGH,1,55,1,0,STABLE,BEGINNER,99.9,0,EVENING,0,0,0,2,8
WH-01830,LIVE_URL,CORPORATE,3463,9,3.4,0.51,0.88,8.78,14.4,82.3,1,0,LOW,LOW,0,0,0,0,MEDIUM,INTERMEDIATE,99.9,0,EVENING,0,0,0,2,4
WH-01831,NEW_IDEA,NEWS,38402,246,4.69,19.23,29.04,50.16,396.1,,0,1,MEDIUM,MEDIUM,1,197,0,1,MEDIUM,INTERMEDIATE,99.9,0,NORMAL,0,0,0,1,8
WH-01832,NEW_IDEA,MARKETPLACE,193693,1900,15.95,505.08,737.42,129.25,150.0,,0,1,HIGH,HIGH,0,0,0,0,MEDIUM,ADVANCED,99.99,1,BUSINESS_HOURS,0,1,0,32,64
WH-01833,LIVE_URL,EDUCATION,4045,36,6.77,4.06,16.98,8.0,21.8,73.6,1,0,MEDIUM,MEDIUM,0,0,0,0,SLOW,INTERMEDIATE,99.5,0,EVENT_DRIVEN,0,0,1,1,4
WH-01834,LIVE_URL,MARKETPLACE,577504,136,8.68,19.67,37.78,74.93,44.5,63.0,1,0,HIGH,HIGH,0,0,1,0,SLOW,INTERMEDIATE,99.5,0,BUSINESS_HOURS,0,0,0,2,8
WH-01835,NEW_IDEA,COMMUNITY,178628,1218,7.66,155.5,270.57,94.58,30.6,,0,0,MEDIUM,MEDIUM,0,0,0,0,MEDIUM,ADVANCED,99.9,0,EVENING,0,0,1,8,16
WH-01836,NEW_IDEA,ECOMMERCE,496726,41,16.0,10.93,16.84,23.37,210.3,,0,1,HIGH,HIGH,0,0,1,0,SLOW,INTERMEDIATE,99.9,0,NORMAL,0,0,1,2,8
WH-01837,NEW_IDEA,MEDIA_STREAMING,16306,43,2.93,2.1,4.51,13.19,47.1,,0,0,MEDIUM,LOW,0,0,0,1,RAPID,BEGINNER,99.5,0,SEASONAL,0,0,0,2,8
WH-01838,PLANNED,ECOMMERCE,883492,1987,15.23,504.37,953.25,166.33,35.1,,0,0,HIGH,HIGH,0,0,0,0,RAPID,INTERMEDIATE,99.9,0,EVENING,1,1,1,32,64
WH-01839,PLANNED,PORTFOLIO,8943,6,2.06,0.21,0.29,13.5,13.4,,0,0,LOW,LOW,0,0,0,0,RAPID,ADVANCED,99.5,0,NORMAL,0,0,0,1,4
WH-01840,PLANNED,CORPORATE,33071,19,1.9,0.6,1.95,42.69,10.0,,0,0,LOW,LOW,0,0,1,0,RAPID,INTERMEDIATE,99.5,0,SEASONAL,0,0,1,1,4
WH-01841,PLANNED,MARKETPLACE,22114,60,8.36,8.36,20.48,36.81,142.0,,0,0,HIGH,HIGH,0,0,1,0,MEDIUM,INTERMEDIATE,BASIC,0,SEASONAL,0,0,1,1,8
WH-01842,LIVE_URL,SAAS,361339,5274,11.38,1000.3,2040.62,589.09,83.3,60.8,1,0,HIGH,HIGH,0,0,0,0,SLOW,INTERMEDIATE,99.95,1,SEASONAL,0,1,0,32,64
WH-01843,LIVE_URL,NEWS,1384796,4111,8.49,581.71,1553.16,107.93,26.3,88.7,1,1,MEDIUM,LOW,0,0,1,0,STABLE,INTERMEDIATE,BASIC,0,EVENT_DRIVEN,0,1,1,32,64
WH-01844,LIVE_URL,INTERNAL_BUSINESS,1282,6,4.87,0.49,1.67,12.74,23.9,70.7,1,0,MEDIUM,MEDIUM,1,4,0,0,SLOW,INTERMEDIATE,99.9,0,EVENT_DRIVEN,0,0,1,1,4
WH-01845,PLANNED,ECOMMERCE,232608,77,17.35,22.27,28.05,9.55,19.3,,0,0,HIGH,HIGH,0,0,0,0,MEDIUM,BEGINNER,99.9,0,NORMAL,0,0,0,2,8
WH-01846,LIVE_URL,SAAS,6942,195,7.81,25.38,77.42,28.9,90.6,53.2,1,0,HIGH,HIGH,0,0,1,0,STABLE,ADVANCED,99.9,0,SEASONAL,0,0,1,4,8
WH-01847,LIVE_URL,API_SERVICE,28349,94,9.37,14.68,21.58,44.26,23.9,64.1,1,0,MEDIUM,HIGH,0,0,1,0,STABLE,INTERMEDIATE,99.9,0,BUSINESS_HOURS,0,0,0,2,4
WH-01848,NEW_IDEA,PORTFOLIO,12584,34,1.07,0.61,0.87,8.0,10.0,,0,0,LOW,MEDIUM,0,0,1,0,RAPID,INTERMEDIATE,99.9,0,NORMAL,0,1,1,2,4
WH-01849,PLANNED,SAAS,382991,547,21.45,195.55,361.77,48.82,36.3,,0,0,HIGH,HIGH,0,0,1,0,SLOW,ADVANCED,99.5,0,EVENING,0,0,0,32,64
WH-01850,NEW_IDEA,API_SERVICE,10948,246,25.02,102.58,328.26,237.58,20.6,,0,1,LOW,VERY_HIGH,0,0,1,0,MEDIUM,BEGINNER,99.9,0,EVENT_DRIVEN,0,0,0,32,32
WH-01851,LIVE_URL,MARKETPLACE,77097,54,14.91,13.42,17.98,94.51,113.1,71.6,1,0,HIGH,MEDIUM,1,11,1,0,STABLE,INTERMEDIATE,99.5,0,EVENING,0,0,1,1,8
WH-01852,PLANNED,API_SERVICE,354309,4599,10.74,823.22,1811.09,235.74,42.1,,0,1,LOW,VERY_HIGH,0,0,1,0,STABLE,BEGINNER,99.95,1,SEASONAL,1,0,0,32,32
WH-01853,PLANNED,ECOMMERCE,156508,90,15.02,22.53,30.87,17.43,67.5,,0,1,HIGH,MEDIUM,0,0,0,0,MEDIUM,BEGINNER,99.9,0,EVENING,0,0,0,2,8
WH-01854,NEW_IDEA,CORPORATE,17830,5,1.98,0.17,0.2,11.1,36.9,,0,1,LOW,MEDIUM,0,0,0,0,MEDIUM,ADVANCED,99.5,0,NORMAL,0,0,0,1,4
WH-01855,PLANNED,BLOG,35163,23,3.41,1.31,1.86,11.56,12.0,,0,1,LOW,MEDIUM,0,0,0,0,MEDIUM,BEGINNER,99.9,0,NORMAL,0,0,1,2,4
WH-01856,PLANNED,BLOG,3582,14,2.42,0.56,1.32,25.62,18.3,,0,0,LOW,MEDIUM,0,0,0,0,SLOW,BEGINNER,99.95,1,EVENT_DRIVEN,0,0,1,2,4
WH-01857,PLANNED,SAAS,492882,7348,9.75,1194.05,2232.87,529.21,514.0,,0,1,HIGH,HIGH,0,0,1,1,MEDIUM,BEGINNER,99.95,1,SEASONAL,1,0,0,32,64
WH-01858,PLANNED,BLOG,24041,48,1.67,1.34,2.23,21.84,31.4,,0,0,LOW,LOW,0,0,0,0,MEDIUM,INTERMEDIATE,99.5,0,BUSINESS_HOURS,0,0,0,1,4
WH-01859,LIVE_URL,CORPORATE,44709,104,2.41,4.18,5.93,12.85,25.9,64.7,1,1,LOW,LOW,0,0,0,0,MEDIUM,INTERMEDIATE,99.5,0,BUSINESS_HOURS,0,0,0,1,4
WH-01860,PLANNED,BLOG,17852,8,4.63,0.62,2.24,43.26,27.5,,0,0,LOW,LOW,0,0,0,1,MEDIUM,BEGINNER,99.9,0,EVENT_DRIVEN,0,0,0,2,4
WH-01861,LIVE_URL,BLOG,5889,36,3.25,1.95,2.48,22.93,55.3,,0,0,LOW,LOW,0,0,0,0,STABLE,ADVANCED,99.5,0,NORMAL,0,1,1,2,4
WH-01862,LIVE_URL,API_SERVICE,332793,4371,34.12,2485.64,4946.43,423.82,112.5,64.6,1,0,MEDIUM,VERY_HIGH,0,0,1,0,STABLE,INTERMEDIATE,99.9,0,EVENING,0,1,0,32,64
WH-01863,NEW_IDEA,ECOMMERCE,660927,2895,17.45,841.96,2231.2,654.92,247.1,,0,0,HIGH,HIGH,0,0,1,0,RAPID,INTERMEDIATE,99.9,0,SEASONAL,0,1,1,32,64
WH-01864,PLANNED,CORPORATE,14582,22,4.27,1.57,2.36,48.37,13.7,,0,1,LOW,MEDIUM,0,0,0,0,MEDIUM,BEGINNER,99.99,1,NORMAL,0,0,1,2,4
WH-01865,PLANNED,EDUCATION,71397,1283,3.8,81.26,99.13,46.46,57.9,,0,0,MEDIUM,MEDIUM,0,0,0,0,SLOW,BEGINNER,99.9,0,NORMAL,0,0,1,4,8
WH-01866,PLANNED,ECOMMERCE,316182,1815,13.63,412.31,1455.45,287.72,56.8,,0,1,HIGH,HIGH,0,0,1,0,STABLE,ADVANCED,99.95,1,EVENT_DRIVEN,0,0,1,32,64
WH-01867,PLANNED,BLOG,51726,19,2.23,0.71,2.34,14.13,15.4,,0,1,LOW,LOW,0,0,0,0,STABLE,ADVANCED,99.9,0,EVENT_DRIVEN,0,0,0,2,4
WH-01868,NEW_IDEA,SAAS,791137,4544,7.78,589.21,2268.44,256.74,102.4,,0,1,MEDIUM,VERY_HIGH,0,0,0,0,STABLE,BEGINNER,99.9,0,EVENT_DRIVEN,1,1,1,32,64
WH-01869,NEW_IDEA,PORTFOLIO,648,14,1.27,0.3,0.65,8.0,15.9,,0,1,LOW,LOW,0,0,0,0,RAPID,BEGINNER,99.9,0,WEEKEND,0,0,0,1,2
WH-01870,PLANNED,ECOMMERCE,48756,508,14.75,124.88,201.06,39.42,33.3,,0,1,MEDIUM,HIGH,0,0,1,0,STABLE,INTERMEDIATE,99.9,0,WEEKEND,0,0,0,8,16
WH-01871,NEW_IDEA,BLOG,21518,7,2.98,0.35,1.04,12.2,57.6,,0,0,LOW,LOW,0,0,0,0,RAPID,BEGINNER,99.9,0,EVENT_DRIVEN,0,1,1,2,4
WH-01872,PLANNED,SAAS,527067,4071,23.0,1560.55,2247.19,561.96,172.6,,0,1,HIGH,MEDIUM,0,0,1,0,SLOW,INTERMEDIATE,99.9,0,NORMAL,0,0,1,32,64
WH-01873,PLANNED,API_SERVICE,1320924,111,27.44,50.76,93.91,30.42,27.8,,0,0,MEDIUM,VERY_HIGH,0,0,1,0,RAPID,ADVANCED,99.95,1,EVENING,0,0,0,8,16
WH-01874,PLANNED,SAAS,631975,6620,15.41,1700.24,2584.36,347.39,38.0,,0,0,HIGH,HIGH,0,0,1,0,RAPID,INTERMEDIATE,99.9,0,NORMAL,0,1,1,32,64
WH-01875,LIVE_URL,API_SERVICE,192663,371,27.32,168.93,611.52,30.15,44.2,79.9,1,0,MEDIUM,VERY_HIGH,0,0,0,0,SLOW,BEGINNER,99.5,0,EVENT_DRIVEN,0,0,0,32,64
WH-01876,LIVE_URL,SAAS,160739,67,6.97,7.78,17.43,21.02,35.9,58.3,1,1,MEDIUM,HIGH,0,0,0,0,STABLE,BEGINNER,99.9,0,EVENT_DRIVEN,0,0,0,1,4
WH-01877,PLANNED,EDUCATION,71801,386,8.33,53.59,223.47,154.24,15.4,,0,1,MEDIUM,MEDIUM,1,311,0,0,STABLE,BEGINNER,99.9,0,EVENT_DRIVEN,0,0,1,8,16
WH-01878,NEW_IDEA,API_SERVICE,14138,56,32.54,30.37,58.62,15.41,11.8,,0,0,LOW,VERY_HIGH,0,0,1,0,RAPID,INTERMEDIATE,99.95,1,BUSINESS_HOURS,0,0,0,4,8
WH-01879,PLANNED,ECOMMERCE,244979,732,13.03,158.97,508.69,97.62,122.2,,0,1,HIGH,MEDIUM,0,0,0,0,SLOW,INTERMEDIATE,99.9,0,SEASONAL,0,0,1,32,64
WH-01880,LIVE_URL,CORPORATE,3335,8,3.12,0.42,1.17,19.36,16.8,65.2,1,1,LOW,LOW,0,0,0,0,STABLE,INTERMEDIATE,99.95,1,EVENT_DRIVEN,0,0,0,2,4
WH-01881,LIVE_URL,NEWS,37049,482,5.04,40.49,56.68,107.18,68.9,85.0,1,0,MEDIUM,MEDIUM,0,0,0,0,SLOW,ADVANCED,99.99,1,NORMAL,0,1,1,4,8
WH-01882,NEW_IDEA,BLOG,30233,95,3.63,5.75,6.95,22.73,10.0,,0,1,LOW,LOW,0,0,0,0,MEDIUM,BEGINNER,99.9,0,NORMAL,0,0,0,2,4
WH-01883,LIVE_URL,ECOMMERCE,208406,35,13.78,8.04,10.37,27.7,202.1,70.4,1,1,HIGH,MEDIUM,0,0,0,0,MEDIUM,BEGINNER,99.5,0,NORMAL,0,0,0,1,8
WH-01884,LIVE_URL,API_SERVICE,97891,1700,15.15,429.25,725.43,195.31,27.2,91.9,1,0,MEDIUM,VERY_HIGH,0,0,1,0,STABLE,INTERMEDIATE,99.5,0,BUSINESS_HOURS,0,0,0,32,64
WH-01885,LIVE_URL,PORTFOLIO,786,20,3.34,1.11,3.89,8.0,10.0,73.8,1,0,LOW,LOW,0,0,0,0,MEDIUM,BEGINNER,99.9,0,EVENT_DRIVEN,0,0,1,2,4
WH-01886,LIVE_URL,SAAS,6616,169,21.88,61.63,107.85,11.76,61.6,75.6,1,0,VERY_HIGH,HIGH,1,128,0,0,SLOW,ADVANCED,99.9,0,BUSINESS_HOURS,0,0,0,8,16
WH-01887,LIVE_URL,API_SERVICE,1108094,3814,34.22,2175.25,3023.6,168.81,25.0,66.5,1,1,MEDIUM,HIGH,0,0,1,0,RAPID,ADVANCED,99.95,1,WEEKEND,0,1,0,32,64
WH-01888,LIVE_URL,SAAS,50265,293,16.58,80.97,95.54,33.05,222.5,,0,0,HIGH,VERY_HIGH,0,0,0,0,STABLE,BEGINNER,99.9,0,NORMAL,0,0,1,8,16
WH-01889,PLANNED,NEWS,114878,855,6.88,98.04,290.2,24.71,17.9,,0,0,MEDIUM,LOW,0,0,0,0,MEDIUM,BEGINNER,99.5,0,SEASONAL,0,0,0,8,16
WH-01890,LIVE_URL,API_SERVICE,182921,2865,21.58,1030.44,1607.49,152.62,29.6,61.8,1,0,HIGH,VERY_HIGH,0,0,0,0,STABLE,INTERMEDIATE,99.5,0,BUSINESS_HOURS,1,0,0,32,64
WH-01891,PLANNED,BLOG,3652,21,4.36,1.53,1.91,17.34,45.1,,0,0,LOW,LOW,0,0,0,0,RAPID,BEGINNER,99.9,0,NORMAL,0,0,0,1,4
WH-01892,LIVE_URL,ECOMMERCE,13330,89,12.85,19.06,22.68,44.92,108.0,84.7,1,1,HIGH,HIGH,0,0,0,0,MEDIUM,INTERMEDIATE,99.95,1,NORMAL,0,0,1,2,8
WH-01893,PLANNED,BLOG,39348,29,4.19,2.03,5.18,8.93,28.7,,0,0,LOW,LOW,0,0,0,0,MEDIUM,ADVANCED,99.9,0,EVENT_DRIVEN,0,0,0,2,4
WH-01894,PLANNED,API_SERVICE,1435246,4131,30.61,2107.5,2845.12,357.68,36.9,,0,0,MEDIUM,HIGH,0,0,0,0,SLOW,INTERMEDIATE,BASIC,0,BUSINESS_HOURS,0,1,0,32,64
WH-01895,PLANNED,SAAS,1240567,2336,22.69,883.4,1890.47,510.61,57.0,,0,0,VERY_HIGH,HIGH,0,0,1,0,STABLE,ADVANCED,99.9,0,EVENT_DRIVEN,0,0,1,32,64
WH-01896,PLANNED,SAAS,435643,70,23.35,27.24,51.21,93.12,152.1,,0,0,HIGH,VERY_HIGH,1,47,0,0,STABLE,INTERMEDIATE,99.99,1,BUSINESS_HOURS,0,0,1,4,8
WH-01897,NEW_IDEA,SAAS,1227544,5785,18.25,1759.6,2569.02,712.42,97.2,,0,1,HIGH,HIGH,0,0,1,0,MEDIUM,INTERMEDIATE,99.99,1,WEEKEND,1,1,0,32,64
WH-01898,LIVE_URL,SAAS,689958,7418,20.22,2499.87,4874.74,914.33,395.0,70.4,1,1,VERY_HIGH,HIGH,0,0,0,1,SLOW,BEGINNER,99.9,0,BUSINESS_HOURS,0,1,0,32,64
WH-01899,PLANNED,SAAS,346557,303,17.52,88.48,104.4,32.13,132.8,,0,0,HIGH,VERY_HIGH,0,0,0,0,STABLE,BEGINNER,99.9,0,NORMAL,0,0,1,8,16
WH-01900,NEW_IDEA,CORPORATE,73005,156,2.61,6.79,8.48,20.73,10.0,,0,0,LOW,LOW,0,0,0,0,MEDIUM,BEGINNER,99.5,0,NORMAL,0,0,0,1,4
WH-01901,NEW_IDEA,CORPORATE,42471,127,5.01,10.6,27.04,9.87,22.8,,0,0,LOW,LOW,0,0,0,0,RAPID,ADVANCED,99.9,0,EVENT_DRIVEN,0,0,0,2,4
WH-01902,PLANNED,SAAS,244318,4789,20.49,1635.44,4824.56,632.2,108.6,,0,1,HIGH,HIGH,0,0,0,0,SLOW,BEGINNER,99.9,0,SEASONAL,0,1,0,32,64
WH-01903,LIVE_URL,SAAS,1666834,1665,19.64,545.01,850.22,327.58,31.6,,0,0,HIGH,VERY_HIGH,0,0,0,0,MEDIUM,ADVANCED,99.99,1,BUSINESS_HOURS,0,1,1,32,64
WH-01904,PLANNED,MEDIA_STREAMING,1245681,102,5.05,8.59,16.91,30.99,479.9,,0,0,MEDIUM,MEDIUM,1,71,0,1,RAPID,BEGINNER,99.5,0,BUSINESS_HOURS,0,1,1,2,8
WH-01905,LIVE_URL,ECOMMERCE,24457,233,15.56,60.42,153.48,21.93,71.4,60.7,1,0,HIGH,HIGH,0,0,1,0,MEDIUM,ADVANCED,99.95,1,EVENT_DRIVEN,0,1,1,8,16
WH-01906,NEW_IDEA,CORPORATE,70694,9,4.63,0.69,2.17,19.98,56.2,,0,0,LOW,LOW,0,0,0,1,MEDIUM,BEGINNER,99.9,0,EVENT_DRIVEN,0,0,1,1,4
WH-01907,PLANNED,API_SERVICE,84475,2405,17.15,687.43,2784.09,560.83,19.1,,0,1,MEDIUM,VERY_HIGH,0,0,0,0,RAPID,BEGINNER,99.9,0,EVENT_DRIVEN,0,0,0,32,64
WH-01908,LIVE_URL,ECOMMERCE,34672,490,14.09,115.07,431.51,75.66,579.8,56.8,1,0,HIGH,HIGH,0,0,1,1,MEDIUM,BEGINNER,99.9,0,EVENT_DRIVEN,0,0,0,32,64
WH-01909,PLANNED,SAAS,138546,2257,19.98,751.58,871.83,487.47,191.1,,0,1,HIGH,VERY_HIGH,0,0,0,0,SLOW,ADVANCED,99.9,0,NORMAL,0,0,1,32,64
WH-01910,PLANNED,BLOG,4012,15,1.77,0.44,0.98,13.25,70.0,,0,1,LOW,LOW,0,0,0,0,SLOW,INTERMEDIATE,99.9,0,EVENT_DRIVEN,0,1,1,2,4
WH-01911,LIVE_URL,CORPORATE,69907,25,3.13,1.3,1.96,85.26,10.0,96.8,1,0,LOW,LOW,0,0,0,0,MEDIUM,ADVANCED,99.95,1,NORMAL,0,0,1,2,4
WH-01912,LIVE_URL,MARKETPLACE,53533,852,7.98,113.32,166.57,54.77,87.2,83.6,1,0,VERY_HIGH,MEDIUM,0,0,0,0,STABLE,BEGINNER,99.95,1,NORMAL,0,0,0,8,16
WH-01913,PLANNED,COMMUNITY,19137,524,12.74,111.26,131.29,23.4,35.3,,0,0,LOW,MEDIUM,0,0,0,0,MEDIUM,BEGINNER,99.95,1,NORMAL,0,1,0,8,8
WH-01914,LIVE_URL,ECOMMERCE,32243,98,14.05,22.95,40.39,14.46,68.5,62.6,1,0,HIGH,VERY_HIGH,0,0,1,0,RAPID,ADVANCED,99.9,0,EVENING,0,0,0,4,8
WH-01915,PLANNED,SAAS,40157,533,23.78,211.25,367.57,87.47,110.0,,0,0,VERY_HIGH,HIGH,0,0,1,0,MEDIUM,BEGINNER,99.95,1,WEEKEND,0,0,1,32,64
WH-01916,NEW_IDEA,INTERNAL_BUSINESS,19484,75,4.44,5.55,10.77,22.52,43.1,,0,0,MEDIUM,HIGH,0,0,1,0,SLOW,INTERMEDIATE,99.9,0,EVENING,0,0,1,1,8
WH-01917,PLANNED,NEWS,603277,3353,6.69,373.86,669.21,223.28,226.4,,0,1,MEDIUM,MEDIUM,0,0,0,1,MEDIUM,ADVANCED,99.5,0,WEEKEND,0,0,0,16,32
WH-01918,NEW_IDEA,ECOMMERCE,421540,558,17.97,167.12,354.3,66.71,170.2,,0,0,HIGH,HIGH,0,0,1,0,RAPID,INTERMEDIATE,99.95,1,SEASONAL,0,1,0,32,64
WH-01919,NEW_IDEA,CORPORATE,12168,16,5.17,1.38,3.78,22.12,50.0,,0,0,LOW,LOW,0,0,1,1,SLOW,INTERMEDIATE,99.95,1,EVENT_DRIVEN,0,0,0,2,8
WH-01920,NEW_IDEA,ECOMMERCE,634687,66,8.1,8.91,12.21,33.75,79.2,,0,0,HIGH,HIGH,0,0,1,0,SLOW,BEGINNER,99.95,1,NORMAL,1,0,1,4,8
WH-01921,NEW_IDEA,MARKETPLACE,14761,91,10.35,15.7,21.51,38.58,43.9,,0,1,HIGH,MEDIUM,1,50,1,0,MEDIUM,ADVANCED,99.95,1,EVENING,0,0,1,2,8
WH-01922,LIVE_URL,CORPORATE,6064,22,4.1,1.5,1.86,16.49,125.1,96.5,1,1,LOW,LOW,0,0,0,1,MEDIUM,INTERMEDIATE,99.9,0,NORMAL,0,0,0,2,4
WH-01923,PLANNED,MARKETPLACE,196218,4306,16.97,1217.88,4786.27,512.74,67.2,,0,0,MEDIUM,HIGH,1,2523,1,0,STABLE,ADVANCED,99.9,0,EVENT_DRIVEN,0,0,0,32,64
WH-01924,NEW_IDEA,COMMUNITY,120755,368,7.97,48.88,152.03,38.16,70.5,,0,0,MEDIUM,LOW,0,0,0,0,MEDIUM,INTERMEDIATE,99.9,0,SEASONAL,0,0,0,4,8
WH-01925,LIVE_URL,MARKETPLACE,1071525,5870,7.94,776.8,1017.6,128.88,68.6,,0,0,VERY_HIGH,MEDIUM,0,0,1,0,STABLE,INTERMEDIATE,99.99,1,BUSINESS_HOURS,0,0,1,32,64
WH-01926,LIVE_URL,API_SERVICE,25609,51,34.98,29.73,59.76,30.49,10.0,77.8,1,1,LOW,VERY_HIGH,0,0,0,0,SLOW,ADVANCED,99.9,0,EVENING,0,0,0,4,4
WH-01927,NEW_IDEA,API_SERVICE,158001,3089,24.5,1261.34,4275.95,383.26,45.9,,0,1,MEDIUM,VERY_HIGH,0,0,0,0,MEDIUM,INTERMEDIATE,99.9,0,EVENT_DRIVEN,0,1,0,32,64
WH-01928,PLANNED,SAAS,54729,1503,11.02,276.05,386.47,163.6,267.5,,0,1,VERY_HIGH,HIGH,0,0,0,0,RAPID,ADVANCED,99.99,1,NORMAL,0,1,0,32,64
WH-01929,LIVE_URL,BLOG,3809,17,3.59,1.02,1.91,13.44,137.2,69.4,1,0,LOW,LOW,0,0,0,1,STABLE,BEGINNER,99.95,1,WEEKEND,0,0,1,2,4
WH-01930,LIVE_URL,SAAS,1001397,3523,18.93,1111.51,2901.03,1125.76,210.4,91.5,1,0,HIGH,HIGH,0,0,0,0,SLOW,BEGINNER,99.99,1,EVENT_DRIVEN,0,0,1,32,64
WH-01931,PLANNED,MARKETPLACE,76769,1800,18.12,543.6,1538.39,244.08,599.8,,0,0,HIGH,MEDIUM,0,0,1,1,SLOW,INTERMEDIATE,BASIC,0,SEASONAL,1,1,0,32,64
WH-01932,PLANNED,SAAS,1287624,1196,14.24,283.85,862.91,69.23,73.9,,0,1,HIGH,HIGH,0,0,0,0,SLOW,BEGINNER,99.9,0,SEASONAL,0,0,0,32,64
WH-01933,PLANNED,SAAS,760191,3652,10.36,630.58,2541.23,266.16,79.9,,0,1,MEDIUM,HIGH,0,0,1,1,SLOW,BEGINNER,99.5,0,EVENT_DRIVEN,0,0,0,32,64
WH-01934,NEW_IDEA,CORPORATE,39389,8,3.78,0.5,0.71,11.18,38.2,,0,0,LOW,LOW,0,0,1,0,MEDIUM,ADVANCED,99.5,0,NORMAL,0,0,1,2,4
WH-01935,PLANNED,CORPORATE,8173,63,4.73,4.97,9.24,16.22,22.0,,0,1,LOW,LOW,0,0,0,0,MEDIUM,ADVANCED,99.9,0,BUSINESS_HOURS,0,0,0,2,4
WH-01936,PLANNED,ECOMMERCE,258380,2136,16.67,593.45,949.52,238.54,1057.8,,0,0,HIGH,HIGH,0,0,1,1,SLOW,BEGINNER,99.95,1,BUSINESS_HOURS,0,0,0,32,64
WH-01937,LIVE_URL,MARKETPLACE,634192,1732,9.68,279.43,382.82,136.04,30.7,69.5,1,0,HIGH,HIGH,0,0,1,0,MEDIUM,BEGINNER,99.95,1,NORMAL,0,0,1,32,64
WH-01938,NEW_IDEA,SAAS,20159,312,13.79,71.71,95.37,60.81,44.9,,0,1,HIGH,HIGH,1,195,0,0,MEDIUM,INTERMEDIATE,99.9,0,EVENING,0,1,0,8,16
WH-01939,PLANNED,API_SERVICE,1004905,3562,34.69,2059.43,3295.09,261.77,61.6,,0,0,MEDIUM,VERY_HIGH,0,0,1,0,STABLE,BEGINNER,99.99,1,BUSINESS_HOURS,0,0,0,32,64
WH-01940,NEW_IDEA,PORTFOLIO,28003,9,1.43,0.21,0.26,60.99,223.9,,0,0,LOW,LOW,0,0,1,1,SLOW,ADVANCED,99.99,1,NORMAL,0,0,1,2,4
WH-01941,NEW_IDEA,CORPORATE,63381,12,3.74,0.75,2.53,10.1,10.0,,0,0,LOW,MEDIUM,0,0,1,0,MEDIUM,INTERMEDIATE,99.9,0,EVENT_DRIVEN,0,0,0,2,4
WH-01942,NEW_IDEA,ECOMMERCE,430428,762,5.04,64.01,132.5,69.37,78.5,,0,1,VERY_HIGH,HIGH,0,0,0,0,MEDIUM,INTERMEDIATE,99.5,0,WEEKEND,0,0,1,8,16
WH-01943,NEW_IDEA,SAAS,1550777,2204,21.95,806.3,1870.61,243.73,97.1,,0,1,VERY_HIGH,HIGH,0,0,1,0,SLOW,INTERMEDIATE,99.95,1,EVENT_DRIVEN,1,0,1,32,64
WH-01944,PLANNED,BLOG,12145,54,4.13,3.72,5.43,11.57,54.1,,0,1,LOW,LOW,0,0,1,0,SLOW,ADVANCED,99.99,1,NORMAL,0,0,0,2,4
WH-01945,NEW_IDEA,MARKETPLACE,962402,1018,17.08,289.79,878.07,128.81,27.0,,0,1,VERY_HIGH,HIGH,0,0,0,0,SLOW,INTERMEDIATE,99.99,1,EVENT_DRIVEN,0,1,0,32,64
WH-01946,PLANNED,ECOMMERCE,181423,142,11.54,27.31,80.02,36.42,143.0,,0,1,HIGH,HIGH,0,0,1,0,MEDIUM,INTERMEDIATE,99.95,1,EVENT_DRIVEN,0,0,1,8,16
WH-01947,PLANNED,NEWS,44369,120,5.27,10.54,13.91,23.8,78.3,,0,1,MEDIUM,HIGH,0,0,0,0,MEDIUM,INTERMEDIATE,99.9,0,NORMAL,0,0,0,1,4
WH-01948,LIVE_URL,SAAS,1565920,25,11.13,4.64,9.55,14.59,69.3,54.7,1,0,MEDIUM,VERY_HIGH,1,20,0,0,SLOW,INTERMEDIATE,99.9,0,EVENING,0,0,0,2,8
WH-01949,LIVE_URL,ECOMMERCE,159170,101,7.33,12.34,40.1,54.86,78.5,77.1,1,0,MEDIUM,HIGH,0,0,1,0,STABLE,ADVANCED,99.95,1,SEASONAL,0,0,0,2,8
WH-01950,LIVE_URL,SAAS,1074947,6996,17.35,2023.01,4207.86,1486.6,193.1,43.4,1,0,HIGH,HIGH,0,0,1,0,MEDIUM,INTERMEDIATE,99.9,0,WEEKEND,0,0,1,32,64
WH-01951,LIVE_URL,BLOG,12637,7,2.66,0.31,0.51,8.0,67.7,57.0,1,0,LOW,LOW,0,0,1,0,MEDIUM,INTERMEDIATE,99.9,0,EVENING,0,0,0,1,4
WH-01952,NEW_IDEA,EDUCATION,10752,237,4.84,19.12,25.81,13.16,122.3,,0,0,MEDIUM,LOW,0,0,0,0,MEDIUM,INTERMEDIATE,99.5,0,BUSINESS_HOURS,0,0,0,1,8
WH-01953,NEW_IDEA,BLOG,2853,71,2.02,2.39,3.13,8.0,24.7,,0,1,LOW,LOW,0,0,1,0,STABLE,INTERMEDIATE,BASIC,0,EVENING,0,0,0,1,4
WH-01954,NEW_IDEA,BLOG,8766,19,4.53,1.43,1.86,12.69,60.1,,0,0,LOW,LOW,0,0,0,0,STABLE,INTERMEDIATE,99.5,0,NORMAL,0,0,1,2,4
WH-01955,LIVE_URL,EDUCATION,5154,105,7.67,13.42,23.09,14.31,16.1,72.5,1,0,LOW,MEDIUM,0,0,1,0,MEDIUM,INTERMEDIATE,99.9,0,EVENING,0,0,0,1,4
WH-01956,LIVE_URL,ECOMMERCE,126898,77,9.52,12.22,16.86,36.95,57.0,80.0,1,0,HIGH,VERY_HIGH,0,0,0,0,MEDIUM,ADVANCED,99.5,0,BUSINESS_HOURS,0,0,0,2,8
WH-01957,LIVE_URL,BLOG,28087,14,3.34,0.78,1.1,10.53,10.0,87.6,1,0,LOW,LOW,0,0,0,0,MEDIUM,ADVANCED,99.99,1,NORMAL,0,0,1,2,4
WH-01958,NEW_IDEA,ECOMMERCE,14642,50,7.75,6.46,12.34,47.7,51.3,,0,0,HIGH,HIGH,0,0,0,0,SLOW,INTERMEDIATE,99.95,1,EVENING,0,0,1,2,8
WH-01959,PLANNED,MEDIA_STREAMING,26824,545,2.21,20.07,38.14,47.86,477.1,,0,0,MEDIUM,MEDIUM,0,0,1,1,SLOW,BEGINNER,99.9,0,EVENING,0,0,1,2,8
WH-01960,PLANNED,CORPORATE,6701,25,4.59,1.91,5.62,13.96,19.5,,0,0,LOW,LOW,0,0,1,0,SLOW,INTERMEDIATE,99.9,0,SEASONAL,0,0,0,1,4
WH-01961,PLANNED,ECOMMERCE,163882,113,9.63,18.14,54.95,29.7,127.5,,0,0,MEDIUM,HIGH,0,0,1,0,RAPID,INTERMEDIATE,99.9,0,SEASONAL,0,0,0,4,8
WH-01962,NEW_IDEA,MARKETPLACE,617716,138,14.78,33.99,60.17,63.5,101.9,,0,0,HIGH,HIGH,0,0,1,1,STABLE,BEGINNER,99.9,0,WEEKEND,0,1,0,4,8
WH-01963,PLANNED,MARKETPLACE,395692,2678,11.87,529.8,1038.4,169.23,188.3,,0,1,HIGH,HIGH,0,0,0,0,SLOW,ADVANCED,99.9,0,EVENING,0,1,0,32,64
WH-01964,PLANNED,API_SERVICE,8634,179,31.05,92.63,147.29,59.32,51.1,,0,0,MEDIUM,VERY_HIGH,0,0,1,0,STABLE,BEGINNER,99.99,1,BUSINESS_HOURS,0,0,1,16,32
WH-01965,PLANNED,SAAS,1445925,4211,21.21,1488.59,1979.82,312.38,175.7,,0,0,HIGH,HIGH,0,0,1,0,MEDIUM,BEGINNER,99.9,0,EVENING,1,0,1,32,64
WH-01966,PLANNED,API_SERVICE,9628,200,8.44,28.13,39.39,30.53,37.4,,0,0,MEDIUM,VERY_HIGH,0,0,0,0,MEDIUM,INTERMEDIATE,99.9,0,NORMAL,0,0,0,2,4
WH-01967,LIVE_URL,API_SERVICE,343835,2481,31.67,1309.55,2029.81,156.99,67.9,73.1,1,0,MEDIUM,VERY_HIGH,0,0,0,0,RAPID,INTERMEDIATE,99.95,1,NORMAL,1,0,0,32,64
WH-01968,LIVE_URL,BLOG,37911,29,5.0,2.42,5.44,30.58,33.5,,0,0,LOW,LOW,0,0,0,1,STABLE,INTERMEDIATE,BASIC,0,EVENT_DRIVEN,0,0,0,2,4
WH-01969,LIVE_URL,API_SERVICE,463128,262,28.06,122.53,298.97,76.21,23.8,85.5,1,0,MEDIUM,HIGH,0,0,1,0,SLOW,INTERMEDIATE,99.95,1,SEASONAL,0,0,0,16,32
WH-01970,PLANNED,PORTFOLIO,3590,44,1.42,1.04,3.2,56.3,26.9,,0,1,LOW,LOW,0,0,0,0,MEDIUM,INTERMEDIATE,99.9,0,SEASONAL,0,0,0,1,4
WH-01971,PLANNED,ECOMMERCE,194924,35,10.08,5.88,8.64,17.44,68.3,,0,0,VERY_HIGH,VERY_HIGH,0,0,0,0,RAPID,ADVANCED,99.9,0,NORMAL,0,0,1,1,16
WH-01972,LIVE_URL,NEWS,22575,353,8.42,49.54,70.84,29.35,34.1,77.1,1,1,LOW,MEDIUM,0,0,0,0,SLOW,INTERMEDIATE,99.9,0,WEEKEND,0,0,1,2,4
WH-01973,LIVE_URL,CORPORATE,2421,7,2.4,0.28,0.52,30.52,18.5,75.2,1,0,LOW,LOW,0,0,0,0,MEDIUM,ADVANCED,99.95,1,WEEKEND,0,0,1,2,4
WH-01974,NEW_IDEA,API_SERVICE,90261,829,15.29,211.26,378.15,69.13,44.9,,0,1,HIGH,VERY_HIGH,0,0,1,0,STABLE,INTERMEDIATE,99.5,0,EVENING,0,0,0,32,64
WH-01975,NEW_IDEA,SAAS,1309907,3943,8.15,535.59,2019.18,212.41,51.3,,0,1,HIGH,VERY_HIGH,1,2110,1,0,MEDIUM,ADVANCED,99.9,0,EVENT_DRIVEN,0,0,0,32,64
WH-01976,PLANNED,ECOMMERCE,208646,66,9.05,9.96,11.55,69.25,117.5,,0,1,HIGH,HIGH,0,0,1,0,MEDIUM,BEGINNER,99.9,0,NORMAL,0,0,0,2,8
WH-01977,NEW_IDEA,SAAS,702241,32,9.57,5.1,8.98,22.1,48.1,,0,0,MEDIUM,VERY_HIGH,1,9,0,0,RAPID,BEGINNER,99.9,0,BUSINESS_HOURS,0,0,1,2,8
WH-01978,PLANNED,MARKETPLACE,78184,309,11.85,61.03,93.98,113.76,254.3,,0,1,HIGH,HIGH,1,92,0,0,SLOW,ADVANCED,99.99,1,NORMAL,1,0,1,8,16
WH-01979,PLANNED,MARKETPLACE,952728,854,10.99,156.42,214.3,86.21,399.4,,0,1,VERY_HIGH,HIGH,0,0,0,0,RAPID,INTERMEDIATE,99.95,1,EVENING,0,1,0,16,32
WH-01980,NEW_IDEA,BLOG,2795,6,3.53,0.35,0.72,18.25,16.8,,0,0,LOW,MEDIUM,0,0,0,0,MEDIUM,INTERMEDIATE,99.95,1,EVENING,0,0,1,2,4
WH-01981,NEW_IDEA,SAAS,585654,4965,13.86,1146.91,2236.48,431.2,14.4,,0,0,MEDIUM,HIGH,1,3498,0,0,STABLE,INTERMEDIATE,99.9,0,WEEKEND,1,0,1,32,64
WH-01982,PLANNED,NEWS,125154,285,8.45,40.14,94.32,23.92,142.9,,0,0,MEDIUM,MEDIUM,0,0,0,0,MEDIUM,BEGINNER,99.95,1,EVENT_DRIVEN,0,0,1,4,8
WH-01983,PLANNED,API_SERVICE,534772,3849,18.03,1156.62,4059.75,301.6,113.1,,0,0,MEDIUM,VERY_HIGH,0,0,0,0,RAPID,INTERMEDIATE,99.95,1,EVENT_DRIVEN,1,0,0,32,64
WH-01984,NEW_IDEA,EDUCATION,62104,163,11.2,30.43,41.68,25.45,100.9,,0,0,MEDIUM,MEDIUM,0,0,1,1,RAPID,BEGINNER,99.99,1,NORMAL,0,0,1,2,8
WH-01985,PLANNED,MEDIA_STREAMING,27788,53,5.36,4.73,14.82,125.19,143.7,,0,0,MEDIUM,MEDIUM,0,0,0,1,MEDIUM,BEGINNER,99.9,0,EVENT_DRIVEN,0,0,0,1,8
WH-01986,PLANNED,MARKETPLACE,14251,47,11.46,8.98,10.86,47.03,131.8,,0,0,HIGH,HIGH,1,17,0,0,SLOW,BEGINNER,99.95,1,NORMAL,0,0,1,2,8
WH-01987,LIVE_URL,CORPORATE,34640,5,2.13,0.18,0.29,18.22,32.6,74.5,1,0,LOW,LOW,0,0,1,0,MEDIUM,ADVANCED,99.9,0,EVENING,0,0,0,2,4
WH-01988,PLANNED,SAAS,1123264,5907,11.83,1164.66,2702.02,378.05,80.6,,0,1,MEDIUM,HIGH,0,0,1,1,MEDIUM,BEGINNER,99.5,0,SEASONAL,0,0,1,32,64
WH-01989,PLANNED,PORTFOLIO,2418,2,2.02,0.07,0.22,13.82,24.1,,0,1,LOW,LOW,0,0,1,0,SLOW,BEGINNER,99.9,0,SEASONAL,0,0,0,2,4
WH-01990,LIVE_URL,API_SERVICE,134899,580,27.85,269.22,344.6,153.37,21.9,,0,0,MEDIUM,VERY_HIGH,1,354,1,0,MEDIUM,BEGINNER,99.9,0,NORMAL,0,1,0,32,64
WH-01991,PLANNED,API_SERVICE,19668,46,23.05,17.67,44.18,58.02,17.7,,0,0,MEDIUM,VERY_HIGH,0,0,0,0,RAPID,INTERMEDIATE,99.9,0,EVENT_DRIVEN,0,0,0,4,8
WH-01992,LIVE_URL,ECOMMERCE,658525,1695,10.03,283.35,733.87,102.4,25.8,80.9,1,0,HIGH,HIGH,0,0,1,0,SLOW,BEGINNER,BASIC,0,SEASONAL,0,0,0,32,64
WH-01993,NEW_IDEA,SAAS,718116,4272,21.19,1508.73,6080.17,3109.82,151.0,,0,0,HIGH,HIGH,1,1893,1,0,MEDIUM,INTERMEDIATE,99.9,0,EVENT_DRIVEN,1,1,0,32,64
WH-01994,NEW_IDEA,SAAS,1183906,267,7.63,33.95,43.12,27.54,21.8,,0,1,HIGH,HIGH,0,0,1,0,SLOW,INTERMEDIATE,99.9,0,NORMAL,0,0,1,4,8
WH-01995,NEW_IDEA,MEDIA_STREAMING,228157,317,2.97,15.69,54.61,155.47,1046.4,,0,0,HIGH,MEDIUM,0,0,0,1,MEDIUM,INTERMEDIATE,99.95,1,EVENT_DRIVEN,0,0,0,4,16
WH-01996,NEW_IDEA,API_SERVICE,1169194,1031,20.81,357.59,643.65,73.34,50.9,,0,1,MEDIUM,VERY_HIGH,0,0,1,0,RAPID,ADVANCED,99.95,1,WEEKEND,1,1,0,32,64
WH-01997,PLANNED,MARKETPLACE,48435,1105,18.5,340.71,896.06,194.52,97.0,,0,0,HIGH,MEDIUM,0,0,0,0,STABLE,INTERMEDIATE,99.9,0,SEASONAL,0,0,1,32,64
WH-01998,NEW_IDEA,ECOMMERCE,241457,1411,11.23,264.09,441.03,19.33,36.1,,0,0,HIGH,HIGH,0,0,1,0,SLOW,ADVANCED,BASIC,0,WEEKEND,0,0,1,32,64
WH-01999,LIVE_URL,COMMUNITY,347454,80,12.43,16.57,47.4,45.38,192.3,77.2,1,1,HIGH,MEDIUM,1,19,1,0,RAPID,BEGINNER,99.9,0,SEASONAL,0,0,1,4,8
WH-02000,NEW_IDEA,SAAS,1734679,1806,8.84,266.08,899.36,131.32,213.2,,0,0,HIGH,MEDIUM,0,0,1,1,RAPID,INTERMEDIATE,99.99,1,SEASONAL,0,1,0,32,64
WH-02001,PLANNED,PORTFOLIO,2006,5,1.76,0.15,0.21,11.54,15.9,,0,0,LOW,LOW,0,0,0,0,SLOW,INTERMEDIATE,99.95,1,EVENING,0,0,0,2,4
WH-02002,PLANNED,SAAS,1718706,39,11.47,7.46,10.06,90.01,20.8,,0,1,HIGH,MEDIUM,0,0,1,0,MEDIUM,INTERMEDIATE,99.95,1,NORMAL,0,0,1,2,8
WH-02003,LIVE_URL,SAAS,1040240,5998,18.0,1799.4,2717.09,256.97,25.4,61.8,1,1,MEDIUM,HIGH,1,4570,1,0,SLOW,INTERMEDIATE,99.99,1,EVENING,0,1,1,32,64
WH-02004,LIVE_URL,SAAS,780736,6645,7.63,845.02,1444.99,262.42,207.7,49.4,1,0,HIGH,HIGH,1,2357,0,0,MEDIUM,ADVANCED,99.95,1,BUSINESS_HOURS,1,0,1,32,64
WH-02005,NEW_IDEA,ECOMMERCE,10570,77,15.25,19.57,24.07,24.68,86.5,,0,1,HIGH,MEDIUM,0,0,1,0,MEDIUM,BEGINNER,99.9,0,NORMAL,0,0,1,2,8
WH-02006,PLANNED,ECOMMERCE,232685,204,14.47,49.2,62.97,23.06,124.1,,0,1,HIGH,HIGH,0,0,1,0,MEDIUM,INTERMEDIATE,99.95,1,NORMAL,0,0,1,4,16
WH-02007,LIVE_URL,ECOMMERCE,743182,130,16.78,36.36,55.26,49.8,281.0,59.8,1,0,VERY_HIGH,HIGH,0,0,0,0,STABLE,ADVANCED,99.9,0,NORMAL,0,0,0,4,16
WH-02008,PLANNED,INTERNAL_BUSINESS,7574,6,6.72,0.67,1.3,32.79,27.9,,0,1,MEDIUM,MEDIUM,0,0,0,0,STABLE,ADVANCED,99.95,1,BUSINESS_HOURS,0,0,1,2,4
WH-02009,PLANNED,NEWS,93007,223,8.19,30.44,95.28,18.11,38.5,,0,1,LOW,HIGH,0,0,0,0,STABLE,INTERMEDIATE,BASIC,0,EVENT_DRIVEN,0,0,0,2,4
WH-02010,PLANNED,API_SERVICE,340489,3694,26.46,1629.05,5033.78,802.91,74.9,,0,1,HIGH,VERY_HIGH,0,0,0,0,MEDIUM,INTERMEDIATE,99.99,1,SEASONAL,0,0,0,32,64
WH-02011,PLANNED,EDUCATION,10063,63,11.44,12.01,15.5,29.58,35.8,,0,0,MEDIUM,MEDIUM,0,0,0,1,STABLE,ADVANCED,99.9,0,NORMAL,0,0,0,2,8
WH-02012,LIVE_URL,BLOG,6821,29,3.25,1.57,6.0,32.57,10.5,90.3,1,0,LOW,LOW,0,0,0,0,SLOW,INTERMEDIATE,99.5,0,EVENT_DRIVEN,0,0,0,2,4
WH-02013,LIVE_URL,API_SERVICE,180392,94,31.33,49.08,64.3,45.79,23.8,64.2,1,1,MEDIUM,VERY_HIGH,0,0,0,0,SLOW,BEGINNER,99.95,1,NORMAL,0,0,0,4,8
WH-02014,NEW_IDEA,MARKETPLACE,24228,320,10.13,54.03,71.86,24.82,214.7,,0,1,HIGH,HIGH,0,0,0,0,STABLE,INTERMEDIATE,99.9,0,NORMAL,0,0,0,4,8
WH-02015,PLANNED,BLOG,3814,64,2.54,2.71,5.07,36.71,70.2,,0,0,LOW,LOW,0,0,1,0,STABLE,INTERMEDIATE,BASIC,0,WEEKEND,0,0,0,1,4
WH-02016,PLANNED,PORTFOLIO,19517,13,1.54,0.33,1.13,41.6,25.0,,0,0,LOW,LOW,0,0,0,0,STABLE,INTERMEDIATE,99.9,0,SEASONAL,0,0,1,2,4
WH-02017,NEW_IDEA,PORTFOLIO,552,12,2.83,0.57,1.71,21.78,19.0,,0,0,LOW,LOW,0,0,1,0,SLOW,INTERMEDIATE,99.95,1,EVENT_DRIVEN,0,0,0,2,4
WH-02018,LIVE_URL,API_SERVICE,264611,2070,19.06,657.57,953.48,89.96,52.1,,0,0,HIGH,HIGH,1,929,1,0,STABLE,BEGINNER,99.95,1,NORMAL,0,0,1,32,64
WH-02019,LIVE_URL,API_SERVICE,342286,61,28.4,28.87,44.46,15.17,61.7,63.9,1,0,MEDIUM,VERY_HIGH,1,34,0,0,RAPID,BEGINNER,99.5,0,BUSINESS_HOURS,0,0,0,4,8
WH-02020,LIVE_URL,SAAS,237643,4621,22.64,1743.66,3661.68,201.65,13.8,51.8,1,1,MEDIUM,HIGH,0,0,1,0,MEDIUM,ADVANCED,99.99,1,EVENT_DRIVEN,0,0,0,32,64
WH-02021,PLANNED,PORTFOLIO,15304,10,3.65,0.61,1.26,27.95,53.3,,0,1,LOW,LOW,0,0,1,1,STABLE,ADVANCED,99.95,1,EVENING,0,0,0,2,8
WH-02022,PLANNED,PORTFOLIO,2111,3,2.05,0.1,0.12,8.0,40.5,,0,0,LOW,LOW,0,0,1,0,RAPID,INTERMEDIATE,99.5,0,NORMAL,0,0,0,1,4
WH-02023,NEW_IDEA,MARKETPLACE,103830,776,9.97,128.95,410.05,204.51,47.7,,0,0,MEDIUM,HIGH,0,0,0,1,RAPID,ADVANCED,99.95,1,SEASONAL,0,1,0,32,64
WH-02024,NEW_IDEA,ECOMMERCE,48156,237,12.68,50.09,82.14,65.01,137.5,,0,1,HIGH,VERY_HIGH,1,181,1,0,MEDIUM,INTERMEDIATE,99.5,0,BUSINESS_HOURS,0,0,1,8,16
WH-02025,LIVE_URL,API_SERVICE,1232563,3410,30.69,1744.22,3348.89,228.84,218.6,72.4,1,0,HIGH,VERY_HIGH,0,0,1,0,SLOW,ADVANCED,99.95,1,EVENING,0,0,1,32,64
WH-02026,PLANNED,MARKETPLACE,68066,223,19.71,73.26,113.55,46.02,115.3,,0,0,MEDIUM,HIGH,0,0,0,1,MEDIUM,INTERMEDIATE,99.9,0,BUSINESS_HOURS,0,0,0,8,16
WH-02027,LIVE_URL,NEWS,681154,273,7.52,34.22,50.3,87.08,90.3,78.5,1,0,MEDIUM,LOW,0,0,0,0,SLOW,ADVANCED,99.9,0,EVENING,0,0,0,1,4
WH-02028,LIVE_URL,SAAS,365777,5634,19.47,1828.23,2413.27,172.22,51.1,73.7,1,0,HIGH,HIGH,0,0,1,0,SLOW,BEGINNER,99.99,1,NORMAL,0,1,1,32,64
WH-02029,LIVE_URL,ECOMMERCE,28528,551,17.12,157.22,232.68,66.32,774.6,50.4,1,1,VERY_HIGH,HIGH,0,0,1,1,SLOW,ADVANCED,BASIC,0,NORMAL,0,0,1,16,32
WH-02030,PLANNED,PORTFOLIO,533,10,1.16,0.19,0.3,10.88,14.0,,0,0,LOW,LOW,0,0,0,0,SLOW,BEGINNER,99.9,0,EVENING,0,0,0,2,4
WH-02031,LIVE_URL,PORTFOLIO,29555,15,3.49,0.87,1.31,51.86,15.1,76.2,1,0,LOW,LOW,0,0,1,0,STABLE,INTERMEDIATE,99.9,0,NORMAL,0,0,0,1,4
WH-02032,LIVE_URL,MARKETPLACE,48365,70,16.23,18.94,75.55,43.56,457.9,85.5,1,0,HIGH,HIGH,1,29,0,1,STABLE,INTERMEDIATE,99.9,0,EVENT_DRIVEN,0,0,1,8,16
WH-02033,PLANNED,API_SERVICE,281399,1071,16.15,288.28,443.95,172.88,28.3,,0,0,MEDIUM,VERY_HIGH,0,0,1,0,SLOW,BEGINNER,99.9,0,NORMAL,0,0,0,32,64
WH-02034,LIVE_URL,API_SERVICE,515500,3663,24.79,1513.43,3011.72,467.19,219.9,62.7,1,1,HIGH,VERY_HIGH,0,0,1,1,MEDIUM,ADVANCED,99.9,0,BUSINESS_HOURS,0,0,1,32,64
WH-02035,PLANNED,MARKETPLACE,266882,73,18.33,22.3,47.73,53.5,126.9,,0,0,HIGH,HIGH,0,0,1,0,MEDIUM,BEGINNER,99.9,0,SEASONAL,0,0,1,2,8
WH-02036,PLANNED,CORPORATE,3582,49,5.82,4.75,6.7,19.21,60.4,,0,1,LOW,LOW,0,0,0,1,MEDIUM,BEGINNER,99.5,0,BUSINESS_HOURS,0,0,0,1,4
WH-02037,PLANNED,NEWS,565928,386,6.56,42.2,60.77,49.76,60.7,,0,0,HIGH,MEDIUM,0,0,1,0,SLOW,INTERMEDIATE,BASIC,0,NORMAL,0,0,1,2,8
WH-02038,PLANNED,SAAS,336297,38,15.14,9.59,30.49,23.25,79.0,,0,1,HIGH,HIGH,1,19,1,0,SLOW,BEGINNER,99.9,0,SEASONAL,0,0,0,2,8
WH-02039,PLANNED,MARKETPLACE,241061,4032,11.77,790.94,1518.61,425.71,1102.9,,0,1,VERY_HIGH,MEDIUM,0,0,1,1,MEDIUM,ADVANCED,BASIC,0,EVENING,0,1,1,32,64
WH-02040,PLANNED,SAAS,180664,4892,23.96,1953.54,2285.64,610.0,101.7,,0,1,HIGH,HIGH,0,0,0,0,MEDIUM,ADVANCED,99.9,0,NORMAL,0,0,1,32,64
WH-02041,PLANNED,API_SERVICE,147547,2324,23.62,914.88,2543.37,128.59,27.0,,0,1,MEDIUM,VERY_HIGH,0,0,1,1,MEDIUM,INTERMEDIATE,99.9,0,EVENT_DRIVEN,0,0,0,32,64
WH-02042,LIVE_URL,BLOG,41762,64,2.51,2.68,5.14,8.0,104.2,72.4,1,1,LOW,LOW,0,0,0,1,MEDIUM,ADVANCED,99.9,0,BUSINESS_HOURS,0,0,0,1,4
WH-02043,PLANNED,API_SERVICE,646950,5159,18.51,1591.55,2116.76,715.39,75.2,,0,0,MEDIUM,VERY_HIGH,0,0,1,0,MEDIUM,ADVANCED,99.9,0,BUSINESS_HOURS,0,0,0,32,64
WH-02044,LIVE_URL,SAAS,11749,248,23.87,98.66,202.26,81.93,104.7,67.8,1,0,HIGH,HIGH,0,0,0,0,RAPID,ADVANCED,99.95,1,EVENING,0,0,1,16,32
WH-02045,LIVE_URL,MARKETPLACE,420495,3334,19.76,1098.0,1493.28,265.87,47.1,89.3,1,1,HIGH,MEDIUM,0,0,1,1,MEDIUM,INTERMEDIATE,99.9,0,NORMAL,0,1,1,32,64
WH-02046,PLANNED,MEDIA_STREAMING,18457,176,2.05,6.01,17.44,25.58,51.0,,0,0,MEDIUM,HIGH,0,0,0,1,STABLE,INTERMEDIATE,99.9,0,SEASONAL,0,0,1,1,8
WH-02047,NEW_IDEA,SAAS,7294,86,23.23,33.3,38.96,8.0,239.6,,0,0,VERY_HIGH,HIGH,0,0,0,0,MEDIUM,INTERMEDIATE,99.95,1,NORMAL,0,0,0,4,16
WH-02048,PLANNED,NEWS,546856,114,8.05,15.29,22.94,31.46,16.5,,0,0,MEDIUM,MEDIUM,0,0,0,0,MEDIUM,ADVANCED,99.5,0,NORMAL,0,0,0,1,4
WH-02049,PLANNED,NEWS,69116,68,6.37,7.22,10.18,38.68,126.9,,0,1,MEDIUM,LOW,0,0,1,1,STABLE,ADVANCED,99.9,0,NORMAL,0,0,0,2,8
WH-02050,PLANNED,SAAS,404182,1398,23.73,552.91,912.3,148.31,60.0,,0,1,HIGH,HIGH,0,0,0,0,MEDIUM,ADVANCED,99.9,0,BUSINESS_HOURS,0,1,0,32,64
WH-02051,PLANNED,API_SERVICE,220191,730,26.37,320.84,1039.51,397.44,127.8,,0,0,MEDIUM,HIGH,0,0,1,0,MEDIUM,BEGINNER,BASIC,0,EVENT_DRIVEN,0,0,0,32,64
WH-02052,NEW_IDEA,SAAS,840840,3830,7.24,462.15,1224.71,588.69,53.1,,0,0,HIGH,HIGH,0,0,0,0,SLOW,ADVANCED,99.5,0,EVENT_DRIVEN,0,1,0,32,64
WH-02053,NEW_IDEA,EDUCATION,149232,263,5.39,23.63,38.75,68.66,405.3,,0,0,MEDIUM,MEDIUM,0,0,1,1,SLOW,BEGINNER,99.95,1,WEEKEND,0,0,0,2,8
WH-02054,NEW_IDEA,EDUCATION,497615,166,8.04,22.24,50.72,39.53,83.1,,0,0,MEDIUM,MEDIUM,1,73,0,0,SLOW,ADVANCED,99.9,0,SEASONAL,0,0,1,2,4
WH-02055,PLANNED,ECOMMERCE,66179,623,17.86,185.45,252.21,61.02,64.1,,0,1,HIGH,MEDIUM,0,0,1,0,SLOW,ADVANCED,BASIC,0,NORMAL,0,0,0,16,32
WH-02056,NEW_IDEA,MEDIA_STREAMING,68649,927,6.21,95.94,185.17,41.91,223.6,,0,1,MEDIUM,MEDIUM,0,0,0,1,SLOW,INTERMEDIATE,99.9,0,BUSINESS_HOURS,0,0,1,8,16
WH-02057,LIVE_URL,API_SERVICE,483225,48,27.51,22.01,36.97,8.0,70.4,86.5,1,0,HIGH,VERY_HIGH,1,29,1,0,MEDIUM,INTERMEDIATE,99.9,0,EVENING,0,0,1,4,8
WH-02058,LIVE_URL,NEWS,34472,353,7.74,45.54,69.22,43.03,37.1,90.9,1,1,MEDIUM,MEDIUM,0,0,0,0,SLOW,ADVANCED,99.5,0,WEEKEND,0,1,0,4,8
WH-02059,PLANNED,ECOMMERCE,277553,3353,13.26,741.01,2311.96,343.74,159.1,,0,0,HIGH,HIGH,1,2150,0,0,STABLE,INTERMEDIATE,99.95,1,EVENT_DRIVEN,0,0,0,32,64
WH-02060,PLANNED,PORTFOLIO,737,4,1.68,0.11,0.18,20.06,20.4,,0,1,LOW,LOW,0,0,0,0,SLOW,INTERMEDIATE,99.5,0,BUSINESS_HOURS,0,0,0,1,4
WH-02061,LIVE_URL,COMMUNITY,17545,106,4.54,8.02,13.31,19.68,162.3,78.7,1,0,HIGH,MEDIUM,0,0,0,0,RAPID,BEGINNER,BASIC,0,EVENING,0,0,1,2,8
WH-02062,PLANNED,NEWS,719969,346,4.03,23.24,34.39,18.62,15.0,,0,0,MEDIUM,HIGH,0,0,0,0,STABLE,BEGINNER,99.95,1,NORMAL,0,0,0,2,8
WH-02063,NEW_IDEA,SAAS,225514,4185,15.46,1078.34,2706.62,634.28,77.0,,0,1,VERY_HIGH,HIGH,1,2603,1,0,RAPID,INTERMEDIATE,99.9,0,EVENT_DRIVEN,0,0,0,32,64
WH-02064,LIVE_URL,NEWS,31611,848,6.3,89.04,120.2,24.29,140.6,68.4,1,0,LOW,MEDIUM,0,0,0,1,SLOW,INTERMEDIATE,99.95,1,EVENING,0,0,1,4,8
WH-02065,LIVE_URL,EDUCATION,7718,22,6.11,2.24,2.98,8.0,167.7,77.9,1,0,MEDIUM,HIGH,0,0,1,1,MEDIUM,INTERMEDIATE,99.9,0,NORMAL,0,0,0,2,8
WH-02066,NEW_IDEA,PORTFOLIO,1274,4,2.64,0.18,0.24,12.17,70.5,,0,1,LOW,LOW,0,0,0,0,RAPID,BEGINNER,99.95,1,BUSINESS_HOURS,0,1,1,2,4
WH-02067,NEW_IDEA,ECOMMERCE,109548,247,16.25,66.9,89.64,47.38,145.7,,0,1,MEDIUM,MEDIUM,0,0,1,0,RAPID,BEGINNER,99.9,0,BUSINESS_HOURS,0,1,0,4,8
WH-02068,NEW_IDEA,MEDIA_STREAMING,290042,398,3.26,21.62,40.87,35.54,236.0,,0,0,MEDIUM,MEDIUM,0,0,0,1,MEDIUM,INTERMEDIATE,99.9,0,EVENING,0,0,0,2,8
WH-02069,PLANNED,BLOG,3427,16,4.48,1.19,1.61,16.64,21.7,,0,1,LOW,LOW,0,0,0,0,MEDIUM,INTERMEDIATE,99.9,0,BUSINESS_HOURS,0,0,0,1,4
WH-02070,PLANNED,ECOMMERCE,868254,2696,12.39,556.72,1814.92,673.74,432.7,,0,0,HIGH,HIGH,0,0,1,1,RAPID,BEGINNER,99.9,0,SEASONAL,1,1,0,32,64
WH-02071,PLANNED,CORPORATE,7587,38,2.59,1.64,3.26,18.25,12.2,,0,0,LOW,LOW,0,0,0,0,MEDIUM,ADVANCED,99.9,0,BUSINESS_HOURS,0,0,1,2,4
WH-02072,PLANNED,SAAS,240219,4520,21.91,1650.55,2690.4,222.28,45.7,,0,0,HIGH,HIGH,0,0,0,0,MEDIUM,INTERMEDIATE,BASIC,0,BUSINESS_HOURS,1,0,0,32,64
WH-02073,NEW_IDEA,API_SERVICE,851464,3213,29.68,1589.36,6039.58,671.77,20.3,,0,0,MEDIUM,HIGH,1,1314,1,0,SLOW,BEGINNER,BASIC,0,EVENT_DRIVEN,0,0,0,32,64
WH-02074,LIVE_URL,BLOG,47090,16,2.49,0.66,1.65,14.3,11.8,62.9,1,0,LOW,LOW,0,0,0,0,SLOW,ADVANCED,BASIC,0,SEASONAL,0,1,0,2,4
WH-02075,LIVE_URL,MARKETPLACE,40871,142,17.59,41.63,64.11,76.28,92.1,57.0,1,1,HIGH,VERY_HIGH,0,0,1,1,MEDIUM,INTERMEDIATE,99.95,1,EVENING,0,0,0,4,16
WH-02076,PLANNED,API_SERVICE,1299129,4883,24.18,1967.85,6257.76,845.23,14.2,,0,0,MEDIUM,HIGH,1,3164,0,0,STABLE,INTERMEDIATE,99.9,0,EVENT_DRIVEN,1,1,0,32,64
WH-02077,LIVE_URL,COMMUNITY,501908,213,12.46,44.23,73.87,39.83,10.0,70.5,1,0,LOW,HIGH,1,92,0,0,MEDIUM,BEGINNER,99.9,0,BUSINESS_HOURS,0,1,1,4,8
WH-02078,PLANNED,CORPORATE,3682,7,2.37,0.28,0.56,77.1,47.7,,0,0,LOW,MEDIUM,0,0,0,0,MEDIUM,INTERMEDIATE,99.95,1,EVENT_DRIVEN,0,0,0,2,4
WH-02079,NEW_IDEA,PORTFOLIO,4756,14,1.76,0.41,0.48,25.36,30.2,,0,1,LOW,LOW,0,0,0,0,RAPID,BEGINNER,99.9,0,NORMAL,0,0,1,2,4
WH-02080,LIVE_URL,SAAS,255884,4191,5.45,380.68,650.97,383.67,35.9,56.6,1,0,MEDIUM,HIGH,0,0,0,0,MEDIUM,ADVANCED,99.5,0,EVENING,0,0,1,32,64
WH-02081,LIVE_URL,MEDIA_STREAMING,1480602,148,2.46,6.07,9.59,21.68,66.0,82.3,1,0,MEDIUM,HIGH,0,0,1,1,MEDIUM,INTERMEDIATE,99.9,0,EVENING,0,0,0,1,8
WH-02082,LIVE_URL,INTERNAL_BUSINESS,463,3,4.65,0.23,0.76,13.73,26.0,69.6,1,1,MEDIUM,MEDIUM,0,0,0,0,MEDIUM,INTERMEDIATE,99.5,0,SEASONAL,0,0,0,1,4
WH-02083,LIVE_URL,SAAS,459022,2224,23.85,884.04,1502.87,183.56,387.7,85.1,1,1,VERY_HIGH,HIGH,0,0,1,0,STABLE,BEGINNER,99.99,1,WEEKEND,0,0,1,32,64
WH-02084,PLANNED,MARKETPLACE,881154,2525,13.53,569.39,1890.37,703.53,35.9,,0,0,HIGH,HIGH,0,0,1,0,SLOW,BEGINNER,BASIC,0,SEASONAL,1,0,1,32,64
WH-02085,LIVE_URL,CORPORATE,119167,14,4.29,1.0,1.83,8.0,18.3,73.2,1,1,LOW,LOW,0,0,0,0,SLOW,ADVANCED,99.5,0,WEEKEND,0,0,0,1,4
WH-02086,LIVE_URL,API_SERVICE,95768,2744,32.42,1482.67,2372.28,501.8,18.0,48.9,1,0,MEDIUM,VERY_HIGH,0,0,1,0,MEDIUM,INTERMEDIATE,99.95,1,BUSINESS_HOURS,0,0,1,32,64
WH-02087,NEW_IDEA,SAAS,721858,5559,7.94,735.64,2832.22,448.7,818.4,,0,0,VERY_HIGH,HIGH,0,0,1,1,MEDIUM,INTERMEDIATE,99.9,0,EVENT_DRIVEN,0,0,0,32,64
WH-02088,LIVE_URL,MARKETPLACE,110898,3084,11.49,590.59,1919.4,315.5,335.7,65.4,1,1,MEDIUM,HIGH,0,0,0,1,RAPID,BEGINNER,BASIC,0,SEASONAL,1,0,0,32,64
WH-02089,PLANNED,SAAS,654129,6633,10.46,1156.35,2717.43,548.55,99.1,,0,1,HIGH,HIGH,0,0,0,0,STABLE,ADVANCED,99.95,1,EVENT_DRIVEN,0,0,0,32,64
WH-02090,LIVE_URL,BLOG,17012,56,2.43,2.27,2.84,8.0,29.1,85.3,1,1,LOW,LOW,0,0,0,0,MEDIUM,INTERMEDIATE,BASIC,0,NORMAL,0,0,1,2,4
WH-02091,NEW_IDEA,BLOG,2226,6,2.49,0.25,0.37,14.09,10.0,,0,0,LOW,MEDIUM,0,0,1,0,RAPID,ADVANCED,99.9,0,WEEKEND,0,0,0,2,4
WH-02092,PLANNED,SAAS,35159,725,6.99,84.46,342.92,33.93,41.7,,0,0,VERY_HIGH,HIGH,0,0,1,0,RAPID,INTERMEDIATE,99.9,0,EVENT_DRIVEN,0,0,1,32,64
WH-02093,LIVE_URL,SAAS,173660,4095,22.18,1513.79,4783.56,965.06,50.6,67.8,1,0,HIGH,HIGH,0,0,1,0,SLOW,INTERMEDIATE,99.95,1,EVENT_DRIVEN,0,0,1,32,64
WH-02094,LIVE_URL,API_SERVICE,1046209,5226,11.94,1039.97,2142.35,321.07,103.5,91.4,1,0,LOW,VERY_HIGH,0,0,1,1,SLOW,INTERMEDIATE,99.99,1,EVENT_DRIVEN,1,0,0,32,32
WH-02095,LIVE_URL,EDUCATION,42583,20,7.22,2.41,3.13,25.75,23.0,69.6,1,1,MEDIUM,MEDIUM,0,0,0,0,MEDIUM,BEGINNER,99.9,0,NORMAL,0,0,1,2,4
WH-02096,PLANNED,API_SERVICE,52158,54,32.69,29.42,40.31,18.26,35.1,,0,0,MEDIUM,VERY_HIGH,0,0,0,0,SLOW,BEGINNER,99.9,0,NORMAL,0,0,0,4,8
WH-02097,LIVE_URL,EDUCATION,14407,57,6.12,5.81,11.05,71.45,208.2,63.5,1,0,HIGH,MEDIUM,0,0,0,0,MEDIUM,BEGINNER,99.95,1,EVENING,0,0,0,2,8
WH-02098,PLANNED,SAAS,549004,5412,14.87,1341.27,3634.85,310.65,18.4,,0,1,MEDIUM,HIGH,0,0,0,0,MEDIUM,ADVANCED,99.95,1,SEASONAL,0,0,1,32,64
WH-02099,LIVE_URL,NEWS,587747,7302,8.91,1084.35,2016.89,596.55,74.5,70.8,1,0,MEDIUM,MEDIUM,0,0,0,0,SLOW,ADVANCED,BASIC,0,BUSINESS_HOURS,0,0,0,32,64
WH-02100,LIVE_URL,PORTFOLIO,3009,8,1.22,0.16,0.22,27.18,18.5,78.3,1,1,LOW,LOW,0,0,0,0,SLOW,INTERMEDIATE,99.95,1,BUSINESS_HOURS,0,0,0,2,4
WH-02101,LIVE_URL,SAAS,29697,833,10.39,144.25,279.84,49.3,132.6,78.1,1,0,HIGH,HIGH,0,0,1,0,RAPID,INTERMEDIATE,99.9,0,BUSINESS_HOURS,0,0,1,16,32
WH-02102,NEW_IDEA,EDUCATION,223345,45,10.3,7.73,13.06,16.5,26.5,,0,1,LOW,LOW,0,0,0,0,STABLE,BEGINNER,99.9,0,EVENING,0,0,1,1,4
WH-02103,LIVE_URL,PORTFOLIO,1135,6,2.32,0.23,0.57,20.43,14.1,72.5,1,0,LOW,MEDIUM,0,0,0,0,MEDIUM,BEGINNER,99.9,0,EVENT_DRIVEN,0,0,0,2,4
WH-02104,NEW_IDEA,API_SERVICE,696888,4243,19.26,1362.0,3459.49,269.89,43.7,,0,1,MEDIUM,HIGH,0,0,1,0,RAPID,ADVANCED,99.99,1,SEASONAL,0,0,0,32,64
WH-02105,PLANNED,API_SERVICE,1060542,6337,30.08,3176.95,6195.05,976.22,37.8,,0,1,MEDIUM,HIGH,0,0,0,0,MEDIUM,BEGINNER,99.99,1,EVENING,0,0,0,32,64
WH-02106,PLANNED,SAAS,640816,5410,15.74,1419.22,2753.29,208.04,100.0,,0,1,HIGH,HIGH,1,3899,1,1,RAPID,BEGINNER,99.9,0,EVENING,0,0,1,32,64
WH-02107,PLANNED,BLOG,5298,84,4.72,6.61,23.72,33.45,38.9,,0,0,LOW,LOW,0,0,1,0,SLOW,BEGINNER,99.9,0,EVENT_DRIVEN,0,0,0,2,4
WH-02108,PLANNED,ECOMMERCE,352222,460,11.76,90.16,247.94,89.51,228.5,,0,0,HIGH,HIGH,0,0,0,0,SLOW,INTERMEDIATE,99.5,0,EVENT_DRIVEN,0,0,1,16,32
WH-02109,PLANNED,COMMUNITY,177291,1670,14.03,390.5,1499.53,251.69,105.8,,0,1,HIGH,MEDIUM,1,1026,1,0,RAPID,INTERMEDIATE,99.9,0,EVENT_DRIVEN,0,1,1,32,64
WH-02110,PLANNED,PORTFOLIO,4818,15,2.99,0.75,1.05,12.56,47.3,,0,1,LOW,LOW,0,0,0,1,RAPID,BEGINNER,99.9,0,EVENING,0,0,0,2,4
WH-02111,LIVE_URL,SAAS,13926,231,22.16,85.32,105.79,62.5,174.9,74.9,1,1,HIGH,HIGH,0,0,1,0,MEDIUM,BEGINNER,99.5,0,NORMAL,0,0,1,8,16
WH-02112,PLANNED,MARKETPLACE,214221,5629,5.94,557.27,1799.99,342.75,47.7,,0,1,MEDIUM,MEDIUM,0,0,1,1,SLOW,INTERMEDIATE,BASIC,0,EVENT_DRIVEN,0,0,0,32,64
WH-02113,NEW_IDEA,ECOMMERCE,43393,562,5.04,47.21,81.67,25.77,106.5,,0,0,HIGH,HIGH,0,0,0,0,MEDIUM,INTERMEDIATE,99.9,0,EVENING,0,0,0,4,8
WH-02114,LIVE_URL,ECOMMERCE,417260,33,10.33,5.68,8.12,12.13,98.1,,0,0,VERY_HIGH,HIGH,0,0,0,0,RAPID,INTERMEDIATE,99.95,1,BUSINESS_HOURS,0,0,1,2,16
WH-02115,LIVE_URL,EDUCATION,90529,63,10.58,11.11,30.22,20.81,184.3,65.1,1,1,LOW,MEDIUM,0,0,0,1,RAPID,BEGINNER,BASIC,0,EVENT_DRIVEN,0,0,0,1,4
WH-02116,PLANNED,MEDIA_STREAMING,48477,98,6.87,11.22,20.42,17.89,61.4,,0,0,LOW,LOW,0,0,1,1,MEDIUM,BEGINNER,99.9,0,BUSINESS_HOURS,0,0,0,2,4
WH-02117,PLANNED,CORPORATE,2656,59,2.75,2.7,7.57,22.7,46.6,,0,0,LOW,LOW,0,0,1,0,RAPID,BEGINNER,99.95,1,SEASONAL,0,0,0,2,4
WH-02118,LIVE_URL,NEWS,312845,457,8.97,68.32,86.09,20.29,44.8,89.9,1,0,MEDIUM,MEDIUM,0,0,0,1,MEDIUM,INTERMEDIATE,99.9,0,NORMAL,0,0,1,2,8
WH-02119,PLANNED,API_SERVICE,1179686,3017,24.71,1242.5,2261.35,683.6,22.0,,0,1,MEDIUM,VERY_HIGH,0,0,1,0,MEDIUM,INTERMEDIATE,99.95,1,BUSINESS_HOURS,0,0,1,32,64
WH-02120,LIVE_URL,CORPORATE,6907,27,3.64,1.64,3.39,24.38,53.1,84.3,1,0,LOW,LOW,0,0,0,0,MEDIUM,INTERMEDIATE,BASIC,0,WEEKEND,0,0,0,1,4
WH-02121,LIVE_URL,API_SERVICE,1221278,6080,8.75,886.67,2331.93,467.95,80.6,80.4,1,0,HIGH,VERY_HIGH,0,0,0,0,RAPID,BEGINNER,99.99,1,SEASONAL,0,1,1,32,64
WH-02122,LIVE_URL,MARKETPLACE,1240955,3166,16.28,859.04,2396.73,194.73,40.9,60.6,1,0,HIGH,HIGH,0,0,1,1,STABLE,ADVANCED,99.95,1,SEASONAL,0,0,0,32,64
WH-02123,PLANNED,COMMUNITY,378508,551,8.71,79.99,127.98,68.8,32.3,,0,0,HIGH,LOW,1,447,0,0,RAPID,INTERMEDIATE,99.5,0,BUSINESS_HOURS,0,1,0,8,16
WH-02124,LIVE_URL,SAAS,200627,4077,21.81,1481.99,2208.16,592.07,166.8,85.8,1,0,HIGH,MEDIUM,0,0,0,0,MEDIUM,INTERMEDIATE,99.95,1,NORMAL,0,0,1,32,64
WH-02125,LIVE_URL,CORPORATE,6583,113,2.54,4.78,7.27,30.17,44.9,66.3,1,0,LOW,LOW,0,0,0,0,MEDIUM,BEGINNER,99.9,0,NORMAL,0,0,1,1,4
WH-02126,PLANNED,PORTFOLIO,535,7,3.23,0.38,0.8,36.87,158.2,,0,0,LOW,LOW,0,0,0,1,STABLE,INTERMEDIATE,99.95,1,WEEKEND,0,0,0,2,4
WH-02127,PLANNED,API_SERVICE,1317307,1602,23.28,621.58,1815.0,1518.09,77.5,,0,0,HIGH,VERY_HIGH,0,0,1,0,RAPID,ADVANCED,99.9,0,SEASONAL,1,0,0,32,64
WH-02128,LIVE_URL,CORPORATE,4482,83,4.74,6.56,8.72,9.94,17.0,84.7,1,0,LOW,MEDIUM,0,0,1,0,MEDIUM,INTERMEDIATE,99.99,1,EVENING,0,0,1,2,4
WH-02129,LIVE_URL,API_SERVICE,1368406,6472,19.04,2053.78,3101.21,575.91,244.1,98.0,1,0,HIGH,VERY_HIGH,1,2314,0,0,SLOW,INTERMEDIATE,99.95,1,NORMAL,0,0,1,32,64
WH-02130,PLANNED,BLOG,3868,37,2.17,1.34,4.11,23.0,73.9,,0,1,LOW,LOW,0,0,1,0,SLOW,ADVANCED,99.5,0,SEASONAL,0,0,0,1,4
WH-02131,NEW_IDEA,CORPORATE,11305,6,3.45,0.35,1.15,17.44,64.7,,0,1,LOW,MEDIUM,0,0,0,0,STABLE,BEGINNER,BASIC,0,EVENT_DRIVEN,1,0,0,2,4
WH-02132,LIVE_URL,BLOG,79600,9,2.38,0.36,0.56,8.0,26.9,84.7,1,1,LOW,LOW,0,0,1,1,STABLE,INTERMEDIATE,BASIC,0,WEEKEND,0,0,0,2,4
WH-02133,PLANNED,API_SERVICE,6200,89,13.75,20.4,26.51,21.34,23.2,,0,0,MEDIUM,VERY_HIGH,0,0,0,0,MEDIUM,ADVANCED,99.9,0,NORMAL,0,0,0,2,4
WH-02134,PLANNED,BLOG,24380,95,1.9,3.01,4.09,18.6,14.7,,0,0,LOW,LOW,0,0,0,0,MEDIUM,BEGINNER,99.9,0,NORMAL,0,0,0,2,4
WH-02135,PLANNED,PORTFOLIO,2473,9,3.46,0.52,0.97,62.76,39.5,,0,0,LOW,LOW,0,0,1,0,SLOW,INTERMEDIATE,99.95,1,EVENING,0,0,0,2,4
WH-02136,PLANNED,API_SERVICE,40672,276,31.7,145.82,275.6,22.16,90.8,,0,0,MEDIUM,VERY_HIGH,1,72,1,0,SLOW,INTERMEDIATE,99.9,0,BUSINESS_HOURS,0,0,0,16,32
WH-02137,PLANNED,NEWS,297496,2921,6.21,302.32,362.79,40.65,29.6,,0,0,LOW,MEDIUM,0,0,0,0,MEDIUM,BEGINNER,99.9,0,NORMAL,0,0,1,8,16
WH-02138,LIVE_URL,ECOMMERCE,71832,746,12.61,156.78,290.05,85.97,155.3,90.3,1,0,HIGH,HIGH,0,0,0,1,STABLE,BEGINNER,99.9,0,BUSINESS_HOURS,0,0,0,16,32
WH-02139,LIVE_URL,SAAS,1057597,6637,6.72,743.34,2861.87,444.24,1202.4,71.4,1,1,VERY_HIGH,HIGH,1,5031,0,1,MEDIUM,INTERMEDIATE,99.9,0,EVENT_DRIVEN,1,0,1,32,64
WH-02140,NEW_IDEA,SAAS,14922,446,23.72,176.32,268.0,34.22,77.0,,0,0,MEDIUM,MEDIUM,1,121,1,0,STABLE,BEGINNER,99.95,1,BUSINESS_HOURS,0,0,1,16,32
WH-02141,PLANNED,ECOMMERCE,636350,2313,9.59,369.69,709.81,186.79,121.3,,0,1,HIGH,HIGH,0,0,0,0,MEDIUM,ADVANCED,99.95,1,BUSINESS_HOURS,1,0,0,32,64
WH-02142,PLANNED,MARKETPLACE,801501,2927,18.11,883.47,1528.4,295.94,284.0,,0,1,VERY_HIGH,MEDIUM,0,0,0,0,STABLE,ADVANCED,99.9,0,BUSINESS_HOURS,0,1,0,32,64
WH-02143,LIVE_URL,SAAS,492229,5741,13.11,1254.41,3248.92,696.3,127.1,74.6,1,0,HIGH,VERY_HIGH,1,2488,1,0,RAPID,BEGINNER,99.9,0,SEASONAL,0,1,1,32,64
WH-02144,LIVE_URL,CORPORATE,20858,6,5.13,0.51,2.07,49.97,71.0,83.4,1,0,LOW,LOW,0,0,1,0,RAPID,INTERMEDIATE,99.9,0,EVENT_DRIVEN,0,1,0,2,4
WH-02145,LIVE_URL,ECOMMERCE,135076,89,14.7,21.8,31.84,60.92,86.7,72.4,1,1,MEDIUM,HIGH,0,0,1,1,RAPID,INTERMEDIATE,99.9,0,BUSINESS_HOURS,0,0,1,2,8
WH-02146,LIVE_URL,ECOMMERCE,18030,251,9.02,37.73,54.34,50.64,127.8,94.1,1,0,HIGH,HIGH,0,0,1,0,SLOW,INTERMEDIATE,99.95,1,NORMAL,0,0,0,4,16
WH-02147,PLANNED,BLOG,31110,8,4.78,0.64,1.28,20.94,15.7,,0,1,LOW,LOW,0,0,0,0,MEDIUM,BEGINNER,99.95,1,EVENING,0,0,1,2,4
WH-02148,PLANNED,SAAS,285062,3120,18.54,964.08,2381.28,561.79,21.7,,0,0,HIGH,HIGH,0,0,0,0,RAPID,BEGINNER,99.9,0,SEASONAL,0,1,0,32,64
WH-02149,PLANNED,SAAS,636166,1698,13.71,387.99,628.55,125.81,74.0,,0,1,HIGH,VERY_HIGH,1,919,1,0,SLOW,ADVANCED,99.95,1,EVENING,1,0,0,32,64
WH-02150,PLANNED,SAAS,861440,3766,19.18,1203.86,3539.36,405.12,260.6,,0,0,VERY_HIGH,HIGH,0,0,1,0,SLOW,INTERMEDIATE,99.95,1,EVENT_DRIVEN,0,0,0,32,64
WH-02151,PLANNED,API_SERVICE,853666,4058,31.85,2154.12,2628.03,258.72,22.5,,0,1,MEDIUM,VERY_HIGH,0,0,1,0,MEDIUM,BEGINNER,99.9,0,NORMAL,0,1,0,32,64
WH-02152,LIVE_URL,EDUCATION,9378,85,10.36,14.68,20.11,26.78,27.2,95.6,1,0,LOW,LOW,0,0,0,0,MEDIUM,ADVANCED,99.5,0,WEEKEND,0,0,1,2,4
WH-02153,PLANNED,ECOMMERCE,451312,76,8.24,10.44,15.55,24.27,86.7,,0,0,MEDIUM,MEDIUM,0,0,1,1,SLOW,ADVANCED,99.9,0,WEEKEND,0,0,0,1,8
WH-02154,NEW_IDEA,MARKETPLACE,154611,996,11.37,188.74,264.24,31.01,137.8,,0,0,HIGH,HIGH,1,326,0,1,MEDIUM,INTERMEDIATE,99.9,0,EVENING,0,0,1,16,32
WH-02155,NEW_IDEA,SAAS,189763,2729,22.32,1015.19,2883.13,258.28,50.0,,0,1,HIGH,MEDIUM,0,0,1,0,MEDIUM,INTERMEDIATE,99.5,0,EVENT_DRIVEN,0,0,0,32,64
WH-02156,NEW_IDEA,MARKETPLACE,562743,3098,18.58,959.35,3626.33,798.47,368.7,,0,0,VERY_HIGH,HIGH,1,2373,1,1,SLOW,INTERMEDIATE,99.95,1,EVENT_DRIVEN,0,1,1,32,64
WH-02157,NEW_IDEA,SAAS,29472,189,11.88,37.42,46.78,122.87,264.3,,0,1,HIGH,HIGH,1,68,0,1,STABLE,ADVANCED,99.5,0,NORMAL,0,0,0,4,8
WH-02158,NEW_IDEA,BLOG,9651,61,1.74,1.77,2.64,46.19,33.9,,0,1,LOW,LOW,0,0,1,0,STABLE,BEGINNER,99.99,1,BUSINESS_HOURS,0,0,0,2,4
WH-02159,NEW_IDEA,SAAS,1293564,4568,21.78,1658.18,3133.97,1014.05,14.6,,0,1,MEDIUM,VERY_HIGH,0,0,1,0,STABLE,ADVANCED,99.9,0,BUSINESS_HOURS,0,0,0,32,64
WH-02160,NEW_IDEA,NEWS,412618,1384,6.61,152.47,187.54,54.5,17.1,,0,0,MEDIUM,HIGH,0,0,0,0,MEDIUM,ADVANCED,99.95,1,NORMAL,0,0,0,8,16
WH-02161,LIVE_URL,NEWS,23957,133,2.93,6.49,9.29,17.7,42.4,82.6,1,1,MEDIUM,MEDIUM,1,85,1,0,SLOW,ADVANCED,99.9,0,WEEKEND,0,0,0,1,4
WH-02162,LIVE_URL,API_SERVICE,1212829,3434,31.59,1808.0,2386.56,229.34,29.2,57.5,1,0,MEDIUM,VERY_HIGH,0,0,0,0,STABLE,ADVANCED,99.9,0,BUSINESS_HOURS,0,0,1,32,64
WH-02163,PLANNED,SAAS,17180,392,10.3,67.29,234.18,41.12,43.1,,0,1,VERY_HIGH,HIGH,0,0,1,0,RAPID,INTERMEDIATE,99.99,1,SEASONAL,0,0,1,16,32
WH-02164,PLANNED,EDUCATION,40262,56,3.43,3.2,4.45,27.17,523.1,,0,1,HIGH,MEDIUM,1,26,0,1,RAPID,ADVANCED,99.9,0,NORMAL,0,0,1,2,8
WH-02165,PLANNED,MARKETPLACE,29887,326,18.84,102.36,159.69,9.52,23.8,,0,0,HIGH,MEDIUM,1,181,1,0,SLOW,INTERMEDIATE,99.9,0,BUSINESS_HOURS,0,0,0,8,16
WH-02166,NEW_IDEA,SAAS,536358,3724,15.36,953.34,1372.82,219.89,88.1,,0,0,HIGH,HIGH,0,0,1,0,SLOW,INTERMEDIATE,99.9,0,NORMAL,0,1,0,32,64
WH-02167,NEW_IDEA,BLOG,4516,85,3.61,5.11,7.06,29.87,16.6,,0,1,LOW,LOW,0,0,0,0,MEDIUM,BEGINNER,99.95,1,NORMAL,0,0,0,2,4
WH-02168,PLANNED,ECOMMERCE,422151,226,8.31,31.3,47.89,26.22,34.9,,0,1,HIGH,HIGH,0,0,0,0,MEDIUM,BEGINNER,99.99,1,BUSINESS_HOURS,0,0,0,4,8
WH-02169,LIVE_URL,SAAS,1575268,4843,19.09,1540.88,1787.42,240.82,54.7,72.1,1,0,HIGH,HIGH,1,2656,0,0,RAPID,INTERMEDIATE,99.9,0,NORMAL,0,0,1,32,64
WH-02170,NEW_IDEA,API_SERVICE,54851,1490,20.99,521.25,1793.11,203.54,45.3,,0,1,MEDIUM,VERY_HIGH,0,0,0,0,STABLE,INTERMEDIATE,99.9,0,EVENT_DRIVEN,0,1,0,32,64
WH-02171,LIVE_URL,API_SERVICE,408668,291,15.78,76.53,183.68,44.7,41.2,73.6,1,0,MEDIUM,VERY_HIGH,0,0,1,0,MEDIUM,BEGINNER,99.9,0,SEASONAL,0,0,0,16,32
WH-02172,NEW_IDEA,ECOMMERCE,458636,189,16.42,51.72,86.38,32.54,162.0,,0,1,HIGH,HIGH,0,0,1,1,MEDIUM,ADVANCED,99.9,0,BUSINESS_HOURS,0,0,0,4,8
WH-02173,LIVE_URL,EDUCATION,371582,96,8.32,13.31,16.77,54.18,172.3,80.0,1,1,MEDIUM,MEDIUM,1,44,0,1,RAPID,ADVANCED,99.9,0,NORMAL,0,0,1,1,8
WH-02174,PLANNED,SAAS,5179,88,5.4,7.92,9.66,9.66,32.3,,0,1,HIGH,HIGH,1,32,1,0,MEDIUM,BEGINNER,99.95,1,NORMAL,0,0,0,2,16
WH-02175,LIVE_URL,SAAS,100621,1155,16.32,314.16,684.87,96.41,33.0,79.3,1,0,HIGH,VERY_HIGH,0,0,1,0,SLOW,BEGINNER,99.95,1,WEEKEND,0,1,1,32,64
WH-02176,PLANNED,MARKETPLACE,287713,1707,12.01,341.68,1001.14,259.79,218.2,,0,0,HIGH,MEDIUM,1,612,0,1,SLOW,ADVANCED,99.95,1,EVENT_DRIVEN,0,0,0,32,64
WH-02177,LIVE_URL,PORTFOLIO,1287,22,3.03,1.11,1.7,12.15,21.4,56.8,1,1,LOW,MEDIUM,0,0,0,0,MEDIUM,BEGINNER,BASIC,0,NORMAL,0,0,0,1,4
WH-02178,NEW_IDEA,API_SERVICE,9820,280,14.7,68.6,93.3,84.01,50.8,,0,0,MEDIUM,VERY_HIGH,0,0,0,0,MEDIUM,BEGINNER,99.95,1,BUSINESS_HOURS,0,0,0,8,16
WH-02179,NEW_IDEA,BLOG,19952,9,4.37,0.66,1.06,10.86,10.2,,0,0,LOW,LOW,0,0,0,0,MEDIUM,BEGINNER,99.9,0,WEEKEND,0,0,0,2,4
WH-02180,NEW_IDEA,ECOMMERCE,22746,167,10.86,30.23,122.42,22.45,135.8,,0,1,HIGH,HIGH,0,0,0,0,SLOW,INTERMEDIATE,99.9,0,EVENT_DRIVEN,0,0,1,8,16
WH-02181,PLANNED,API_SERVICE,97274,2493,17.18,713.83,1934.48,235.38,22.9,,0,1,MEDIUM,VERY_HIGH,0,0,0,0,RAPID,INTERMEDIATE,99.9,0,SEASONAL,0,1,0,32,64
WH-02182,PLANNED,COMMUNITY,22489,118,5.36,10.54,15.71,8.0,23.1,,0,0,LOW,MEDIUM,0,0,0,0,SLOW,ADVANCED,99.9,0,EVENING,0,0,0,1,4
WH-02183,LIVE_URL,NEWS,32782,821,6.7,91.68,166.85,63.78,10.0,,0,0,MEDIUM,HIGH,0,0,0,0,RAPID,INTERMEDIATE,BASIC,0,EVENING,0,0,0,8,16
WH-02184,LIVE_URL,API_SERVICE,78258,77,27.8,35.68,48.52,45.54,88.1,88.2,1,1,MEDIUM,VERY_HIGH,0,0,0,0,STABLE,ADVANCED,BASIC,0,EVENING,1,0,1,4,8
WH-02185,PLANNED,ECOMMERCE,306360,53,17.97,15.87,25.72,8.37,91.4,,0,1,VERY_HIGH,VERY_HIGH,0,0,1,0,SLOW,BEGINNER,99.95,1,BUSINESS_HOURS,0,0,0,4,16
WH-02186,PLANNED,PORTFOLIO,16869,3,2.47,0.12,0.26,14.2,53.1,,0,0,LOW,LOW,0,0,0,0,STABLE,INTERMEDIATE,99.95,1,WEEKEND,0,0,0,2,4
WH-02187,LIVE_URL,ECOMMERCE,208275,212,12.62,44.59,54.85,98.52,23.7,58.9,1,0,HIGH,HIGH,0,0,1,0,RAPID,BEGINNER,99.95,1,NORMAL,0,0,1,4,16
WH-02188,LIVE_URL,MARKETPLACE,441466,4302,16.65,1193.8,2506.99,176.95,34.8,67.6,1,0,HIGH,HIGH,0,0,0,0,SLOW,ADVANCED,99.9,0,EVENT_DRIVEN,0,0,1,32,64
WH-02189,PLANNED,CORPORATE,2368,65,5.52,5.98,9.03,56.53,223.6,,0,1,LOW,LOW,0,0,0,1,RAPID,INTERMEDIATE,99.99,1,NORMAL,0,0,0,2,4
WH-02190,NEW_IDEA,SAAS,16116,447,6.05,45.07,147.39,35.84,136.1,,0,0,VERY_HIGH,VERY_HIGH,0,0,1,1,SLOW,INTERMEDIATE,BASIC,0,SEASONAL,0,0,1,16,32
WH-02191,NEW_IDEA,SAAS,1219671,3281,6.0,328.1,508.56,53.69,211.3,,0,1,HIGH,MEDIUM,0,0,1,0,MEDIUM,ADVANCED,99.9,0,BUSINESS_HOURS,1,0,0,32,64
WH-02192,PLANNED,BLOG,18781,83,2.86,3.96,5.26,11.75,35.3,,0,0,LOW,LOW,0,0,0,0,SLOW,INTERMEDIATE,99.9,0,NORMAL,0,0,0,1,4
WH-02193,LIVE_URL,SAAS,77579,422,9.44,66.39,118.85,56.25,35.9,68.5,1,0,HIGH,HIGH,1,316,1,0,MEDIUM,INTERMEDIATE,99.9,0,EVENING,0,0,1,8,16
WH-02194,LIVE_URL,NEWS,725138,973,2.1,34.05,70.15,52.02,34.0,,0,0,MEDIUM,MEDIUM,0,0,0,0,SLOW,BEGINNER,99.95,1,EVENT_DRIVEN,0,0,0,2,8
WH-02195,NEW_IDEA,BLOG,68215,6,4.78,0.48,1.04,10.96,15.8,,0,1,LOW,MEDIUM,0,0,0,0,MEDIUM,BEGINNER,99.9,0,WEEKEND,0,0,0,1,4
WH-02196,NEW_IDEA,SAAS,435761,2486,10.44,432.56,609.92,80.53,54.1,,0,1,VERY_HIGH,VERY_HIGH,0,0,1,0,SLOW,INTERMEDIATE,99.5,0,BUSINESS_HOURS,0,0,0,32,64
WH-02197,PLANNED,SAAS,27709,107,8.83,15.75,49.29,18.61,153.5,,0,1,HIGH,HIGH,0,0,0,0,SLOW,INTERMEDIATE,99.9,0,EVENT_DRIVEN,0,0,1,4,8
WH-02198,PLANNED,INTERNAL_BUSINESS,9130,6,9.52,0.95,1.13,18.19,93.5,,0,1,HIGH,MEDIUM,0,0,0,0,MEDIUM,BEGINNER,99.99,1,NORMAL,0,0,1,2,8
WH-02199,LIVE_URL,SAAS,1680801,1372,16.09,367.92,1508.49,287.61,85.2,86.7,1,1,HIGH,HIGH,0,0,1,0,MEDIUM,INTERMEDIATE,99.95,1,EVENT_DRIVEN,1,0,0,32,64
WH-02200,LIVE_URL,SAAS,274649,807,16.67,224.21,340.8,89.61,15.4,68.4,1,0,MEDIUM,HIGH,0,0,1,0,MEDIUM,BEGINNER,99.95,1,NORMAL,0,0,0,16,32
WH-02201,LIVE_URL,MARKETPLACE,273628,5270,16.12,1415.87,2265.4,787.76,53.8,64.6,1,0,MEDIUM,MEDIUM,1,3633,1,0,STABLE,INTERMEDIATE,99.95,1,EVENING,0,0,0,32,64
WH-02202,PLANNED,PORTFOLIO,9235,3,3.37,0.17,0.3,12.4,10.0,,0,0,LOW,LOW,0,0,0,0,RAPID,INTERMEDIATE,99.9,0,EVENING,0,0,0,2,4
WH-02203,NEW_IDEA,SAAS,146210,2552,16.01,680.96,1920.3,370.4,23.1,,0,1,HIGH,HIGH,0,0,0,0,MEDIUM,INTERMEDIATE,99.9,0,SEASONAL,0,1,1,32,64
WH-02204,PLANNED,COMMUNITY,198500,1335,8.14,181.12,284.35,67.49,177.6,,0,0,HIGH,MEDIUM,0,0,0,1,STABLE,ADVANCED,99.9,0,BUSINESS_HOURS,0,0,0,16,32
WH-02205,NEW_IDEA,NEWS,32403,351,6.63,38.79,60.89,60.22,177.4,,0,1,HIGH,HIGH,0,0,0,0,STABLE,BEGINNER,99.9,0,EVENING,0,0,0,2,8
WH-02206,NEW_IDEA,MARKETPLACE,10461,259,13.7,59.14,90.48,54.16,82.6,,0,0,VERY_HIGH,HIGH,0,0,0,0,MEDIUM,ADVANCED,BASIC,0,NORMAL,0,0,1,8,16
WH-02207,NEW_IDEA,ECOMMERCE,609539,2511,5.44,227.66,375.65,120.86,181.8,,0,1,HIGH,MEDIUM,0,0,1,0,RAPID,BEGINNER,99.95,1,WEEKEND,0,0,1,16,32
WH-02208,LIVE_URL,CORPORATE,20557,27,2.62,1.18,3.04,26.51,50.5,82.4,1,0,LOW,LOW,0,0,0,0,RAPID,INTERMEDIATE,99.9,0,SEASONAL,0,1,1,2,4
WH-02209,LIVE_URL,ECOMMERCE,17437,190,5.98,18.94,77.45,72.91,196.3,67.8,1,0,HIGH,HIGH,0,0,0,1,RAPID,BEGINNER,99.9,0,EVENT_DRIVEN,0,0,1,4,8
WH-02210,LIVE_URL,API_SERVICE,397153,4029,27.17,1824.47,3630.69,367.4,232.4,90.5,1,1,HIGH,VERY_HIGH,0,0,0,0,SLOW,INTERMEDIATE,99.5,0,EVENING,0,0,0,32,64
WH-02211,PLANNED,CORPORATE,22334,23,2.48,0.95,1.13,17.02,25.5,,0,1,LOW,LOW,0,0,1,0,STABLE,ADVANCED,99.5,0,NORMAL,0,0,1,2,4
WH-02212,PLANNED,EDUCATION,128795,135,5.51,12.4,15.25,35.4,153.2,,0,1,MEDIUM,MEDIUM,1,46,0,1,MEDIUM,INTERMEDIATE,99.95,1,NORMAL,0,0,1,2,8
WH-02213,LIVE_URL,SAAS,185705,3614,19.74,1189.01,3020.08,427.37,272.9,64.1,1,0,VERY_HIGH,HIGH,0,0,0,0,RAPID,INTERMEDIATE,99.9,0,SEASONAL,0,1,1,32,64
WH-02214,NEW_IDEA,BLOG,15271,11,1.98,0.36,0.63,8.77,51.3,,0,0,LOW,LOW,0,0,0,0,SLOW,INTERMEDIATE,99.9,0,BUSINESS_HOURS,0,0,1,1,4
WH-02215,NEW_IDEA,API_SERVICE,529704,5666,18.04,1703.58,2657.58,551.46,19.4,,0,1,MEDIUM,VERY_HIGH,0,0,1,0,RAPID,ADVANCED,99.95,1,BUSINESS_HOURS,0,1,0,32,64
WH-02216,NEW_IDEA,CORPORATE,3096,48,5.64,4.51,8.26,19.62,15.0,,0,1,LOW,LOW,0,0,0,0,SLOW,INTERMEDIATE,BASIC,0,WEEKEND,0,0,0,1,4
WH-02217,NEW_IDEA,SAAS,1023023,130,17.45,37.81,141.4,44.37,231.0,,0,0,HIGH,HIGH,0,0,1,0,SLOW,BEGINNER,99.9,0,EVENT_DRIVEN,0,0,1,8,16
WH-02218,NEW_IDEA,SAAS,19730,172,18.83,53.98,83.13,41.47,234.6,,0,1,VERY_HIGH,VERY_HIGH,0,0,0,0,RAPID,ADVANCED,99.9,0,NORMAL,0,0,1,8,16
WH-02219,PLANNED,ECOMMERCE,481685,1239,9.81,202.58,249.17,195.72,333.8,,0,0,MEDIUM,HIGH,0,0,1,1,MEDIUM,BEGINNER,99.9,0,NORMAL,0,0,0,16,32
WH-02220,PLANNED,NEWS,80896,70,7.46,8.7,13.93,8.0,112.2,,0,0,MEDIUM,MEDIUM,0,0,0,0,STABLE,ADVANCED,99.5,0,BUSINESS_HOURS,0,0,0,2,4
WH-02221,LIVE_URL,API_SERVICE,635410,3156,31.6,1662.16,2177.43,721.91,115.0,77.8,1,0,MEDIUM,VERY_HIGH,0,0,1,0,MEDIUM,INTERMEDIATE,99.99,1,NORMAL,0,1,0,32,64
WH-02222,LIVE_URL,API_SERVICE,779276,1911,25.22,803.26,2449.93,230.8,14.9,72.7,1,1,MEDIUM,VERY_HIGH,0,0,0,0,RAPID,INTERMEDIATE,99.95,1,SEASONAL,1,1,0,32,64
WH-02223,PLANNED,API_SERVICE,470676,3805,30.85,1956.4,2602.02,227.48,22.2,,0,0,MEDIUM,VERY_HIGH,0,0,0,0,MEDIUM,ADVANCED,99.9,0,NORMAL,0,0,0,32,64
WH-02224,LIVE_URL,SAAS,5126,117,11.01,21.47,62.91,32.57,34.5,49.7,1,1,HIGH,MEDIUM,0,0,0,0,SLOW,INTERMEDIATE,99.9,0,SEASONAL,0,0,1,4,8
WH-02225,LIVE_URL,API_SERVICE,471262,2402,34.1,1365.14,4559.56,2059.9,15.3,71.4,1,0,LOW,VERY_HIGH,0,0,1,0,STABLE,INTERMEDIATE,99.5,0,EVENT_DRIVEN,1,0,0,32,32
WH-02226,LIVE_URL,CORPORATE,52841,20,4.76,1.59,1.98,15.51,10.0,83.0,1,1,LOW,LOW,0,0,0,0,SLOW,INTERMEDIATE,99.5,0,NORMAL,0,0,1,1,4
WH-02227,NEW_IDEA,MARKETPLACE,1021417,2706,11.17,503.77,861.44,104.66,24.5,,0,1,MEDIUM,MEDIUM,1,1232,1,0,RAPID,BEGINNER,99.9,0,BUSINESS_HOURS,0,0,1,32,64
WH-02228,PLANNED,ECOMMERCE,13905,217,6.05,21.88,32.16,36.07,83.5,,0,0,HIGH,HIGH,0,0,0,0,MEDIUM,BEGINNER,99.9,0,EVENING,0,0,0,2,8
WH-02229,LIVE_URL,CORPORATE,19792,25,3.07,1.28,1.48,28.12,12.0,69.7,1,0,LOW,LOW,0,0,0,0,STABLE,INTERMEDIATE,99.9,0,NORMAL,0,0,0,2,4
WH-02230,PLANNED,MEDIA_STREAMING,1265553,1536,5.26,134.66,161.59,55.3,110.4,,0,1,MEDIUM,MEDIUM,1,598,0,1,SLOW,BEGINNER,99.9,0,NORMAL,0,0,0,8,16
WH-02231,PLANNED,PORTFOLIO,695,3,1.85,0.09,0.11,30.89,84.2,,0,0,LOW,LOW,0,0,1,1,RAPID,ADVANCED,99.99,1,NORMAL,0,0,0,2,4
WH-02232,LIVE_URL,MARKETPLACE,1241579,783,6.06,79.08,132.86,105.27,99.4,72.5,1,0,HIGH,HIGH,0,0,1,0,RAPID,BEGINNER,99.95,1,EVENING,0,1,0,8,16
WH-02233,PLANNED,COMMUNITY,8563,28,12.77,5.96,18.89,21.77,93.5,,0,1,MEDIUM,MEDIUM,1,20,0,1,RAPID,INTERMEDIATE,99.5,0,EVENT_DRIVEN,0,0,0,2,8
WH-02234,PLANNED,COMMUNITY,9799,188,4.23,13.25,18.95,8.69,203.9,,0,1,MEDIUM,MEDIUM,0,0,0,1,MEDIUM,BEGINNER,99.9,0,NORMAL,0,0,0,1,8
WH-02235,PLANNED,CORPORATE,75797,68,1.76,1.99,2.89,31.36,27.2,,0,0,LOW,LOW,0,0,0,0,MEDIUM,ADVANCED,99.95,1,NORMAL,0,0,1,2,4
WH-02236,PLANNED,NEWS,528252,1359,6.23,141.11,173.56,46.49,93.7,,0,1,MEDIUM,MEDIUM,0,0,0,0,STABLE,INTERMEDIATE,99.5,0,NORMAL,0,0,1,8,16
WH-02237,PLANNED,SAAS,27379,155,11.26,29.09,36.36,31.8,192.9,,0,0,VERY_HIGH,HIGH,1,109,0,0,RAPID,INTERMEDIATE,99.95,1,NORMAL,0,0,1,4,16
WH-02238,NEW_IDEA,CORPORATE,2770,19,2.3,0.73,0.97,24.14,187.0,,0,0,LOW,LOW,0,0,1,1,SLOW,INTERMEDIATE,99.99,1,BUSINESS_HOURS,0,0,1,2,4
WH-02239,LIVE_URL,ECOMMERCE,19033,196,16.41,53.61,72.37,57.67,135.0,51.7,1,0,HIGH,HIGH,0,0,1,0,SLOW,INTERMEDIATE,99.5,0,NORMAL,0,0,1,4,8
WH-02240,LIVE_URL,MARKETPLACE,190754,2758,18.43,847.17,1524.9,242.99,430.5,86.7,1,0,HIGH,HIGH,0,0,0,1,MEDIUM,ADVANCED,99.5,0,BUSINESS_HOURS,0,0,1,32,64
WH-02241,LIVE_URL,EDUCATION,241461,38,3.56,2.25,6.34,15.37,44.0,78.9,1,0,LOW,MEDIUM,0,0,0,0,RAPID,INTERMEDIATE,99.5,0,SEASONAL,0,0,0,1,4
WH-02242,PLANNED,MARKETPLACE,1022893,5331,17.61,1564.65,2816.37,873.44,158.5,,0,1,HIGH,VERY_HIGH,0,0,0,0,MEDIUM,ADVANCED,99.95,1,BUSINESS_HOURS,1,1,1,32,64
WH-02243,PLANNED,SAAS,621381,211,21.46,75.47,201.5,72.66,171.6,,0,0,HIGH,HIGH,0,0,0,0,SLOW,ADVANCED,99.9,0,EVENT_DRIVEN,0,0,1,16,32
WH-02244,PLANNED,SAAS,44244,138,11.64,26.77,41.23,50.92,57.4,,0,1,MEDIUM,HIGH,0,0,1,0,RAPID,BEGINNER,99.9,0,EVENING,0,0,0,2,8
WH-02245,NEW_IDEA,API_SERVICE,761367,981,13.71,224.16,887.67,183.2,11.4,,0,1,MEDIUM,VERY_HIGH,1,604,0,0,RAPID,ADVANCED,99.9,0,EVENT_DRIVEN,1,0,0,32,64
WH-02246,NEW_IDEA,SAAS,690962,6328,17.01,1793.99,4197.93,697.7,209.8,,0,0,HIGH,HIGH,1,2663,1,1,MEDIUM,INTERMEDIATE,99.9,0,EVENT_DRIVEN,0,1,0,32,64
WH-02247,LIVE_URL,MARKETPLACE,16967,45,11.2,8.4,28.06,31.4,180.5,46.9,1,0,HIGH,VERY_HIGH,0,0,0,0,RAPID,ADVANCED,99.5,0,EVENT_DRIVEN,0,0,0,2,8
WH-02248,LIVE_URL,MARKETPLACE,36198,61,17.69,17.98,23.2,24.45,28.4,86.2,1,0,HIGH,HIGH,0,0,0,0,STABLE,BEGINNER,99.95,1,NORMAL,0,0,1,2,8
WH-02249,PLANNED,MEDIA_STREAMING,40774,91,2.7,4.1,15.11,18.44,103.1,,0,0,MEDIUM,MEDIUM,0,0,1,1,MEDIUM,BEGINNER,99.9,0,EVENT_DRIVEN,0,0,0,1,8
WH-02250,LIVE_URL,MARKETPLACE,77526,305,9.22,46.87,157.01,22.66,22.0,58.2,1,0,HIGH,HIGH,0,0,1,0,SLOW,BEGINNER,99.99,1,EVENT_DRIVEN,0,0,0,8,16
WH-02251,PLANNED,SAAS,384090,4363,17.05,1239.82,2938.37,419.89,46.1,,0,1,HIGH,HIGH,0,0,1,0,MEDIUM,INTERMEDIATE,99.9,0,EVENT_DRIVEN,0,0,0,32,64
WH-02252,LIVE_URL,CORPORATE,47340,149,3.09,7.67,12.35,11.04,54.0,56.2,1,0,LOW,LOW,0,0,0,0,SLOW,BEGINNER,99.9,0,BUSINESS_HOURS,0,0,1,2,4
WH-02253,LIVE_URL,NEWS,26034,92,7.43,11.39,27.34,23.46,69.6,82.6,1,1,HIGH,MEDIUM,0,0,0,0,MEDIUM,INTERMEDIATE,99.95,1,SEASONAL,0,0,0,2,8
WH-02254,LIVE_URL,PORTFOLIO,1447,8,1.73,0.23,0.31,26.11,164.6,78.2,1,1,LOW,LOW,0,0,0,1,STABLE,INTERMEDIATE,99.5,0,NORMAL,0,0,0,2,4
WH-02255,PLANNED,SAAS,563397,6119,9.4,958.64,1629.69,231.87,69.7,,0,1,HIGH,MEDIUM,1,2935,1,0,MEDIUM,INTERMEDIATE,99.9,0,BUSINESS_HOURS,1,0,1,32,64
WH-02256,LIVE_URL,EDUCATION,3857,86,7.78,11.15,15.05,8.0,44.0,62.8,1,1,MEDIUM,MEDIUM,0,0,0,0,MEDIUM,BEGINNER,99.99,1,BUSINESS_HOURS,0,0,0,2,8
WH-02257,LIVE_URL,SAAS,363227,6974,11.67,1356.44,1926.15,489.46,196.0,65.3,1,0,VERY_HIGH,HIGH,0,0,1,0,SLOW,BEGINNER,99.95,1,EVENING,1,0,1,32,64
WH-02258,NEW_IDEA,SAAS,1212173,2284,18.22,693.57,1484.25,133.44,27.5,,0,1,HIGH,HIGH,0,0,1,0,MEDIUM,ADVANCED,99.99,1,WEEKEND,0,1,1,32,64
WH-02259,LIVE_URL,MEDIA_STREAMING,216423,499,4.09,34.02,44.9,47.79,307.5,56.2,1,1,MEDIUM,HIGH,1,312,0,1,SLOW,BEGINNER,99.5,0,NORMAL,0,0,0,2,8
WH-02260,PLANNED,SAAS,176949,3194,13.92,741.01,2423.1,226.12,55.9,,0,1,HIGH,MEDIUM,0,0,0,0,MEDIUM,INTERMEDIATE,99.9,0,EVENT_DRIVEN,0,0,1,32,64
WH-02261,NEW_IDEA,PORTFOLIO,5494,9,3.48,0.52,0.62,20.23,136.5,,0,0,LOW,LOW,0,0,0,1,MEDIUM,BEGINNER,99.99,1,NORMAL,0,0,0,2,4
WH-02262,LIVE_URL,BLOG,40870,12,2.14,0.43,0.81,15.56,12.8,70.7,1,0,LOW,LOW,0,0,1,0,SLOW,INTERMEDIATE,99.9,0,SEASONAL,0,0,0,2,4
WH-02263,PLANNED,INTERNAL_BUSINESS,7827,3,9.27,0.46,1.2,8.0,30.0,,0,0,HIGH,MEDIUM,0,0,0,0,SLOW,BEGINNER,99.5,0,EVENT_DRIVEN,0,1,1,2,8
WH-02264,LIVE_URL,PORTFOLIO,6556,42,3.97,2.78,4.03,27.25,61.3,63.9,1,0,LOW,LOW,0,0,0,0,RAPID,BEGINNER,99.95,1,NORMAL,0,0,1,2,4
WH-02265,LIVE_URL,MEDIA_STREAMING,189803,1159,3.32,64.13,91.71,17.21,19.6,92.1,1,0,LOW,MEDIUM,0,0,0,1,MEDIUM,ADVANCED,99.9,0,NORMAL,0,0,1,4,8
WH-02266,NEW_IDEA,MARKETPLACE,468654,5854,14.37,1402.03,3364.88,297.76,125.9,,0,0,HIGH,HIGH,0,0,1,0,SLOW,BEGINNER,BASIC,0,SEASONAL,0,1,0,32,64
WH-02267,PLANNED,NEWS,1136987,1571,2.05,53.68,78.9,43.58,10.0,,0,0,LOW,LOW,0,0,0,0,MEDIUM,INTERMEDIATE,99.5,0,BUSINESS_HOURS,0,0,1,2,8
WH-02268,NEW_IDEA,PORTFOLIO,779,2,3.98,0.13,0.28,8.0,10.0,,0,0,LOW,LOW,0,0,0,0,SLOW,BEGINNER,99.95,1,WEEKEND,0,0,1,2,4
WH-02269,NEW_IDEA,SAAS,1423707,6277,19.99,2091.29,5897.43,1460.57,27.7,,0,0,HIGH,HIGH,0,0,1,0,MEDIUM,ADVANCED,99.9,0,SEASONAL,1,1,1,32,64
WH-02270,PLANNED,SAAS,620805,4964,23.57,1950.02,2476.53,325.31,28.6,,0,1,MEDIUM,MEDIUM,0,0,1,0,RAPID,INTERMEDIATE,99.5,0,NORMAL,0,1,0,32,64
WH-02271,NEW_IDEA,API_SERVICE,9964,117,20.54,40.05,66.49,15.66,91.3,,0,1,MEDIUM,VERY_HIGH,0,0,1,0,MEDIUM,ADVANCED,99.99,1,BUSINESS_HOURS,0,0,0,8,16
WH-02272,PLANNED,SAAS,22692,190,20.08,63.59,140.53,14.94,22.6,,0,0,HIGH,VERY_HIGH,1,120,1,0,SLOW,INTERMEDIATE,99.9,0,EVENT_DRIVEN,0,0,0,16,32
WH-02273,NEW_IDEA,MARKETPLACE,383723,1900,5.27,166.88,255.33,63.1,13.5,,0,0,MEDIUM,HIGH,0,0,1,0,MEDIUM,BEGINNER,99.9,0,BUSINESS_HOURS,0,0,0,16,32
WH-02274,LIVE_URL,NEWS,1930018,2560,4.54,193.71,280.87,64.69,317.5,84.0,1,1,HIGH,MEDIUM,0,0,0,1,MEDIUM,BEGINNER,99.9,0,NORMAL,0,0,0,16,32
WH-02275,LIVE_URL,SAAS,1551436,5190,6.3,544.95,2092.61,429.17,133.2,70.2,1,0,HIGH,HIGH,0,0,1,0,RAPID,INTERMEDIATE,99.99,1,EVENT_DRIVEN,0,0,1,32,64
WH-02276,LIVE_URL,COMMUNITY,30652,599,4.78,47.72,73.01,33.54,92.6,63.5,1,0,HIGH,MEDIUM,1,239,0,0,SLOW,INTERMEDIATE,BASIC,0,NORMAL,0,0,1,4,8
WH-02277,NEW_IDEA,MARKETPLACE,53457,160,8.64,23.04,29.03,21.73,110.5,,0,1,HIGH,MEDIUM,0,0,1,0,MEDIUM,ADVANCED,99.9,0,NORMAL,0,0,0,2,8
WH-02278,NEW_IDEA,MARKETPLACE,293650,4330,5.91,426.5,1390.41,334.73,68.5,,0,1,HIGH,HIGH,0,0,1,0,RAPID,INTERMEDIATE,99.95,1,EVENT_DRIVEN,0,1,1,32,64
WH-02279,LIVE_URL,BLOG,37217,109,1.77,3.22,4.34,33.05,36.5,76.2,1,0,LOW,LOW,0,0,0,0,RAPID,BEGINNER,BASIC,0,NORMAL,0,0,0,1,4
WH-02280,PLANNED,MARKETPLACE,15382,88,6.3,9.24,12.47,119.15,215.5,,0,0,HIGH,HIGH,0,0,1,1,SLOW,INTERMEDIATE,99.9,0,WEEKEND,0,0,0,2,8
WH-02281,PLANNED,CORPORATE,3528,39,5.55,3.61,11.18,18.84,50.7,,0,1,LOW,MEDIUM,0,0,1,0,STABLE,BEGINNER,99.9,0,EVENT_DRIVEN,0,0,0,2,4
WH-02282,LIVE_URL,BLOG,29079,72,2.56,3.07,3.66,8.0,77.7,77.8,1,0,LOW,LOW,0,0,1,0,SLOW,INTERMEDIATE,BASIC,0,NORMAL,0,0,0,2,4
WH-02283,PLANNED,ECOMMERCE,254557,856,5.4,77.04,142.52,54.22,27.1,,0,0,MEDIUM,HIGH,0,0,1,0,RAPID,INTERMEDIATE,99.95,1,WEEKEND,0,1,0,8,16
WH-02284,LIVE_URL,MARKETPLACE,65931,347,7.32,42.33,65.62,35.8,63.1,77.7,1,0,MEDIUM,HIGH,0,0,0,0,MEDIUM,INTERMEDIATE,99.95,1,WEEKEND,0,0,1,4,8
WH-02285,PLANNED,PORTFOLIO,11477,36,3.1,1.86,3.52,18.09,167.6,,0,0,LOW,LOW,0,0,0,1,RAPID,INTERMEDIATE,99.5,0,SEASONAL,0,0,1,1,4
WH-02286,PLANNED,COMMUNITY,44695,303,4.02,20.3,32.89,24.19,50.6,,0,1,HIGH,MEDIUM,1,161,0,0,STABLE,INTERMEDIATE,99.95,1,WEEKEND,0,0,1,2,16
WH-02287,LIVE_URL,ECOMMERCE,24426,143,17.65,42.07,80.77,36.2,32.2,87.3,1,0,HIGH,MEDIUM,0,0,1,0,MEDIUM,INTERMEDIATE,99.9,0,BUSINESS_HOURS,0,0,0,4,8
WH-02288,LIVE_URL,MEDIA_STREAMING,287500,83,2.85,3.94,7.73,10.1,126.5,72.9,1,1,LOW,MEDIUM,0,0,0,1,MEDIUM,BEGINNER,99.5,0,BUSINESS_HOURS,0,0,0,2,4
WH-02289,PLANNED,BLOG,45536,17,2.84,0.8,1.3,58.3,26.7,,0,1,LOW,MEDIUM,0,0,0,0,RAPID,INTERMEDIATE,BASIC,0,BUSINESS_HOURS,0,0,1,1,4
WH-02290,LIVE_URL,ECOMMERCE,239594,57,13.35,12.68,17.63,31.65,42.0,72.1,1,0,HIGH,VERY_HIGH,0,0,1,0,SLOW,BEGINNER,99.9,0,BUSINESS_HOURS,0,0,1,1,8
WH-02291,PLANNED,SAAS,421104,1239,15.07,311.2,417.0,91.23,134.0,,0,1,HIGH,MEDIUM,0,0,1,1,RAPID,BEGINNER,99.9,0,WEEKEND,0,0,1,32,64
WH-02292,LIVE_URL,SAAS,225277,6733,12.89,1446.47,2184.17,126.55,141.2,39.0,1,1,HIGH,HIGH,0,0,1,0,STABLE,INTERMEDIATE,99.9,0,BUSINESS_HOURS,0,0,0,32,64
WH-02293,PLANNED,MARKETPLACE,421835,5170,18.73,1613.9,4761.01,518.68,56.9,,0,0,HIGH,VERY_HIGH,0,0,1,0,SLOW,INTERMEDIATE,99.5,0,EVENT_DRIVEN,0,1,0,32,64
WH-02294,PLANNED,ECOMMERCE,232568,50,16.56,13.8,41.12,15.73,101.5,,0,0,HIGH,MEDIUM,0,0,0,0,RAPID,BEGINNER,99.9,0,SEASONAL,0,0,0,2,8
WH-02295,NEW_IDEA,SAAS,29787,516,21.04,180.94,629.69,169.0,320.4,,0,1,HIGH,VERY_HIGH,0,0,0,1,RAPID,INTERMEDIATE,99.99,1,EVENT_DRIVEN,0,0,1,32,64
WH-02296,PLANNED,ECOMMERCE,55861,141,9.7,22.79,95.51,31.25,18.8,,0,0,HIGH,HIGH,1,118,1,0,RAPID,BEGINNER,99.9,0,EVENT_DRIVEN,0,0,0,8,16
WH-02297,PLANNED,ECOMMERCE,613420,152,12.18,30.86,47.83,34.8,201.4,,0,0,HIGH,HIGH,0,0,0,0,MEDIUM,BEGINNER,99.9,0,BUSINESS_HOURS,1,0,0,4,8
WH-02298,NEW_IDEA,SAAS,587465,3414,18.16,1033.3,1425.96,361.02,48.9,,0,0,HIGH,HIGH,0,0,1,0,SLOW,ADVANCED,99.95,1,BUSINESS_HOURS,0,1,1,32,64
WH-02299,PLANNED,SAAS,101074,951,14.57,230.93,392.59,67.23,114.8,,0,1,HIGH,VERY_HIGH,0,0,1,0,STABLE,BEGINNER,99.95,1,BUSINESS_HOURS,0,1,1,32,64
WH-02300,NEW_IDEA,BLOG,6388,73,3.75,4.56,6.16,22.36,57.3,,0,1,LOW,MEDIUM,0,0,0,0,RAPID,INTERMEDIATE,99.5,0,BUSINESS_HOURS,0,0,1,2,4
WH-02301,LIVE_URL,API_SERVICE,280651,589,20.1,197.32,272.29,49.9,63.3,90.9,1,0,MEDIUM,VERY_HIGH,0,0,0,0,MEDIUM,BEGINNER,99.9,0,NORMAL,0,1,1,16,32
WH-02302,NEW_IDEA,MARKETPLACE,10371,272,14.75,66.87,104.98,34.62,56.9,,0,0,HIGH,MEDIUM,0,0,0,0,RAPID,BEGINNER,99.95,1,BUSINESS_HOURS,0,0,1,8,16
WH-02303,LIVE_URL,API_SERVICE,300434,2801,10.91,509.32,1314.03,245.11,66.2,70.3,1,0,MEDIUM,HIGH,0,0,0,0,MEDIUM,ADVANCED,99.9,0,SEASONAL,0,1,0,32,64
WH-02304,LIVE_URL,SAAS,1166282,5185,12.64,1092.31,1299.84,87.88,167.1,,0,0,VERY_HIGH,HIGH,0,0,0,0,MEDIUM,BEGINNER,99.9,0,NORMAL,1,1,1,32,64
WH-02305,LIVE_URL,COMMUNITY,3883,77,13.86,17.79,30.77,15.64,40.2,84.9,1,1,LOW,MEDIUM,1,57,0,0,STABLE,INTERMEDIATE,99.99,1,BUSINESS_HOURS,0,0,0,2,4
WH-02306,PLANNED,CORPORATE,97607,5,5.35,0.45,1.44,8.0,17.8,,0,0,LOW,LOW,0,0,0,0,SLOW,BEGINNER,99.9,0,EVENT_DRIVEN,0,0,0,2,4
WH-02307,LIVE_URL,API_SERVICE,267700,5894,22.32,2192.57,3266.93,1145.23,75.7,,0,0,MEDIUM,VERY_HIGH,0,0,1,0,MEDIUM,BEGINNER,99.95,1,NORMAL,0,0,0,32,64
WH-02308,LIVE_URL,COMMUNITY,103097,110,13.42,24.6,33.21,49.83,42.8,86.8,1,1,HIGH,MEDIUM,1,83,0,0,SLOW,ADVANCED,BASIC,0,EVENING,0,0,1,2,8
WH-02309,NEW_IDEA,ECOMMERCE,116405,56,6.46,6.03,10.91,139.26,583.2,,0,0,HIGH,HIGH,0,0,0,1,MEDIUM,INTERMEDIATE,99.9,0,BUSINESS_HOURS,0,0,0,1,8
WH-02310,LIVE_URL,SAAS,11295,249,19.58,81.26,98.32,47.88,102.3,84.7,1,1,HIGH,MEDIUM,0,0,1,0,RAPID,BEGINNER,99.95,1,NORMAL,0,0,1,8,16
WH-02311,PLANNED,CORPORATE,3264,33,4.24,2.33,4.03,15.42,41.4,,0,1,LOW,LOW,0,0,1,0,RAPID,BEGINNER,99.9,0,BUSINESS_HOURS,0,0,0,1,4
WH-02312,PLANNED,SAAS,174899,165,8.6,23.65,27.67,33.1,46.7,,0,1,HIGH,HIGH,0,0,0,0,RAPID,INTERMEDIATE,99.95,1,NORMAL,0,0,1,2,8
WH-02313,PLANNED,MEDIA_STREAMING,153852,2075,6.63,229.29,520.48,148.97,186.3,,0,1,MEDIUM,LOW,1,783,1,1,MEDIUM,INTERMEDIATE,99.5,0,EVENT_DRIVEN,0,1,1,32,64
WH-02314,LIVE_URL,COMMUNITY,56175,225,11.49,43.09,112.03,44.79,13.6,91.1,1,0,MEDIUM,MEDIUM,0,0,0,0,SLOW,BEGINNER,BASIC,0,EVENT_DRIVEN,0,1,0,4,8
WH-02315,PLANNED,SAAS,5788,172,15.99,45.84,88.47,58.83,81.2,,0,0,VERY_HIGH,HIGH,1,36,0,0,SLOW,BEGINNER,99.95,1,WEEKEND,0,0,0,8,16
WH-02316,PLANNED,SAAS,21480,45,11.45,8.59,11.68,51.11,33.5,,0,0,HIGH,HIGH,0,0,1,0,MEDIUM,ADVANCED,99.9,0,NORMAL,0,0,0,2,8
WH-02317,LIVE_URL,ECOMMERCE,12819,155,5.95,15.37,53.34,70.32,257.9,76.5,1,1,HIGH,HIGH,0,0,0,0,SLOW,INTERMEDIATE,99.99,1,EVENT_DRIVEN,0,0,1,4,8
WH-02318,NEW_IDEA,MARKETPLACE,144625,3714,17.26,1068.39,1709.43,264.79,169.0,,0,1,HIGH,VERY_HIGH,1,1373,0,1,SLOW,ADVANCED,99.5,0,WEEKEND,0,0,1,32,64
WH-02319,LIVE_URL,BLOG,3812,19,2.14,0.68,2.16,13.24,10.0,53.2,1,0,LOW,LOW,0,0,0,0,STABLE,INTERMEDIATE,99.95,1,SEASONAL,0,0,0,2,4
WH-02320,PLANNED,CORPORATE,80564,15,4.21,1.05,1.42,16.21,77.1,,0,1,LOW,LOW,0,0,0,0,STABLE,ADVANCED,99.5,0,NORMAL,0,0,0,1,4
WH-02321,LIVE_URL,API_SERVICE,7819,134,30.61,68.36,227.65,80.31,11.9,87.0,1,1,MEDIUM,HIGH,0,0,0,0,MEDIUM,INTERMEDIATE,99.5,0,EVENT_DRIVEN,0,0,0,16,32
WH-02322,LIVE_URL,CORPORATE,19709,31,2.89,1.49,3.61,14.58,16.7,99.0,1,0,LOW,LOW,0,0,0,0,SLOW,ADVANCED,99.9,0,EVENT_DRIVEN,0,0,0,1,4
WH-02323,LIVE_URL,BLOG,9817,114,3.93,7.47,8.59,22.2,71.9,,0,1,LOW,MEDIUM,0,0,0,1,MEDIUM,BEGINNER,99.9,0,NORMAL,0,0,1,2,4
WH-02324,PLANNED,CORPORATE,4085,11,2.96,0.54,0.75,39.83,16.3,,0,0,LOW,LOW,0,0,0,0,RAPID,ADVANCED,99.95,1,NORMAL,0,1,1,2,4
WH-02325,PLANNED,MARKETPLACE,436690,4210,13.46,944.44,2606.66,331.01,436.4,,0,1,HIGH,MEDIUM,0,0,0,1,RAPID,BEGINNER,BASIC,0,SEASONAL,0,1,0,32,64
WH-02326,PLANNED,INTERNAL_BUSINESS,20279,6,7.69,0.77,2.84,20.21,22.7,,0,0,LOW,HIGH,0,0,0,0,STABLE,ADVANCED,99.5,0,EVENT_DRIVEN,0,0,1,1,4
WH-02327,PLANNED,API_SERVICE,229078,4952,21.91,1808.31,2784.79,589.84,16.9,,0,0,MEDIUM,VERY_HIGH,0,0,1,0,MEDIUM,BEGINNER,99.9,0,NORMAL,1,0,1,32,64
WH-02328,LIVE_URL,PORTFOLIO,2084,3,3.27,0.16,0.24,79.84,72.3,74.8,1,0,LOW,LOW,0,0,0,0,RAPID,INTERMEDIATE,99.95,1,NORMAL,0,0,1,2,4
WH-02329,LIVE_URL,API_SERVICE,765738,2360,27.33,1074.98,4138.67,346.95,14.4,59.9,1,0,MEDIUM,VERY_HIGH,1,836,1,0,RAPID,BEGINNER,BASIC,0,EVENT_DRIVEN,0,1,1,32,64
WH-02330,LIVE_URL,NEWS,101227,96,8.94,14.3,16.45,58.78,71.5,60.7,1,1,MEDIUM,LOW,0,0,0,1,MEDIUM,ADVANCED,99.5,0,NORMAL,0,0,0,1,8
WH-02331,PLANNED,BLOG,20351,14,3.31,0.77,1.48,10.13,16.2,,0,0,LOW,LOW,0,0,0,0,RAPID,INTERMEDIATE,99.5,0,EVENING,0,0,1,1,4
WH-02332,PLANNED,SAAS,604608,3510,21.19,1239.62,3879.99,370.71,57.1,,0,0,HIGH,HIGH,1,1034,0,0,RAPID,ADVANCED,99.9,0,SEASONAL,0,0,1,32,64
WH-02333,LIVE_URL,COMMUNITY,4722,46,11.35,8.7,15.14,20.35,62.8,81.0,1,0,MEDIUM,MEDIUM,0,0,0,0,MEDIUM,INTERMEDIATE,99.9,0,BUSINESS_HOURS,0,0,0,1,4
WH-02334,PLANNED,SAAS,499375,5829,9.72,944.3,1775.28,122.57,247.5,,0,0,MEDIUM,HIGH,0,0,1,1,SLOW,INTERMEDIATE,99.9,0,BUSINESS_HOURS,0,1,0,32,64
WH-02335,PLANNED,API_SERVICE,339307,2476,16.9,697.41,2685.02,544.87,33.8,,0,1,HIGH,VERY_HIGH,0,0,0,0,STABLE,INTERMEDIATE,99.9,0,EVENT_DRIVEN,0,0,1,32,64
WH-02336,PLANNED,NEWS,111043,71,5.35,6.33,26.08,20.49,34.8,,0,0,MEDIUM,HIGH,0,0,0,0,STABLE,BEGINNER,99.9,0,EVENT_DRIVEN,0,0,0,1,4
WH-02337,LIVE_URL,CORPORATE,4494,52,5.75,4.98,7.92,14.82,36.5,75.5,1,1,LOW,LOW,0,0,0,1,SLOW,INTERMEDIATE,99.9,0,EVENING,0,1,0,2,4
WH-02338,PLANNED,NEWS,46463,396,6.31,41.65,75.38,23.47,81.0,,0,1,LOW,MEDIUM,0,0,0,1,MEDIUM,BEGINNER,99.9,0,WEEKEND,0,0,0,2,4
WH-02339,LIVE_URL,SAAS,238048,3237,13.96,753.14,1265.28,282.07,61.6,98.1,1,0,MEDIUM,VERY_HIGH,1,1258,1,0,STABLE,INTERMEDIATE,99.95,1,EVENING,0,1,0,32,64
WH-02340,PLANNED,ECOMMERCE,218159,461,14.88,114.33,205.79,67.11,59.9,,0,0,HIGH,HIGH,0,0,0,0,MEDIUM,INTERMEDIATE,BASIC,0,SEASONAL,0,0,1,8,16
WH-02341,PLANNED,SAAS,17518,511,10.1,86.02,130.75,38.42,111.5,,0,1,MEDIUM,HIGH,0,0,1,0,RAPID,INTERMEDIATE,99.99,1,BUSINESS_HOURS,0,0,0,8,16
WH-02342,LIVE_URL,COMMUNITY,99463,2122,9.42,333.15,1096.08,115.78,35.2,,0,0,HIGH,MEDIUM,0,0,0,0,MEDIUM,BEGINNER,99.5,0,SEASONAL,0,0,1,32,64
WH-02343,NEW_IDEA,EDUCATION,96730,1134,8.74,165.19,599.63,94.08,52.7,,0,1,MEDIUM,MEDIUM,1,595,0,0,RAPID,BEGINNER,BASIC,0,EVENT_DRIVEN,0,0,0,32,64
WH-02344,LIVE_URL,SAAS,1658292,41,16.3,11.14,21.5,137.19,1423.8,59.9,1,0,HIGH,HIGH,1,34,1,1,MEDIUM,INTERMEDIATE,99.9,0,EVENING,0,0,0,2,8
WH-02345,PLANNED,SAAS,706684,3919,18.04,1178.31,2262.36,526.83,41.5,,0,1,HIGH,HIGH,0,0,1,0,RAPID,INTERMEDIATE,99.95,1,EVENING,0,0,1,32,64
WH-02346,PLANNED,SAAS,648649,6476,19.56,2111.18,6544.65,722.38,33.5,,0,0,HIGH,HIGH,0,0,0,0,STABLE,ADVANCED,99.9,0,SEASONAL,1,0,1,32,64
WH-02347,LIVE_URL,INTERNAL_BUSINESS,1090,22,5.64,2.07,6.51,20.4,30.9,78.4,1,0,MEDIUM,MEDIUM,0,0,0,0,SLOW,ADVANCED,99.5,0,EVENT_DRIVEN,0,0,0,2,4
WH-02348,LIVE_URL,PORTFOLIO,9876,17,3.11,0.88,1.29,25.23,74.2,93.3,1,1,LOW,LOW,0,0,0,1,MEDIUM,INTERMEDIATE,99.95,1,BUSINESS_HOURS,0,0,0,2,4
WH-02349,NEW_IDEA,MARKETPLACE,872053,129,7.55,16.23,19.64,35.76,39.8,,0,1,HIGH,HIGH,1,90,1,0,SLOW,ADVANCED,BASIC,0,NORMAL,0,0,0,1,8
WH-02350,LIVE_URL,ECOMMERCE,117997,306,7.95,40.55,60.01,27.03,50.1,72.1,1,0,HIGH,MEDIUM,0,0,0,0,RAPID,ADVANCED,99.9,0,WEEKEND,0,0,1,2,8
WH-02351,PLANNED,MEDIA_STREAMING,11915,307,3.13,16.02,51.25,63.39,203.1,,0,0,LOW,MEDIUM,0,0,0,1,STABLE,BEGINNER,99.9,0,EVENT_DRIVEN,0,0,0,2,4
WH-02352,LIVE_URL,SAAS,315497,25,20.07,8.36,33.78,16.29,32.6,82.1,1,0,HIGH,VERY_HIGH,1,12,0,0,MEDIUM,BEGINNER,99.99,1,EVENT_DRIVEN,0,0,0,4,8
WH-02353,PLANNED,MARKETPLACE,446773,5894,13.41,1317.31,3108.85,452.81,196.4,,0,1,HIGH,HIGH,0,0,1,1,MEDIUM,ADVANCED,99.9,0,SEASONAL,0,1,0,32,64
WH-02354,PLANNED,MARKETPLACE,71722,983,13.12,214.95,543.82,164.4,52.7,,0,0,MEDIUM,HIGH,1,758,0,0,SLOW,INTERMEDIATE,99.95,1,SEASONAL,0,0,0,32,64
WH-02355,LIVE_URL,SAAS,800091,4986,18.21,1513.25,1967.23,604.21,43.1,71.1,1,0,HIGH,HIGH,0,0,0,0,MEDIUM,INTERMEDIATE,99.5,0,BUSINESS_HOURS,0,1,1,32,64
WH-02356,PLANNED,CORPORATE,12850,24,2.47,0.99,1.99,8.0,45.1,,0,1,LOW,MEDIUM,0,0,0,1,MEDIUM,INTERMEDIATE,99.9,0,EVENING,0,0,1,2,4
WH-02357,LIVE_URL,API_SERVICE,77399,1164,33.59,651.65,1205.55,65.92,31.7,79.1,1,0,MEDIUM,VERY_HIGH,0,0,1,0,STABLE,BEGINNER,99.99,1,BUSINESS_HOURS,0,1,1,32,64
WH-02358,LIVE_URL,API_SERVICE,265023,4644,29.43,2277.88,3621.83,230.85,10.0,,0,0,LOW,VERY_HIGH,0,0,0,0,MEDIUM,INTERMEDIATE,99.95,1,WEEKEND,0,0,0,32,32
WH-02359,LIVE_URL,CORPORATE,2803,5,4.61,0.38,0.74,19.57,64.7,68.0,1,0,LOW,LOW,0,0,0,0,MEDIUM,BEGINNER,99.95,1,BUSINESS_HOURS,0,0,0,2,4
WH-02360,NEW_IDEA,CORPORATE,101979,10,1.92,0.32,0.72,17.35,37.6,,0,1,LOW,MEDIUM,0,0,0,0,RAPID,BEGINNER,99.95,1,EVENT_DRIVEN,0,1,0,2,4
WH-02361,PLANNED,SAAS,34825,467,20.13,156.68,313.36,188.89,67.1,,0,0,MEDIUM,HIGH,0,0,0,0,RAPID,BEGINNER,99.9,0,BUSINESS_HOURS,0,0,0,16,32
WH-02362,LIVE_URL,BLOG,11956,50,4.75,3.96,6.85,8.0,35.4,77.0,1,0,LOW,LOW,0,0,0,0,RAPID,BEGINNER,99.5,0,EVENING,0,0,1,2,4
WH-02363,LIVE_URL,SAAS,792498,6815,15.63,1775.31,2148.12,556.69,39.8,70.6,1,1,MEDIUM,HIGH,1,4442,0,0,RAPID,ADVANCED,99.9,0,NORMAL,0,0,1,32,64
WH-02364,NEW_IDEA,COMMUNITY,288563,364,11.87,72.01,104.42,60.17,106.9,,0,0,MEDIUM,MEDIUM,1,152,1,1,SLOW,BEGINNER,BASIC,0,EVENING,0,0,0,4,8
WH-02365,LIVE_URL,ECOMMERCE,54874,131,10.22,22.31,27.22,66.61,288.1,44.2,1,0,VERY_HIGH,HIGH,0,0,1,1,RAPID,INTERMEDIATE,99.95,1,NORMAL,0,0,0,4,16
WH-02366,NEW_IDEA,SAAS,13584,404,12.55,84.5,115.77,42.81,88.8,,0,0,HIGH,HIGH,1,289,0,0,STABLE,ADVANCED,99.99,1,BUSINESS_HOURS,0,0,0,8,16
WH-02367,NEW_IDEA,MARKETPLACE,127559,238,16.64,66.01,77.23,18.21,46.5,,0,0,HIGH,MEDIUM,0,0,0,0,STABLE,INTERMEDIATE,99.9,0,NORMAL,0,0,1,4,8
WH-02368,NEW_IDEA,SAAS,44226,330,17.42,95.81,177.25,25.79,30.2,,0,0,HIGH,VERY_HIGH,0,0,0,0,STABLE,BEGINNER,99.9,0,EVENING,0,0,1,16,32
WH-02369,PLANNED,BLOG,4474,8,1.98,0.26,0.37,10.05,20.2,,0,0,LOW,LOW,0,0,0,0,MEDIUM,INTERMEDIATE,99.99,1,NORMAL,0,0,0,2,4
WH-02370,PLANNED,BLOG,2849,61,3.93,4.0,6.19,9.98,34.9,,0,0,LOW,LOW,0,0,0,0,MEDIUM,ADVANCED,99.95,1,NORMAL,0,0,0,2,4
WH-02371,NEW_IDEA,API_SERVICE,1145883,36,17.06,10.24,21.39,21.34,10.1,,0,0,MEDIUM,VERY_HIGH,0,0,0,0,STABLE,INTERMEDIATE,99.9,0,EVENT_DRIVEN,0,0,0,2,4
WH-02372,PLANNED,ECOMMERCE,62103,267,5.15,22.92,31.86,29.91,274.6,,0,0,VERY_HIGH,HIGH,0,0,1,0,MEDIUM,BEGINNER,99.9,0,BUSINESS_HOURS,0,0,1,2,16
WH-02373,PLANNED,BLOG,47984,6,4.4,0.44,0.68,21.35,25.6,,0,0,LOW,LOW,0,0,0,1,MEDIUM,BEGINNER,99.5,0,BUSINESS_HOURS,0,0,0,1,4
WH-02374,PLANNED,API_SERVICE,920319,3546,15.72,929.05,2610.64,290.69,59.5,,0,0,MEDIUM,VERY_HIGH,0,0,1,0,SLOW,ADVANCED,99.9,0,SEASONAL,0,0,1,32,64
WH-02375,PLANNED,SAAS,1445350,3420,21.96,1251.72,2052.82,409.1,66.8,,0,1,HIGH,HIGH,1,951,1,0,SLOW,INTERMEDIATE,99.95,1,BUSINESS_HOURS,0,0,1,32,64
WH-02376,NEW_IDEA,SAAS,862760,5362,10.49,937.46,1378.06,464.96,111.6,,0,1,HIGH,HIGH,0,0,0,0,MEDIUM,INTERMEDIATE,99.99,1,EVENING,0,1,1,32,64
WH-02377,NEW_IDEA,API_SERVICE,281333,83,31.62,43.74,173.21,32.91,59.0,,0,0,MEDIUM,VERY_HIGH,0,0,0,0,MEDIUM,BEGINNER,99.9,0,EVENT_DRIVEN,0,0,1,16,32
WH-02378,NEW_IDEA,MARKETPLACE,66769,558,12.4,115.32,178.75,22.32,346.5,,0,1,HIGH,VERY_HIGH,0,0,0,1,STABLE,BEGINNER,99.9,0,NORMAL,0,0,1,16,32
WH-02379,PLANNED,MEDIA_STREAMING,38116,273,4.91,22.34,36.64,15.08,115.5,,0,1,MEDIUM,MEDIUM,0,0,1,1,MEDIUM,INTERMEDIATE,99.99,1,WEEKEND,0,0,1,2,8
WH-02380,LIVE_URL,EDUCATION,4713,73,6.8,8.27,34.0,48.64,116.4,,0,1,MEDIUM,MEDIUM,0,0,0,1,MEDIUM,ADVANCED,99.95,1,EVENT_DRIVEN,0,0,0,2,8
WH-02381,PLANNED,MARKETPLACE,235316,3283,15.62,854.67,2803.33,151.06,301.1,,0,0,HIGH,HIGH,0,0,1,1,STABLE,ADVANCED,99.95,1,EVENT_DRIVEN,0,0,0,32,64
WH-02382,NEW_IDEA,API_SERVICE,447258,133,25.08,55.59,67.27,32.48,23.9,,0,0,MEDIUM,VERY_HIGH,1,83,1,0,SLOW,ADVANCED,99.9,0,NORMAL,0,0,0,8,16
WH-02383,NEW_IDEA,SAAS,578963,1702,20.3,575.84,2130.62,612.16,30.4,,0,0,HIGH,HIGH,1,632,1,0,STABLE,INTERMEDIATE,99.9,0,EVENT_DRIVEN,0,0,1,32,64
WH-02384,PLANNED,SAAS,509091,4094,17.94,1224.11,2264.6,498.22,417.4,,0,1,HIGH,HIGH,0,0,0,1,STABLE,ADVANCED,99.9,0,EVENING,0,0,1,32,64
WH-02385,NEW_IDEA,NEWS,94367,430,7.09,50.81,165.65,37.34,354.4,,0,0,HIGH,HIGH,0,0,1,1,SLOW,INTERMEDIATE,BASIC,0,EVENT_DRIVEN,0,0,1,8,16
WH-02386,NEW_IDEA,INTERNAL_BUSINESS,753,12,7.26,1.45,1.93,18.09,63.9,,0,0,MEDIUM,MEDIUM,0,0,0,0,MEDIUM,BEGINNER,99.9,0,EVENING,0,0,0,2,4
WH-02387,LIVE_URL,MARKETPLACE,596905,63,11.75,12.34,18.01,54.44,190.2,92.6,1,0,HIGH,HIGH,0,0,1,0,SLOW,INTERMEDIATE,99.9,0,NORMAL,1,0,0,2,8
WH-02388,PLANNED,SAAS,173368,4399,13.56,994.17,1859.11,146.39,38.2,,0,0,HIGH,HIGH,0,0,1,0,RAPID,ADVANCED,99.95,1,WEEKEND,0,0,0,32,64
WH-02389,PLANNED,CORPORATE,3690,19,5.03,1.59,2.33,10.96,10.0,,0,0,LOW,MEDIUM,0,0,0,0,STABLE,INTERMEDIATE,BASIC,0,EVENING,0,0,0,1,4
WH-02390,LIVE_URL,SAAS,37075,1084,15.29,276.24,546.95,73.91,61.4,71.2,1,0,HIGH,HIGH,0,0,1,0,MEDIUM,INTERMEDIATE,99.9,0,EVENING,0,0,0,32,64
WH-02391,LIVE_URL,SAAS,79777,1336,18.03,401.47,586.14,147.17,20.0,52.9,1,1,MEDIUM,HIGH,0,0,1,0,RAPID,ADVANCED,99.95,1,WEEKEND,0,0,0,32,64
WH-02392,PLANNED,EDUCATION,6466,19,11.7,3.7,6.11,8.0,39.3,,0,1,MEDIUM,HIGH,0,0,0,0,MEDIUM,BEGINNER,99.9,0,EVENING,0,0,1,2,4
WH-02393,NEW_IDEA,CORPORATE,3674,25,1.86,0.78,1.15,8.0,30.8,,0,1,LOW,LOW,0,0,0,0,SLOW,INTERMEDIATE,99.9,0,BUSINESS_HOURS,0,0,0,2,4
WH-02394,LIVE_URL,NEWS,58207,135,6.46,14.54,20.79,20.1,75.9,71.8,1,1,MEDIUM,MEDIUM,0,0,0,0,STABLE,BEGINNER,99.5,0,EVENING,0,0,1,2,4
WH-02395,LIVE_URL,BLOG,13626,79,3.33,4.38,6.36,18.3,32.5,57.0,1,0,LOW,LOW,0,0,0,1,STABLE,INTERMEDIATE,99.9,0,WEEKEND,0,0,0,2,4
WH-02396,PLANNED,ECOMMERCE,147584,2506,11.01,459.85,896.71,117.4,163.0,,0,1,VERY_HIGH,HIGH,0,0,1,0,MEDIUM,ADVANCED,99.99,1,EVENING,0,0,1,32,64
WH-02397,LIVE_URL,NEWS,289243,587,4.64,45.39,54.93,27.49,43.0,71.6,1,1,MEDIUM,MEDIUM,0,0,0,0,STABLE,BEGINNER,99.9,0,NORMAL,0,0,0,2,8
WH-02398,LIVE_URL,COMMUNITY,133870,32,8.31,4.43,7.62,45.3,298.1,,0,1,MEDIUM,MEDIUM,0,0,0,1,MEDIUM,INTERMEDIATE,99.95,1,SEASONAL,0,0,0,2,8
WH-02399,LIVE_URL,API_SERVICE,17923,385,16.05,102.99,286.31,30.58,37.1,81.0,1,0,MEDIUM,HIGH,1,132,1,0,MEDIUM,BEGINNER,99.5,0,SEASONAL,0,1,0,16,32
WH-02400,LIVE_URL,ECOMMERCE,198551,317,6.11,32.28,61.98,16.23,57.5,48.9,1,1,VERY_HIGH,HIGH,0,0,1,0,RAPID,INTERMEDIATE,99.9,0,BUSINESS_HOURS,0,1,1,4,16
WH-02401,NEW_IDEA,SAAS,575595,119,12.73,25.25,38.12,43.36,114.0,,0,0,HIGH,MEDIUM,0,0,0,0,RAPID,ADVANCED,99.9,0,BUSINESS_HOURS,0,0,0,2,8
WH-02402,PLANNED,API_SERVICE,18173,44,11.19,8.21,23.31,21.28,37.4,,0,1,LOW,VERY_HIGH,0,0,0,0,STABLE,ADVANCED,99.5,0,EVENT_DRIVEN,0,0,0,2,4
WH-02403,LIVE_URL,MARKETPLACE,209890,4698,19.76,1547.21,3233.66,819.76,49.7,60.6,1,0,HIGH,VERY_HIGH,0,0,1,0,MEDIUM,INTERMEDIATE,99.95,1,EVENING,0,0,1,32,64
WH-02404,NEW_IDEA,SAAS,29886,193,15.85,50.98,71.89,66.36,32.0,,0,0,HIGH,HIGH,0,0,0,0,STABLE,INTERMEDIATE,BASIC,0,NORMAL,0,0,1,4,8
WH-02405,NEW_IDEA,SAAS,490489,5660,21.25,2004.58,2445.59,423.03,74.2,,0,0,HIGH,HIGH,1,4381,0,0,MEDIUM,INTERMEDIATE,BASIC,0,NORMAL,1,0,1,32,64
WH-02406,LIVE_URL,SAAS,369440,2193,15.55,568.35,852.53,277.1,56.0,73.3,1,0,HIGH,HIGH,0,0,0,0,SLOW,BEGINNER,99.9,0,NORMAL,0,1,1,32,64
WH-02407,NEW_IDEA,MARKETPLACE,283939,5185,19.21,1660.06,2224.49,218.0,155.6,,0,0,HIGH,HIGH,0,0,1,0,SLOW,BEGINNER,99.5,0,NORMAL,0,1,1,32,64
WH-02408,NEW_IDEA,EDUCATION,4437,82,10.6,14.49,22.6,25.22,68.1,,0,0,MEDIUM,MEDIUM,0,0,0,0,SLOW,INTERMEDIATE,99.9,0,EVENING,0,0,1,2,8
WH-02409,PLANNED,SAAS,479419,1373,18.8,430.21,597.99,134.77,384.6,,0,0,HIGH,HIGH,1,928,1,1,MEDIUM,ADVANCED,99.95,1,NORMAL,0,1,0,32,64
WH-02410,PLANNED,API_SERVICE,7775,170,21.59,61.17,97.26,22.45,29.6,,0,1,MEDIUM,VERY_HIGH,1,73,1,0,STABLE,ADVANCED,99.9,0,BUSINESS_HOURS,0,0,0,8,16
WH-02411,PLANNED,NEWS,1183334,118,3.81,7.49,12.14,28.51,241.4,,0,0,MEDIUM,MEDIUM,0,0,0,1,MEDIUM,INTERMEDIATE,BASIC,0,EVENING,0,0,0,2,8
WH-02412,LIVE_URL,ECOMMERCE,104020,247,9.28,38.2,68.0,120.89,289.8,54.7,1,1,VERY_HIGH,HIGH,0,0,1,0,MEDIUM,BEGINNER,99.95,1,WEEKEND,0,0,0,4,16
WH-02413,PLANNED,NEWS,532574,7988,5.73,762.85,2898.85,283.55,16.6,,0,0,LOW,MEDIUM,0,0,0,0,RAPID,INTERMEDIATE,99.9,0,EVENT_DRIVEN,0,0,0,32,32
WH-02414,PLANNED,COMMUNITY,59115,1250,7.15,148.96,268.12,51.68,148.7,,0,0,MEDIUM,MEDIUM,0,0,0,1,MEDIUM,BEGINNER,99.9,0,WEEKEND,0,0,0,8,16
WH-02415,LIVE_URL,ECOMMERCE,156653,32,8.8,4.69,9.53,12.16,121.4,66.9,1,0,HIGH,VERY_HIGH,0,0,0,0,MEDIUM,INTERMEDIATE,99.95,1,EVENING,0,0,0,2,8
WH-02416,LIVE_URL,SAAS,680720,47,14.6,11.44,28.93,42.07,266.2,99.0,1,1,HIGH,HIGH,0,0,0,0,MEDIUM,INTERMEDIATE,99.99,1,SEASONAL,0,0,1,2,8
WH-02417,LIVE_URL,ECOMMERCE,278088,3311,9.77,539.14,1056.72,111.46,66.1,60.5,1,1,HIGH,HIGH,0,0,0,0,SLOW,ADVANCED,99.95,1,BUSINESS_HOURS,0,0,1,32,64
WH-02418,NEW_IDEA,EDUCATION,32122,182,8.22,24.93,29.67,41.45,12.0,,0,1,MEDIUM,LOW,0,0,0,0,RAPID,ADVANCED,BASIC,0,NORMAL,0,0,0,1,8
WH-02419,NEW_IDEA,SAAS,478056,1039,19.23,333.0,829.17,189.2,25.0,,0,1,HIGH,HIGH,0,0,1,0,STABLE,ADVANCED,99.5,0,EVENT_DRIVEN,0,1,0,32,64
WH-02420,PLANNED,API_SERVICE,116658,3292,29.29,1607.04,6138.91,2880.73,123.7,,0,1,MEDIUM,VERY_HIGH,0,0,1,0,STABLE,INTERMEDIATE,99.95,1,EVENT_DRIVEN,0,1,0,32,64
WH-02421,LIVE_URL,PORTFOLIO,1684,6,3.33,0.33,0.4,17.24,13.0,73.6,1,0,LOW,LOW,0,0,0,0,STABLE,INTERMEDIATE,99.9,0,NORMAL,0,0,0,1,4
WH-02422,LIVE_URL,INTERNAL_BUSINESS,1839,29,4.4,2.13,6.0,15.56,34.6,45.1,1,1,LOW,MEDIUM,1,21,1,0,STABLE,BEGINNER,99.9,0,SEASONAL,0,0,0,1,4
WH-02423,NEW_IDEA,CORPORATE,43629,80,1.87,2.49,5.11,24.47,18.5,,0,0,LOW,LOW,0,0,1,0,SLOW,BEGINNER,99.9,0,WEEKEND,0,0,1,1,4
WH-02424,PLANNED,CORPORATE,2097,6,5.75,0.57,0.95,27.83,12.0,,0,0,LOW,MEDIUM,0,0,0,0,SLOW,BEGINNER,99.9,0,EVENING,0,0,1,2,4
WH-02425,NEW_IDEA,ECOMMERCE,53271,1529,9.62,245.15,321.15,88.33,57.1,,0,0,HIGH,HIGH,0,0,0,0,MEDIUM,INTERMEDIATE,99.9,0,NORMAL,0,0,1,16,32
WH-02426,LIVE_URL,ECOMMERCE,731689,264,13.21,58.12,235.4,43.34,31.2,83.7,1,0,HIGH,HIGH,0,0,0,0,STABLE,BEGINNER,99.99,1,EVENT_DRIVEN,0,0,0,16,32
WH-02427,NEW_IDEA,CORPORATE,19176,13,4.94,1.07,3.67,23.32,25.9,,0,0,LOW,LOW,0,0,1,0,SLOW,INTERMEDIATE,99.9,0,SEASONAL,0,0,0,1,4
WH-02428,LIVE_URL,SAAS,1065758,6112,10.24,1043.11,2962.45,295.5,21.1,57.7,1,1,HIGH,HIGH,0,0,0,0,MEDIUM,BEGINNER,BASIC,0,EVENT_DRIVEN,0,1,1,32,64
WH-02429,PLANNED,ECOMMERCE,113658,1326,14.07,310.95,948.39,89.54,79.8,,0,1,HIGH,HIGH,0,0,1,0,STABLE,ADVANCED,BASIC,0,EVENT_DRIVEN,0,1,1,32,64
WH-02430,LIVE_URL,SAAS,55563,286,20.95,99.86,118.84,40.73,26.1,53.7,1,0,HIGH,HIGH,0,0,0,0,MEDIUM,INTERMEDIATE,BASIC,0,NORMAL,0,0,1,8,16
WH-02431,LIVE_URL,SAAS,569252,3497,17.07,994.9,1770.92,447.88,39.1,66.4,1,1,HIGH,HIGH,0,0,1,0,SLOW,INTERMEDIATE,99.95,1,BUSINESS_HOURS,0,0,0,32,64
WH-02432,LIVE_URL,API_SERVICE,689022,4619,26.44,2035.44,2646.07,366.16,17.1,,0,0,MEDIUM,VERY_HIGH,0,0,0,0,RAPID,BEGINNER,99.5,0,NORMAL,0,0,0,32,64
WH-02433,LIVE_URL,MARKETPLACE,310355,2586,19.48,839.59,1821.91,219.9,21.5,,0,1,HIGH,HIGH,0,0,1,0,RAPID,BEGINNER,99.99,1,SEASONAL,1,0,0,32,64
WH-02434,PLANNED,MARKETPLACE,467618,3014,19.04,956.44,1855.5,269.45,57.0,,0,1,VERY_HIGH,HIGH,1,2060,0,0,RAPID,ADVANCED,99.9,0,SEASONAL,0,1,1,32,64
WH-02435,LIVE_URL,API_SERVICE,63257,209,15.27,53.19,70.74,11.69,19.4,62.6,1,0,MEDIUM,VERY_HIGH,0,0,0,0,SLOW,BEGINNER,99.5,0,NORMAL,0,0,0,4,8
WH-02436,PLANNED,BLOG,6835,36,3.99,2.39,7.37,8.72,15.2,,0,1,LOW,LOW,0,0,1,0,MEDIUM,BEGINNER,99.5,0,SEASONAL,0,0,0,1,4
WH-02437,LIVE_URL,EDUCATION,4461,84,6.45,9.03,11.74,81.19,273.5,79.2,1,0,MEDIUM,MEDIUM,0,0,0,1,RAPID,INTERMEDIATE,99.9,0,NORMAL,0,0,0,1,8
WH-02438,NEW_IDEA,SAAS,184008,2456,16.06,657.39,2642.71,336.39,204.1,,0,0,HIGH,VERY_HIGH,1,1038,1,0,MEDIUM,INTERMEDIATE,99.5,0,EVENT_DRIVEN,0,1,1,32,64
WH-02439,PLANNED,EDUCATION,135963,16,8.11,2.16,5.64,19.6,121.2,,0,1,MEDIUM,MEDIUM,0,0,0,1,RAPID,BEGINNER,99.95,1,EVENT_DRIVEN,0,0,0,2,8
WH-02440,PLANNED,API_SERVICE,8448,66,10.2,11.22,15.03,60.77,32.2,,0,0,MEDIUM,HIGH,0,0,0,0,MEDIUM,BEGINNER,99.99,1,BUSINESS_HOURS,0,0,0,2,8
WH-02441,NEW_IDEA,INTERNAL_BUSINESS,4900,47,3.25,2.55,3.56,14.68,113.4,,0,1,MEDIUM,LOW,0,0,0,0,SLOW,BEGINNER,99.9,0,NORMAL,0,0,1,1,4
WH-02442,PLANNED,BLOG,60880,58,4.29,4.15,5.39,36.92,10.0,,0,1,LOW,LOW,0,0,0,0,RAPID,INTERMEDIATE,BASIC,0,BUSINESS_HOURS,0,0,1,2,4
WH-02443,PLANNED,MARKETPLACE,177767,2339,14.31,557.85,836.78,411.86,76.7,,0,0,HIGH,HIGH,0,0,0,0,MEDIUM,BEGINNER,99.95,1,EVENING,0,0,1,32,64
WH-02444,PLANNED,NEWS,731449,65,5.21,5.64,15.35,35.57,394.7,,0,1,MEDIUM,MEDIUM,0,0,0,1,MEDIUM,INTERMEDIATE,99.5,0,SEASONAL,0,0,0,1,8
WH-02445,LIVE_URL,SAAS,18583,175,15.87,46.29,69.43,31.67,41.0,81.5,1,0,MEDIUM,MEDIUM,1,113,1,0,RAPID,BEGINNER,99.95,1,BUSINESS_HOURS,0,0,0,4,8
WH-02446,PLANNED,SAAS,267175,869,20.59,298.21,348.91,151.55,29.1,,0,1,HIGH,MEDIUM,0,0,0,0,STABLE,ADVANCED,99.95,1,NORMAL,0,1,0,16,32
WH-02447,PLANNED,SAAS,282159,6954,14.82,1717.64,5702.56,429.99,69.6,,0,0,HIGH,MEDIUM,0,0,1,0,STABLE,ADVANCED,99.95,1,SEASONAL,0,1,1,32,64
WH-02448,PLANNED,SAAS,1420073,3507,20.45,1195.3,3860.83,434.9,95.7,,0,0,MEDIUM,VERY_HIGH,0,0,1,0,MEDIUM,INTERMEDIATE,99.9,0,EVENT_DRIVEN,0,1,1,32,64
WH-02449,LIVE_URL,ECOMMERCE,65562,203,17.93,60.66,91.6,32.4,64.6,81.9,1,1,HIGH,VERY_HIGH,0,0,0,0,SLOW,BEGINNER,99.95,1,NORMAL,0,0,1,8,16
WH-02450,PLANNED,MARKETPLACE,69659,64,8.47,9.03,15.54,16.29,52.9,,0,0,HIGH,HIGH,0,0,1,0,MEDIUM,BEGINNER,99.9,0,EVENING,0,0,1,2,8
WH-02451,LIVE_URL,INTERNAL_BUSINESS,173,2,8.44,0.28,0.47,8.82,44.1,84.3,1,0,MEDIUM,LOW,0,0,0,0,RAPID,INTERMEDIATE,99.95,1,WEEKEND,0,0,0,2,8
WH-02452,LIVE_URL,MARKETPLACE,1297737,3330,14.05,779.77,2549.86,52.02,40.4,78.7,1,1,MEDIUM,MEDIUM,0,0,0,0,SLOW,INTERMEDIATE,99.5,0,SEASONAL,0,1,0,32,64
WH-02453,LIVE_URL,API_SERVICE,8503,30,14.28,7.14,25.35,24.34,111.4,73.0,1,0,MEDIUM,VERY_HIGH,0,0,1,0,SLOW,INTERMEDIATE,99.95,1,EVENT_DRIVEN,0,1,0,4,8
WH-02454,LIVE_URL,SAAS,38216,286,23.25,110.83,289.25,75.78,49.6,89.9,1,0,MEDIUM,MEDIUM,0,0,0,0,SLOW,ADVANCED,99.95,1,EVENT_DRIVEN,0,0,0,16,32
WH-02455,NEW_IDEA,ECOMMERCE,735815,2264,10.11,381.48,1579.34,196.22,194.3,,0,0,HIGH,VERY_HIGH,0,0,1,0,MEDIUM,INTERMEDIATE,99.9,0,EVENT_DRIVEN,1,1,1,32,64
WH-02456,PLANNED,SAAS,202245,85,23.16,32.81,107.94,27.91,52.3,,0,1,MEDIUM,HIGH,0,0,1,1,MEDIUM,BEGINNER,99.95,1,SEASONAL,0,0,0,8,16
WH-02457,PLANNED,BLOG,2084,22,2.9,1.06,1.5,19.48,54.6,,0,0,LOW,LOW,0,0,0,0,RAPID,BEGINNER,99.9,0,BUSINESS_HOURS,0,0,0,2,4
WH-02458,LIVE_URL,MEDIA_STREAMING,116410,2872,4.55,217.79,590.22,244.27,353.9,54.3,1,1,MEDIUM,MEDIUM,0,0,0,1,STABLE,ADVANCED,99.5,0,SEASONAL,1,0,0,32,64
WH-02459,LIVE_URL,MEDIA_STREAMING,1343102,78,2.67,3.47,4.06,30.4,44.1,69.1,1,1,MEDIUM,HIGH,0,0,1,1,MEDIUM,INTERMEDIATE,99.5,0,NORMAL,0,0,0,1,8
WH-02460,LIVE_URL,API_SERVICE,653449,6963,23.95,2779.4,4057.92,170.4,18.8,41.5,1,1,LOW,VERY_HIGH,0,0,0,0,MEDIUM,INTERMEDIATE,99.5,0,BUSINESS_HOURS,0,0,0,32,32
WH-02461,LIVE_URL,SAAS,816289,2411,9.86,396.21,1022.22,48.22,30.8,75.7,1,1,MEDIUM,HIGH,1,1498,0,0,SLOW,INTERMEDIATE,99.9,0,SEASONAL,0,0,0,32,64
WH-02462,LIVE_URL,API_SERVICE,7737,132,32.18,70.8,99.82,19.95,48.1,,0,0,HIGH,HIGH,0,0,1,0,SLOW,BEGINNER,99.99,1,EVENING,1,1,1,8,16
WH-02463,LIVE_URL,EDUCATION,9565,57,4.39,4.17,6.26,24.08,36.1,93.0,1,0,LOW,LOW,0,0,0,0,RAPID,BEGINNER,99.9,0,WEEKEND,0,0,0,2,4
WH-02464,NEW_IDEA,CORPORATE,2332,7,4.1,0.48,0.64,18.07,64.4,,0,0,LOW,LOW,0,0,0,0,SLOW,ADVANCED,99.9,0,EVENING,0,1,0,2,4
WH-02465,PLANNED,CORPORATE,30798,176,4.12,12.09,23.08,16.46,140.7,,0,1,LOW,LOW,0,0,0,1,SLOW,BEGINNER,99.9,0,BUSINESS_HOURS,0,0,0,1,4
WH-02466,NEW_IDEA,SAAS,59308,340,23.89,135.38,339.8,133.62,112.0,,0,1,HIGH,MEDIUM,0,0,0,0,STABLE,INTERMEDIATE,99.9,0,EVENT_DRIVEN,0,0,1,16,32
WH-02467,NEW_IDEA,MARKETPLACE,14458,70,18.64,21.75,30.66,43.31,220.0,,0,1,HIGH,HIGH,1,52,1,0,MEDIUM,INTERMEDIATE,BASIC,0,NORMAL,0,1,0,4,8
WH-02468,NEW_IDEA,PORTFOLIO,9044,39,3.07,2.0,7.0,10.49,73.4,,0,1,LOW,LOW,0,0,1,0,MEDIUM,BEGINNER,99.9,0,EVENT_DRIVEN,0,0,0,1,4
WH-02469,PLANNED,SAAS,5961,99,11.35,18.73,38.58,38.73,104.6,,0,1,HIGH,MEDIUM,0,0,1,0,RAPID,ADVANCED,BASIC,0,EVENING,0,0,1,2,8
WH-02470,PLANNED,SAAS,693640,4987,15.25,1267.53,2497.03,667.43,156.5,,0,1,HIGH,HIGH,0,0,1,0,SLOW,BEGINNER,99.95,1,BUSINESS_HOURS,0,0,0,32,64
WH-02471,PLANNED,CORPORATE,24513,85,4.44,6.29,9.12,34.25,50.2,,0,1,LOW,MEDIUM,0,0,0,0,MEDIUM,INTERMEDIATE,99.95,1,NORMAL,0,0,1,2,4
WH-02472,LIVE_URL,CORPORATE,59369,11,3.78,0.69,1.07,8.0,18.2,62.3,1,0,LOW,MEDIUM,0,0,0,0,RAPID,BEGINNER,99.9,0,EVENING,0,1,0,2,4
WH-02473,PLANNED,SAAS,289347,357,14.2,84.49,103.92,43.06,139.8,,0,1,HIGH,MEDIUM,0,0,0,0,MEDIUM,INTERMEDIATE,99.95,1,NORMAL,0,0,1,8,16
WH-02474,LIVE_URL,ECOMMERCE,20484,426,17.82,126.52,170.8,171.68,38.3,54.2,1,0,MEDIUM,MEDIUM,0,0,0,0,MEDIUM,ADVANCED,99.95,1,NORMAL,0,0,0,8,16
WH-02475,LIVE_URL,MARKETPLACE,69749,1049,16.54,289.17,471.35,179.12,78.2,74.9,1,0,HIGH,HIGH,0,0,1,0,MEDIUM,ADVANCED,99.9,0,WEEKEND,0,1,1,32,64
WH-02476,PLANNED,EDUCATION,7608,17,7.24,2.05,6.42,24.44,324.0,,0,0,MEDIUM,MEDIUM,0,0,0,1,MEDIUM,BEGINNER,BASIC,0,SEASONAL,0,0,0,1,8
WH-02477,NEW_IDEA,MEDIA_STREAMING,132628,54,6.66,5.99,14.57,29.6,99.0,,0,1,MEDIUM,LOW,0,0,1,1,RAPID,ADVANCED,99.9,0,SEASONAL,0,0,1,2,8
WH-02478,NEW_IDEA,BLOG,73596,6,2.76,0.28,0.38,22.3,51.8,,0,0,LOW,LOW,0,0,0,0,SLOW,BEGINNER,99.95,1,BUSINESS_HOURS,0,0,1,2,4
WH-02479,LIVE_URL,EDUCATION,13956,157,11.32,29.62,74.05,20.93,40.8,84.4,1,0,MEDIUM,MEDIUM,0,0,0,0,RAPID,INTERMEDIATE,BASIC,0,SEASONAL,0,0,0,2,4
WH-02480,PLANNED,SAAS,574738,5457,11.01,1001.36,1612.19,152.8,500.4,,0,1,HIGH,HIGH,0,0,1,1,MEDIUM,INTERMEDIATE,99.9,0,WEEKEND,0,1,1,32,64
WH-02481,LIVE_URL,SAAS,700323,490,5.12,41.81,79.86,48.67,39.5,66.6,1,0,MEDIUM,VERY_HIGH,0,0,0,0,RAPID,BEGINNER,99.9,0,BUSINESS_HOURS,0,0,0,4,8
WH-02482,PLANNED,MARKETPLACE,118377,1352,8.54,192.43,279.03,223.42,330.1,,0,1,MEDIUM,HIGH,0,0,1,1,SLOW,ADVANCED,99.9,0,NORMAL,0,1,0,16,32
WH-02483,NEW_IDEA,SAAS,974263,2121,17.5,618.62,1886.81,399.93,225.8,,0,0,VERY_HIGH,MEDIUM,1,773,1,0,SLOW,INTERMEDIATE,99.9,0,SEASONAL,1,1,1,32,64
WH-02484,LIVE_URL,BLOG,15787,30,3.69,1.84,2.73,28.32,50.8,61.9,1,0,LOW,LOW,0,0,1,0,SLOW,BEGINNER,99.9,0,NORMAL,0,0,0,1,4
WH-02485,PLANNED,PORTFOLIO,3060,6,2.68,0.27,0.56,12.48,57.2,,0,0,LOW,LOW,0,0,1,0,SLOW,BEGINNER,BASIC,0,EVENING,0,0,0,1,4
WH-02486,LIVE_URL,PORTFOLIO,29873,2,2.7,0.09,0.2,15.59,25.2,67.0,1,0,LOW,LOW,0,0,0,0,SLOW,INTERMEDIATE,BASIC,0,WEEKEND,0,0,0,2,4
WH-02487,LIVE_URL,MEDIA_STREAMING,456641,343,5.5,31.44,44.96,110.92,414.4,99.0,1,1,HIGH,MEDIUM,0,0,0,1,RAPID,INTERMEDIATE,99.99,1,BUSINESS_HOURS,0,1,1,4,8
WH-02488,PLANNED,CORPORATE,69875,75,2.08,2.6,3.77,8.0,21.3,,0,0,LOW,LOW,0,0,0,0,SLOW,INTERMEDIATE,BASIC,0,BUSINESS_HOURS,0,0,0,1,4
WH-02489,NEW_IDEA,EDUCATION,29212,194,5.95,19.24,38.67,18.97,19.9,,0,1,LOW,MEDIUM,0,0,1,0,RAPID,BEGINNER,99.9,0,WEEKEND,1,0,1,2,4
WH-02490,LIVE_URL,CORPORATE,79527,9,4.51,0.68,1.71,35.52,33.4,76.9,1,0,LOW,LOW,0,0,1,0,STABLE,BEGINNER,99.95,1,EVENT_DRIVEN,0,0,0,2,4
WH-02491,NEW_IDEA,API_SERVICE,127404,56,29.99,27.99,73.06,29.31,38.3,,0,0,HIGH,VERY_HIGH,0,0,1,0,STABLE,INTERMEDIATE,99.5,0,SEASONAL,0,0,1,8,16
WH-02492,NEW_IDEA,BLOG,37564,37,2.91,1.79,2.4,33.88,19.8,,0,0,LOW,MEDIUM,0,0,1,0,MEDIUM,ADVANCED,99.9,0,BUSINESS_HOURS,0,0,1,1,4
WH-02493,LIVE_URL,EDUCATION,133636,119,7.73,15.33,26.37,13.59,98.5,72.8,1,0,MEDIUM,MEDIUM,0,0,1,0,MEDIUM,BEGINNER,99.9,0,BUSINESS_HOURS,0,0,1,1,8
WH-02494,PLANNED,COMMUNITY,377261,787,7.22,94.7,125.95,71.93,199.7,,0,0,MEDIUM,MEDIUM,1,642,1,1,MEDIUM,INTERMEDIATE,99.9,0,NORMAL,0,1,0,8,16
WH-02495,NEW_IDEA,MARKETPLACE,921196,3702,14.47,892.8,2731.96,683.97,235.2,,0,1,MEDIUM,VERY_HIGH,1,1024,1,1,MEDIUM,INTERMEDIATE,99.99,1,EVENT_DRIVEN,0,1,0,32,64
WH-02496,LIVE_URL,MARKETPLACE,18417,533,6.62,58.81,158.19,101.94,59.5,67.0,1,1,HIGH,HIGH,1,347,1,1,RAPID,INTERMEDIATE,99.5,0,EVENT_DRIVEN,0,0,0,16,32
WH-02497,LIVE_URL,MEDIA_STREAMING,20305,93,3.66,5.67,12.25,43.41,45.0,84.4,1,1,MEDIUM,MEDIUM,0,0,0,1,STABLE,BEGINNER,99.9,0,EVENT_DRIVEN,0,1,0,2,8
WH-02498,LIVE_URL,SAAS,46199,967,6.46,104.11,287.35,61.66,186.9,81.5,1,0,HIGH,VERY_HIGH,1,711,1,0,SLOW,BEGINNER,99.95,1,EVENT_DRIVEN,0,0,1,32,64
WH-02499,LIVE_URL,API_SERVICE,806111,5082,33.53,2839.99,4373.59,431.81,70.9,77.3,1,0,MEDIUM,VERY_HIGH,0,0,0,0,STABLE,INTERMEDIATE,99.95,1,BUSINESS_HOURS,0,1,0,32,64
WH-02500,LIVE_URL,INTERNAL_BUSINESS,1066,3,7.34,0.37,0.58,60.57,209.0,64.7,1,0,MEDIUM,MEDIUM,0,0,1,1,SLOW,INTERMEDIATE,99.5,0,BUSINESS_HOURS,0,0,1,2,8
WH-02501,LIVE_URL,MEDIA_STREAMING,494481,1448,4.46,107.63,263.7,119.8,117.1,,0,0,MEDIUM,MEDIUM,0,0,0,0,MEDIUM,BEGINNER,99.5,0,SEASONAL,0,0,0,16,32
WH-02502,LIVE_URL,CORPORATE,56354,121,5.53,11.15,14.27,22.51,14.7,77.0,1,0,LOW,LOW,0,0,1,0,RAPID,BEGINNER,99.9,0,NORMAL,0,0,0,2,4
WH-02503,PLANNED,SAAS,403131,5803,22.41,2167.42,2665.93,288.21,29.5,,0,0,HIGH,HIGH,1,4073,0,0,STABLE,BEGINNER,99.99,1,NORMAL,0,0,0,32,64
WH-02504,NEW_IDEA,MEDIA_STREAMING,976698,1331,6.88,152.62,422.76,31.88,378.9,,0,1,MEDIUM,LOW,0,0,0,1,RAPID,ADVANCED,99.5,0,EVENT_DRIVEN,0,0,0,16,32
WH-02505,LIVE_URL,INTERNAL_BUSINESS,7749,44,8.8,6.45,14.46,13.28,54.2,79.4,1,0,MEDIUM,HIGH,0,0,1,0,STABLE,INTERMEDIATE,99.9,0,SEASONAL,0,0,0,2,8
WH-02506,LIVE_URL,CORPORATE,2702,6,2.67,0.27,0.4,8.0,24.8,96.0,1,1,LOW,LOW,0,0,0,0,MEDIUM,BEGINNER,99.9,0,NORMAL,0,0,0,1,4
WH-02507,PLANNED,API_SERVICE,863772,4096,12.17,830.81,2957.67,407.36,20.9,,0,0,MEDIUM,VERY_HIGH,0,0,0,0,SLOW,BEGINNER,99.9,0,EVENT_DRIVEN,0,1,0,32,64
WH-02508,LIVE_URL,EDUCATION,4697,24,7.15,2.86,5.61,14.67,92.1,,0,0,LOW,MEDIUM,1,9,0,1,SLOW,BEGINNER,99.9,0,SEASONAL,0,0,1,2,4
WH-02509,PLANNED,API_SERVICE,5651,97,19.86,32.11,41.74,20.37,57.3,,0,0,MEDIUM,VERY_HIGH,1,74,1,0,RAPID,INTERMEDIATE,99.9,0,NORMAL,0,1,0,4,8
WH-02510,PLANNED,BLOG,4289,7,3.56,0.42,0.59,19.17,21.6,,0,0,LOW,LOW,0,0,0,0,STABLE,INTERMEDIATE,99.5,0,BUSINESS_HOURS,0,1,0,2,4
WH-02511,PLANNED,API_SERVICE,542330,307,34.35,175.76,604.61,53.25,57.8,,0,1,LOW,VERY_HIGH,0,0,1,0,MEDIUM,BEGINNER,99.9,0,EVENT_DRIVEN,0,1,0,32,32
WH-02512,NEW_IDEA,ECOMMERCE,325232,2119,16.19,571.78,1114.96,103.81,204.8,,0,0,HIGH,HIGH,0,0,1,1,MEDIUM,INTERMEDIATE,99.9,0,EVENING,0,1,1,32,64
WH-02513,NEW_IDEA,SAAS,510291,2390,7.76,309.11,1248.79,318.19,38.4,,0,0,HIGH,HIGH,0,0,1,0,RAPID,INTERMEDIATE,99.9,0,EVENT_DRIVEN,0,1,1,32,64
WH-02514,NEW_IDEA,API_SERVICE,776591,2035,27.3,925.92,2898.15,560.59,23.7,,0,0,MEDIUM,VERY_HIGH,0,0,1,0,SLOW,ADVANCED,99.95,1,SEASONAL,0,0,0,32,64
WH-02515,PLANNED,API_SERVICE,261314,3724,10.08,625.63,2152.17,215.01,29.6,,0,1,MEDIUM,VERY_HIGH,0,0,0,0,MEDIUM,INTERMEDIATE,99.95,1,EVENT_DRIVEN,0,0,0,32,64
WH-02516,NEW_IDEA,API_SERVICE,202271,2882,20.29,974.6,1354.69,155.71,49.2,,0,1,MEDIUM,VERY_HIGH,0,0,0,0,STABLE,INTERMEDIATE,99.99,1,BUSINESS_HOURS,0,1,0,32,64
WH-02517,NEW_IDEA,MARKETPLACE,234070,5884,13.91,1364.11,2714.57,465.03,62.1,,0,1,HIGH,HIGH,0,0,0,0,MEDIUM,INTERMEDIATE,99.5,0,BUSINESS_HOURS,0,1,1,32,64
WH-02518,PLANNED,PORTFOLIO,11104,17,2.93,0.83,1.05,21.21,76.1,,0,0,LOW,MEDIUM,0,0,0,0,MEDIUM,BEGINNER,99.95,1,NORMAL,0,1,0,4,4
WH-02519,NEW_IDEA,API_SERVICE,1484261,3390,17.71,1000.62,1400.86,265.23,37.1,,0,1,MEDIUM,VERY_HIGH,0,0,1,0,RAPID,ADVANCED,99.95,1,NORMAL,0,1,0,32,64
WH-02520,LIVE_URL,BLOG,48560,11,2.75,0.5,0.75,8.84,214.8,69.6,1,1,LOW,LOW,0,0,1,1,SLOW,INTERMEDIATE,99.9,0,BUSINESS_HOURS,0,0,1,2,4
WH-02521,NEW_IDEA,SAAS,807171,2725,13.65,619.94,1729.63,197.25,49.7,,0,0,HIGH,HIGH,0,0,1,0,RAPID,ADVANCED,99.5,0,SEASONAL,0,0,1,32,64
WH-02522,LIVE_URL,ECOMMERCE,12560,344,17.78,101.94,164.12,29.87,48.5,71.6,1,0,HIGH,HIGH,1,111,1,0,MEDIUM,INTERMEDIATE,99.9,0,EVENING,0,0,0,8,16
WH-02523,LIVE_URL,EDUCATION,195509,1170,5.96,116.22,177.82,56.1,45.1,71.3,1,1,MEDIUM,HIGH,0,0,1,0,RAPID,INTERMEDIATE,99.9,0,WEEKEND,0,0,0,8,16
WH-02524,LIVE_URL,COMMUNITY,155512,281,13.2,61.82,118.69,44.5,38.8,84.8,1,0,MEDIUM,LOW,0,0,1,0,MEDIUM,INTERMEDIATE,99.95,1,SEASONAL,0,0,1,4,8
WH-02525,LIVE_URL,CORPORATE,22154,64,4.41,4.7,8.66,18.97,11.2,92.0,1,1,LOW,LOW,0,0,1,0,SLOW,INTERMEDIATE,BASIC,0,BUSINESS_HOURS,0,1,0,2,4
WH-02526,LIVE_URL,NEWS,265204,2359,6.98,274.43,875.43,289.78,53.4,76.9,1,1,MEDIUM,MEDIUM,0,0,0,0,STABLE,ADVANCED,99.5,0,EVENT_DRIVEN,0,0,0,32,64
WH-02527,PLANNED,ECOMMERCE,97764,443,15.87,117.17,152.33,44.21,435.5,,0,1,VERY_HIGH,HIGH,0,0,1,1,MEDIUM,INTERMEDIATE,99.99,1,BUSINESS_HOURS,0,0,1,16,32
WH-02528,LIVE_URL,SAAS,560854,4945,19.68,1621.96,2822.21,437.55,46.9,71.7,1,0,HIGH,HIGH,0,0,1,0,SLOW,BEGINNER,99.95,1,SEASONAL,0,1,0,32,64
WH-02529,PLANNED,API_SERVICE,421001,6907,10.85,1249.02,2285.7,214.51,21.3,,0,0,MEDIUM,VERY_HIGH,0,0,1,0,MEDIUM,INTERMEDIATE,99.95,1,BUSINESS_HOURS,0,0,0,32,64
WH-02530,LIVE_URL,ECOMMERCE,244882,408,7.02,47.74,91.65,33.6,30.8,55.2,1,0,HIGH,HIGH,0,0,1,0,STABLE,ADVANCED,99.9,0,EVENING,0,0,0,8,16
WH-02531,PLANNED,MARKETPLACE,188210,4730,13.68,1078.44,1941.19,575.31,250.6,,0,0,HIGH,HIGH,0,0,1,0,RAPID,ADVANCED,99.5,0,WEEKEND,0,1,1,32,64
WH-02532,PLANNED,SAAS,1363630,2136,19.0,676.4,1264.87,54.8,80.6,,0,1,HIGH,HIGH,0,0,0,0,SLOW,INTERMEDIATE,99.9,0,EVENING,0,0,1,32,64
WH-02533,LIVE_URL,SAAS,1088677,6748,22.98,2584.48,3669.97,431.0,23.9,69.6,1,1,MEDIUM,MEDIUM,0,0,1,0,RAPID,ADVANCED,99.5,0,BUSINESS_HOURS,0,1,0,32,64
WH-02534,NEW_IDEA,BLOG,23303,13,3.02,0.65,2.38,61.78,15.7,,0,0,LOW,LOW,0,0,1,0,RAPID,BEGINNER,99.9,0,EVENT_DRIVEN,0,0,1,2,4
WH-02535,PLANNED,CORPORATE,8623,22,2.39,0.88,1.31,16.88,27.6,,0,1,LOW,LOW,0,0,0,0,STABLE,BEGINNER,99.5,0,BUSINESS_HOURS,0,0,1,1,4
WH-02536,LIVE_URL,API_SERVICE,41061,385,10.0,64.17,221.38,15.99,96.7,78.3,1,1,MEDIUM,VERY_HIGH,1,201,1,0,MEDIUM,BEGINNER,99.9,0,SEASONAL,0,0,0,16,32
WH-02537,LIVE_URL,SAAS,630470,4182,17.7,1233.69,2257.65,233.58,481.8,35.0,1,0,HIGH,HIGH,1,1574,1,1,MEDIUM,BEGINNER,99.95,1,BUSINESS_HOURS,0,1,0,32,64
WH-02538,NEW_IDEA,ECOMMERCE,33128,241,10.54,42.34,81.28,50.59,167.8,,0,0,HIGH,HIGH,0,0,0,0,SLOW,INTERMEDIATE,99.95,1,BUSINESS_HOURS,0,0,1,4,8
WH-02539,LIVE_URL,COMMUNITY,60333,101,9.5,15.99,27.99,16.56,103.3,64.5,1,0,MEDIUM,MEDIUM,0,0,1,0,MEDIUM,BEGINNER,99.95,1,EVENING,0,0,1,2,8
WH-02540,LIVE_URL,API_SERVICE,976395,4201,15.5,1085.26,2582.91,443.8,38.9,62.5,1,0,HIGH,VERY_HIGH,0,0,0,0,MEDIUM,INTERMEDIATE,BASIC,0,SEASONAL,1,0,0,32,64
WH-02541,NEW_IDEA,SAAS,692324,4790,7.79,621.9,2064.71,234.02,39.2,,0,0,HIGH,HIGH,0,0,1,0,STABLE,ADVANCED,99.95,1,EVENT_DRIVEN,0,0,0,32,64
WH-02542,LIVE_URL,MEDIA_STREAMING,100027,183,4.69,14.3,19.17,34.75,139.5,80.5,1,1,MEDIUM,MEDIUM,0,0,0,1,MEDIUM,INTERMEDIATE,99.9,0,BUSINESS_HOURS,0,0,1,1,4
WH-02543,LIVE_URL,API_SERVICE,992097,5821,18.95,1838.47,2408.39,220.31,251.9,90.9,1,1,HIGH,VERY_HIGH,0,0,1,0,SLOW,BEGINNER,99.5,0,BUSINESS_HOURS,1,1,1,32,64
WH-02544,PLANNED,API_SERVICE,50472,1219,16.42,333.6,627.17,63.95,20.8,,0,0,MEDIUM,VERY_HIGH,0,0,1,0,SLOW,INTERMEDIATE,99.9,0,EVENING,0,0,0,32,64
WH-02545,LIVE_URL,ECOMMERCE,158338,303,7.92,40.0,49.6,22.12,67.7,62.7,1,0,HIGH,HIGH,0,0,1,0,SLOW,INTERMEDIATE,99.95,1,NORMAL,0,0,0,4,8
WH-02546,NEW_IDEA,API_SERVICE,21329,267,17.79,79.17,135.37,22.01,30.0,,0,1,MEDIUM,VERY_HIGH,0,0,0,0,MEDIUM,INTERMEDIATE,99.99,1,BUSINESS_HOURS,0,0,0,8,16
WH-02547,LIVE_URL,SAAS,12853,53,7.39,6.53,14.43,41.54,206.3,62.5,1,1,HIGH,HIGH,0,0,1,1,SLOW,INTERMEDIATE,99.5,0,SEASONAL,0,0,1,2,8
WH-02548,NEW_IDEA,PORTFOLIO,27876,6,1.82,0.18,0.24,10.15,25.2,,0,0,LOW,LOW,0,0,0,0,STABLE,INTERMEDIATE,BASIC,0,NORMAL,0,0,1,2,4
WH-02549,LIVE_URL,ECOMMERCE,10339,55,7.9,7.24,19.7,58.18,272.7,79.6,1,0,HIGH,VERY_HIGH,0,0,0,1,SLOW,BEGINNER,99.9,0,SEASONAL,0,1,1,2,8
WH-02550,NEW_IDEA,ECOMMERCE,428393,1079,16.69,300.14,447.21,57.61,120.0,,0,0,HIGH,HIGH,0,0,0,1,SLOW,ADVANCED,99.9,0,WEEKEND,0,1,1,32,64
WH-02551,LIVE_URL,BLOG,53164,29,4.16,2.01,2.55,15.45,52.6,84.9,1,0,LOW,LOW,0,0,0,0,SLOW,BEGINNER,99.5,0,NORMAL,0,0,0,1,4
WH-02552,LIVE_URL,ECOMMERCE,54407,37,13.29,8.2,18.19,28.37,51.1,89.0,1,0,HIGH,HIGH,0,0,1,0,MEDIUM,INTERMEDIATE,99.99,1,SEASONAL,0,0,1,2,8
WH-02553,PLANNED,CORPORATE,31146,6,1.66,0.17,0.22,18.33,21.3,,0,1,LOW,LOW,0,0,0,0,MEDIUM,BEGINNER,99.9,0,WEEKEND,0,0,1,2,4
WH-02554,PLANNED,SAAS,63271,406,19.43,131.48,219.57,139.71,154.0,,0,0,HIGH,MEDIUM,0,0,1,0,MEDIUM,BEGINNER,99.9,0,EVENING,0,0,0,16,32
WH-02555,PLANNED,NEWS,1744973,56,3.7,3.45,10.01,70.04,335.7,,0,1,MEDIUM,MEDIUM,0,0,0,1,MEDIUM,ADVANCED,99.95,1,SEASONAL,0,0,0,2,8
WH-02556,LIVE_URL,SAAS,50128,482,5.55,44.59,53.5,196.55,70.1,68.9,1,0,HIGH,VERY_HIGH,0,0,1,0,MEDIUM,BEGINNER,99.5,0,NORMAL,0,0,1,4,16
WH-02557,PLANNED,API_SERVICE,518678,3167,18.48,975.44,2779.99,144.95,11.8,,0,1,LOW,VERY_HIGH,0,0,1,0,RAPID,INTERMEDIATE,99.9,0,EVENT_DRIVEN,1,1,0,32,32
WH-02558,PLANNED,COMMUNITY,530054,1334,7.75,172.31,373.91,130.02,54.3,,0,0,LOW,HIGH,0,0,0,0,STABLE,BEGINNER,99.95,1,SEASONAL,0,0,0,16,16
WH-02559,NEW_IDEA,SAAS,22544,300,16.68,83.4,120.1,105.26,88.9,,0,0,HIGH,HIGH,1,165,0,0,RAPID,BEGINNER,99.9,0,EVENING,0,0,1,8,16
WH-02560,NEW_IDEA,ECOMMERCE,658576,1351,7.71,173.6,677.05,58.85,20.3,,0,0,HIGH,HIGH,0,0,0,0,RAPID,INTERMEDIATE,99.9,0,EVENT_DRIVEN,0,0,1,32,64
WH-02561,LIVE_URL,API_SERVICE,655755,3010,30.57,1533.6,4186.71,402.08,10.0,78.9,1,1,LOW,HIGH,0,0,1,0,SLOW,INTERMEDIATE,99.95,1,SEASONAL,0,0,1,32,32
WH-02562,LIVE_URL,BLOG,55880,21,2.67,0.93,1.23,10.28,35.5,64.0,1,1,LOW,LOW,0,0,0,0,MEDIUM,INTERMEDIATE,BASIC,0,NORMAL,0,0,1,1,4
WH-02563,PLANNED,SAAS,1452522,5287,7.21,635.32,1156.28,128.21,269.8,,0,0,HIGH,HIGH,0,0,0,0,MEDIUM,ADVANCED,99.5,0,SEASONAL,0,1,0,32,64
WH-02564,LIVE_URL,CORPORATE,36122,15,3.84,0.96,1.78,30.97,46.7,60.8,1,1,LOW,LOW,0,0,0,0,MEDIUM,INTERMEDIATE,99.9,0,EVENING,0,0,1,1,4
WH-02565,NEW_IDEA,BLOG,5313,77,2.75,3.53,5.12,13.69,172.5,,0,0,LOW,LOW,0,0,0,1,MEDIUM,BEGINNER,BASIC,0,WEEKEND,0,0,1,1,4
WH-02566,PLANNED,SAAS,692837,1625,7.41,200.69,371.27,121.79,98.4,,0,1,MEDIUM,HIGH,1,485,1,1,MEDIUM,ADVANCED,99.9,0,BUSINESS_HOURS,0,1,0,32,64
WH-02567,PLANNED,BLOG,2534,5,4.52,0.38,0.47,26.12,21.4,,0,0,LOW,LOW,0,0,0,0,MEDIUM,ADVANCED,99.9,0,NORMAL,0,0,0,2,4
WH-02568,PLANNED,PORTFOLIO,3178,12,2.23,0.45,0.83,15.52,49.3,,0,0,LOW,LOW,0,0,0,0,MEDIUM,ADVANCED,99.9,0,BUSINESS_HOURS,0,0,0,1,4
WH-02569,PLANNED,EDUCATION,155203,966,7.35,118.33,190.52,115.63,130.0,,0,1,MEDIUM,LOW,1,631,0,1,STABLE,BEGINNER,99.95,1,BUSINESS_HOURS,0,0,0,8,16
WH-02570,PLANNED,SAAS,234887,3828,15.76,1005.49,1387.57,432.01,34.4,,0,1,MEDIUM,MEDIUM,0,0,0,0,SLOW,ADVANCED,99.95,1,NORMAL,0,0,0,32,64
WH-02571,LIVE_URL,SAAS,838829,112,21.63,40.38,104.57,45.58,149.0,70.1,1,0,HIGH,HIGH,1,82,0,0,SLOW,BEGINNER,99.9,0,SEASONAL,0,0,1,8,16
WH-02572,NEW_IDEA,PORTFOLIO,11649,9,2.89,0.43,0.52,22.38,16.8,,0,0,LOW,LOW,0,0,0,0,STABLE,INTERMEDIATE,99.9,0,NORMAL,0,0,0,2,4
WH-02573,LIVE_URL,CORPORATE,2003,10,4.83,0.8,1.24,8.81,14.9,,0,0,LOW,LOW,0,0,0,0,STABLE,ADVANCED,99.9,0,EVENING,0,0,0,1,4
WH-02574,LIVE_URL,ECOMMERCE,17121,144,5.92,14.21,21.74,16.6,73.8,59.3,1,1,VERY_HIGH,MEDIUM,0,0,1,0,STABLE,ADVANCED,BASIC,0,NORMAL,0,0,0,1,16
WH-02575,LIVE_URL,CORPORATE,2710,77,2.46,3.16,5.4,32.9,29.5,83.7,1,0,LOW,LOW,0,0,0,0,MEDIUM,ADVANCED,99.9,0,BUSINESS_HOURS,0,0,0,1,4
WH-02576,NEW_IDEA,ECOMMERCE,365729,1410,12.51,293.98,426.28,73.43,125.0,,0,1,HIGH,HIGH,0,0,0,0,STABLE,INTERMEDIATE,BASIC,0,NORMAL,0,0,1,32,64
WH-02577,NEW_IDEA,MARKETPLACE,627275,1748,17.94,522.65,1844.96,154.77,49.4,,0,0,MEDIUM,MEDIUM,1,1285,1,0,MEDIUM,INTERMEDIATE,99.5,0,EVENT_DRIVEN,0,1,1,32,64
WH-02578,LIVE_URL,EDUCATION,14338,44,10.58,7.76,9.31,12.43,132.1,79.2,1,1,MEDIUM,LOW,0,0,0,1,SLOW,BEGINNER,99.95,1,NORMAL,0,0,0,2,8
WH-02579,PLANNED,ECOMMERCE,16604,147,8.56,20.97,38.59,50.85,57.4,,0,0,HIGH,VERY_HIGH,0,0,0,0,RAPID,BEGINNER,99.95,1,WEEKEND,0,0,1,4,8
WH-02580,LIVE_URL,BLOG,3693,6,2.69,0.27,0.45,8.0,28.1,79.8,1,1,LOW,LOW,0,0,0,0,MEDIUM,INTERMEDIATE,BASIC,0,WEEKEND,0,0,1,2,4
WH-02581,LIVE_URL,SAAS,1355093,4671,18.66,1452.68,2193.55,190.94,124.2,40.1,1,1,HIGH,MEDIUM,1,2941,1,1,SLOW,INTERMEDIATE,BASIC,0,EVENING,0,1,0,32,64
WH-02582,NEW_IDEA,EDUCATION,182211,31,10.62,5.49,9.16,11.29,95.9,,0,1,MEDIUM,MEDIUM,0,0,1,0,STABLE,BEGINNER,99.9,0,BUSINESS_HOURS,0,0,1,2,8
WH-02583,NEW_IDEA,BLOG,4624,20,2.7,0.9,1.24,8.0,22.0,,0,1,LOW,LOW,0,0,0,0,STABLE,INTERMEDIATE,BASIC,0,BUSINESS_HOURS,0,1,0,2,4
WH-02584,LIVE_URL,COMMUNITY,124987,1916,7.32,233.75,345.95,57.63,68.2,96.1,1,0,MEDIUM,MEDIUM,0,0,0,0,RAPID,BEGINNER,99.95,1,WEEKEND,0,0,0,16,32
WH-02585,PLANNED,BLOG,9482,10,4.25,0.71,1.12,11.04,11.1,,0,1,LOW,LOW,0,0,0,0,STABLE,BEGINNER,99.9,0,EVENING,0,0,1,1,4
WH-02586,LIVE_URL,SAAS,59477,33,5.27,2.9,4.9,12.88,38.2,64.7,1,1,HIGH,HIGH,1,8,1,0,MEDIUM,BEGINNER,99.5,0,WEEKEND,0,1,1,2,8
WH-02587,PLANNED,ECOMMERCE,202674,75,16.93,21.16,46.35,8.0,118.1,,0,1,HIGH,HIGH,1,64,1,0,MEDIUM,INTERMEDIATE,99.9,0,WEEKEND,0,0,1,2,8
WH-02588,NEW_IDEA,NEWS,960495,1181,2.61,51.37,78.09,127.91,12.3,,0,1,MEDIUM,MEDIUM,0,0,0,0,MEDIUM,BEGINNER,99.9,0,BUSINESS_HOURS,0,0,0,2,8
WH-02589,PLANNED,ECOMMERCE,95530,459,6.65,50.87,123.62,151.14,21.1,,0,0,MEDIUM,HIGH,0,0,0,0,STABLE,INTERMEDIATE,99.95,1,SEASONAL,0,0,0,8,16
WH-02590,LIVE_URL,MARKETPLACE,97838,103,9.3,15.97,43.27,49.45,162.9,76.1,1,0,MEDIUM,VERY_HIGH,1,87,0,1,SLOW,ADVANCED,99.9,0,EVENT_DRIVEN,0,0,0,4,8
WH-02591,NEW_IDEA,CORPORATE,63338,5,2.28,0.19,0.33,28.39,10.4,,0,0,LOW,LOW,0,0,0,0,MEDIUM,INTERMEDIATE,99.95,1,SEASONAL,0,0,1,2,4
WH-02592,LIVE_URL,SAAS,176941,3550,21.76,1287.47,2381.81,242.39,24.5,87.6,1,1,HIGH,HIGH,0,0,1,0,STABLE,BEGINNER,BASIC,0,EVENING,1,0,1,32,64
WH-02593,LIVE_URL,SAAS,38381,105,21.19,37.08,57.11,149.63,81.8,65.4,1,0,HIGH,VERY_HIGH,0,0,0,0,SLOW,BEGINNER,99.99,1,NORMAL,0,0,1,4,8
WH-02594,NEW_IDEA,API_SERVICE,56170,536,8.35,74.59,108.91,46.98,21.2,,0,1,MEDIUM,VERY_HIGH,0,0,1,0,STABLE,BEGINNER,99.95,1,BUSINESS_HOURS,0,0,0,8,16
WH-02595,LIVE_URL,API_SERVICE,11433,213,17.97,63.79,76.55,12.73,18.9,70.4,1,1,MEDIUM,VERY_HIGH,0,0,0,0,STABLE,INTERMEDIATE,99.95,1,NORMAL,0,0,1,8,16
WH-02596,LIVE_URL,CORPORATE,5603,37,3.61,2.23,3.67,41.03,64.7,99.0,1,1,LOW,LOW,0,0,1,0,STABLE,BEGINNER,99.99,1,EVENING,1,0,1,2,4
WH-02597,LIVE_URL,CORPORATE,5138,34,3.61,2.05,3.25,23.02,30.6,70.9,1,1,LOW,LOW,0,0,0,0,STABLE,INTERMEDIATE,99.9,0,BUSINESS_HOURS,0,0,1,1,4
WH-02598,PLANNED,SAAS,14637,75,19.72,24.65,79.87,15.12,167.0,,0,1,HIGH,MEDIUM,0,0,1,0,MEDIUM,INTERMEDIATE,99.95,1,SEASONAL,0,0,0,4,8
WH-02599,PLANNED,EDUCATION,18672,35,11.22,6.55,12.11,11.14,31.4,,0,0,HIGH,MEDIUM,0,0,1,0,RAPID,INTERMEDIATE,99.5,0,SEASONAL,0,0,1,1,8
WH-02600,LIVE_URL,NEWS,404414,315,8.0,42.0,58.8,34.78,75.7,79.2,1,1,MEDIUM,LOW,0,0,0,0,MEDIUM,ADVANCED,BASIC,0,NORMAL,0,0,0,2,8
WH-02601,LIVE_URL,SAAS,25858,91,17.05,25.86,46.55,23.52,102.1,31.8,1,1,VERY_HIGH,HIGH,0,0,0,0,RAPID,BEGINNER,99.9,0,BUSINESS_HOURS,0,0,1,4,16
WH-02602,PLANNED,SAAS,67099,85,10.1,14.31,36.34,27.79,91.6,,0,0,HIGH,HIGH,0,0,1,0,RAPID,INTERMEDIATE,99.9,0,SEASONAL,0,0,1,2,8
WH-02603,LIVE_URL,ECOMMERCE,489464,1289,13.9,298.62,576.33,139.77,233.6,58.3,1,1,VERY_HIGH,HIGH,0,0,1,1,RAPID,BEGINNER,99.9,0,EVENING,0,0,0,32,64
WH-02604,PLANNED,ECOMMERCE,745916,1301,14.53,315.06,368.62,55.74,33.5,,0,0,HIGH,HIGH,0,0,1,0,SLOW,INTERMEDIATE,99.95,1,NORMAL,1,0,1,32,64
WH-02605,PLANNED,ECOMMERCE,378598,175,8.0,23.33,34.77,83.13,195.4,,0,1,HIGH,HIGH,0,0,1,0,RAPID,INTERMEDIATE,99.9,0,NORMAL,0,1,1,2,8
WH-02606,NEW_IDEA,CORPORATE,9597,55,2.78,2.55,3.11,8.51,24.3,,0,0,LOW,MEDIUM,0,0,0,1,MEDIUM,ADVANCED,99.9,0,NORMAL,0,0,1,1,4
WH-02607,LIVE_URL,ECOMMERCE,34912,157,6.36,16.64,35.45,47.61,307.6,67.4,1,1,HIGH,HIGH,0,0,1,1,MEDIUM,ADVANCED,99.95,1,SEASONAL,0,0,0,2,8
WH-02608,PLANNED,ECOMMERCE,565237,1204,7.17,143.88,220.13,197.03,1829.8,,0,0,VERY_HIGH,VERY_HIGH,0,0,0,1,MEDIUM,BEGINNER,99.9,0,BUSINESS_HOURS,0,0,1,16,32
WH-02609,PLANNED,MARKETPLACE,727313,5816,14.36,1391.96,1865.23,237.51,526.1,,0,1,VERY_HIGH,HIGH,0,0,1,0,SLOW,INTERMEDIATE,99.99,1,BUSINESS_HOURS,0,0,1,32,64
WH-02610,LIVE_URL,MARKETPLACE,1021535,4717,7.49,588.84,1601.64,120.93,269.4,56.5,1,0,HIGH,VERY_HIGH,0,0,0,0,STABLE,ADVANCED,99.5,0,SEASONAL,0,1,1,32,64
WH-02611,LIVE_URL,NEWS,94599,174,6.09,17.66,25.61,21.03,121.0,,0,1,MEDIUM,MEDIUM,0,0,0,0,SLOW,BEGINNER,99.99,1,NORMAL,0,0,1,2,8
WH-02612,LIVE_URL,API_SERVICE,7170,25,27.29,11.37,15.92,34.79,106.4,89.2,1,0,MEDIUM,HIGH,0,0,1,0,MEDIUM,ADVANCED,99.9,0,BUSINESS_HOURS,0,0,0,1,4
WH-02613,PLANNED,NEWS,1102744,7483,8.82,1100.0,3256.0,298.87,92.0,,0,1,LOW,MEDIUM,0,0,0,1,MEDIUM,BEGINNER,BASIC,0,SEASONAL,0,0,0,32,32
WH-02614,LIVE_URL,MARKETPLACE,200575,2349,17.4,681.21,2683.97,945.92,196.6,68.7,1,0,VERY_HIGH,HIGH,1,481,1,0,MEDIUM,INTERMEDIATE,99.99,1,EVENT_DRIVEN,1,1,0,32,64
WH-02615,LIVE_URL,EDUCATION,58976,884,5.98,88.11,341.85,34.88,120.6,86.1,1,0,MEDIUM,MEDIUM,0,0,0,1,SLOW,INTERMEDIATE,99.9,0,EVENT_DRIVEN,0,0,0,16,32
WH-02616,PLANNED,PORTFOLIO,5005,4,3.67,0.24,0.72,8.0,14.7,,0,1,LOW,LOW,0,0,1,0,SLOW,ADVANCED,99.5,0,EVENT_DRIVEN,0,0,1,2,4
WH-02617,PLANNED,SAAS,28004,50,21.88,18.23,29.17,32.75,76.3,,0,0,VERY_HIGH,MEDIUM,0,0,1,0,MEDIUM,ADVANCED,99.95,1,WEEKEND,0,0,1,2,16
WH-02618,PLANNED,ECOMMERCE,323823,3433,16.82,962.38,2559.94,1001.19,59.4,,0,0,HIGH,HIGH,0,0,1,0,RAPID,BEGINNER,99.9,0,EVENT_DRIVEN,0,1,1,32,64
WH-02619,LIVE_URL,API_SERVICE,32628,303,31.72,160.19,259.5,58.36,18.3,73.3,1,0,MEDIUM,VERY_HIGH,0,0,0,0,STABLE,INTERMEDIATE,99.9,0,BUSINESS_HOURS,0,0,1,16,32
WH-02620,LIVE_URL,CORPORATE,39628,37,2.95,1.82,2.66,22.56,10.8,66.7,1,1,LOW,LOW,0,0,1,0,SLOW,INTERMEDIATE,BASIC,0,NORMAL,0,0,0,1,4
WH-02621,LIVE_URL,ECOMMERCE,15638,70,11.08,12.93,17.32,12.92,175.9,78.9,1,0,HIGH,HIGH,0,0,1,0,MEDIUM,BEGINNER,99.9,0,EVENING,0,0,1,2,8
WH-02622,NEW_IDEA,INTERNAL_BUSINESS,1408,4,5.61,0.37,0.72,10.06,62.1,,0,1,LOW,MEDIUM,0,0,1,0,MEDIUM,ADVANCED,99.5,0,BUSINESS_HOURS,0,0,0,2,4
WH-02623,NEW_IDEA,API_SERVICE,310721,1719,12.57,360.13,1472.93,203.94,80.4,,0,1,MEDIUM,VERY_HIGH,1,1371,0,0,SLOW,ADVANCED,99.95,1,EVENT_DRIVEN,0,1,0,32,64
WH-02624,NEW_IDEA,SAAS,1452427,3023,7.53,379.39,485.61,83.33,109.1,,0,0,HIGH,MEDIUM,0,0,1,0,SLOW,ADVANCED,99.95,1,WEEKEND,1,0,1,32,64
WH-02625,NEW_IDEA,CORPORATE,55787,13,2.18,0.47,0.71,27.24,10.3,,0,1,LOW,LOW,0,0,0,0,MEDIUM,INTERMEDIATE,99.95,1,BUSINESS_HOURS,0,0,1,2,4
WH-02626,LIVE_URL,BLOG,4637,21,2.36,0.83,1.58,34.97,51.1,83.2,1,0,LOW,LOW,0,0,0,0,SLOW,INTERMEDIATE,BASIC,0,EVENING,0,0,0,1,4
WH-02627,NEW_IDEA,SAAS,943547,6371,16.89,1793.44,4537.39,2322.42,229.1,,0,0,VERY_HIGH,HIGH,0,0,0,0,STABLE,INTERMEDIATE,99.99,1,EVENT_DRIVEN,0,0,1,32,64
WH-02628,NEW_IDEA,BLOG,5992,60,4.96,4.96,9.08,13.81,10.0,,0,1,LOW,MEDIUM,0,0,0,0,MEDIUM,INTERMEDIATE,99.5,0,BUSINESS_HOURS,0,0,0,2,4
WH-02629,PLANNED,EDUCATION,108878,353,8.72,51.3,110.3,27.88,61.8,,0,0,MEDIUM,MEDIUM,0,0,0,0,RAPID,INTERMEDIATE,99.99,1,WEEKEND,0,0,0,4,8
WH-02630,LIVE_URL,SAAS,932556,7204,12.37,1485.22,1811.97,701.6,593.2,,0,1,VERY_HIGH,MEDIUM,0,0,1,1,SLOW,INTERMEDIATE,99.95,1,NORMAL,1,0,0,32,64
WH-02631,NEW_IDEA,NEWS,1562742,145,7.68,18.56,28.58,52.72,16.9,,0,1,MEDIUM,MEDIUM,0,0,0,0,RAPID,BEGINNER,99.99,1,NORMAL,1,0,1,4,8
WH-02632,PLANNED,API_SERVICE,195871,2208,22.05,811.44,1119.79,211.28,32.6,,0,1,MEDIUM,VERY_HIGH,0,0,1,0,RAPID,INTERMEDIATE,99.9,0,BUSINESS_HOURS,0,1,0,32,64
WH-02633,PLANNED,API_SERVICE,1041630,71,32.57,38.54,72.84,31.41,45.8,,0,0,MEDIUM,VERY_HIGH,0,0,0,0,RAPID,INTERMEDIATE,99.95,1,BUSINESS_HOURS,0,0,0,8,16
WH-02634,LIVE_URL,SAAS,168509,228,7.31,27.78,74.45,40.65,80.2,55.4,1,0,HIGH,HIGH,0,0,0,0,SLOW,INTERMEDIATE,99.5,0,SEASONAL,0,0,0,4,8
WH-02635,NEW_IDEA,SAAS,9544,145,15.96,38.57,73.28,20.9,71.8,,0,1,HIGH,HIGH,1,79,1,0,MEDIUM,BEGINNER,99.9,0,BUSINESS_HOURS,0,0,1,4,8
WH-02636,PLANNED,SAAS,12080,87,13.15,19.07,27.46,16.23,20.5,,0,1,MEDIUM,MEDIUM,0,0,0,0,MEDIUM,INTERMEDIATE,99.99,1,BUSINESS_HOURS,0,1,1,2,8
WH-02637,PLANNED,SAAS,146574,1552,20.69,535.18,1723.28,153.48,60.0,,0,0,HIGH,HIGH,0,0,1,0,SLOW,INTERMEDIATE,99.5,0,EVENT_DRIVEN,0,1,1,32,64
WH-02638,LIVE_URL,EDUCATION,18666,294,11.26,55.17,136.28,10.15,39.8,72.5,1,0,MEDIUM,MEDIUM,0,0,0,0,SLOW,INTERMEDIATE,99.9,0,SEASONAL,0,0,0,4,8
WH-02639,LIVE_URL,API_SERVICE,539688,4421,18.46,1360.19,2013.09,492.15,69.3,77.3,1,0,MEDIUM,VERY_HIGH,1,1791,1,0,SLOW,ADVANCED,99.95,1,NORMAL,0,0,0,32,64
WH-02640,PLANNED,PORTFOLIO,10085,15,1.93,0.48,1.8,84.96,293.8,,0,0,LOW,LOW,0,0,0,1,SLOW,BEGINNER,99.99,1,EVENT_DRIVEN,0,0,1,2,4
WH-02641,PLANNED,SAAS,438259,7469,5.6,697.11,989.89,449.36,309.6,,0,1,HIGH,HIGH,0,0,1,1,RAPID,ADVANCED,99.9,0,NORMAL,0,1,1,32,64
WH-02642,PLANNED,CORPORATE,74833,20,5.35,1.78,3.42,34.02,175.6,,0,0,LOW,LOW,0,0,1,1,MEDIUM,INTERMEDIATE,99.5,0,WEEKEND,0,0,1,1,4
WH-02643,PLANNED,API_SERVICE,26091,39,11.55,7.51,11.41,39.8,15.4,,0,0,MEDIUM,VERY_HIGH,0,0,0,0,STABLE,ADVANCED,99.9,0,NORMAL,0,0,1,2,4
WH-02644,PLANNED,PORTFOLIO,2676,2,3.03,0.1,0.38,15.17,15.6,,0,0,LOW,LOW,0,0,0,0,MEDIUM,INTERMEDIATE,99.9,0,EVENT_DRIVEN,0,0,0,1,4
WH-02645,LIVE_URL,MARKETPLACE,590165,3551,15.1,893.67,1778.4,604.53,155.0,60.4,1,0,VERY_HIGH,VERY_HIGH,0,0,1,0,MEDIUM,INTERMEDIATE,99.9,0,BUSINESS_HOURS,1,0,0,32,64
WH-02646,PLANNED,CORPORATE,3693,40,5.96,3.97,5.21,20.11,14.5,,0,0,LOW,LOW,0,0,0,0,STABLE,INTERMEDIATE,99.9,0,BUSINESS_HOURS,0,0,0,2,4
WH-02647,LIVE_URL,ECOMMERCE,217989,2012,15.52,520.44,1014.85,123.2,20.8,66.2,1,0,MEDIUM,MEDIUM,0,0,0,0,SLOW,INTERMEDIATE,99.95,1,WEEKEND,0,0,0,32,64
WH-02648,LIVE_URL,SAAS,555949,3540,16.34,964.06,1966.68,346.1,18.4,79.6,1,1,MEDIUM,HIGH,1,990,1,0,MEDIUM,BEGINNER,99.95,1,WEEKEND,1,0,0,32,64
WH-02649,PLANNED,INTERNAL_BUSINESS,157,2,4.66,0.16,0.21,26.53,62.9,,0,0,MEDIUM,MEDIUM,0,0,0,0,RAPID,INTERMEDIATE,99.9,0,EVENING,0,0,0,2,4
WH-02650,NEW_IDEA,ECOMMERCE,639352,248,14.7,60.76,162.23,17.35,14.6,,0,0,MEDIUM,MEDIUM,0,0,1,0,MEDIUM,INTERMEDIATE,99.9,0,EVENT_DRIVEN,0,0,0,8,16
WH-02651,LIVE_URL,CORPORATE,16103,50,3.66,3.05,3.87,13.13,37.5,,0,1,LOW,LOW,0,0,1,0,MEDIUM,ADVANCED,99.9,0,NORMAL,0,1,0,2,4
WH-02652,NEW_IDEA,BLOG,37146,26,3.47,1.5,3.08,11.87,56.4,,0,1,LOW,LOW,0,0,0,0,MEDIUM,BEGINNER,99.9,0,EVENING,0,1,1,2,4
WH-02653,LIVE_URL,SAAS,180788,3908,20.21,1316.34,2316.77,587.12,127.3,57.9,1,0,HIGH,HIGH,1,2265,1,0,RAPID,BEGINNER,BASIC,0,WEEKEND,1,1,1,32,64
WH-02654,LIVE_URL,MARKETPLACE,725764,4371,17.51,1275.6,2946.64,180.78,84.2,72.7,1,0,HIGH,HIGH,0,0,0,0,SLOW,BEGINNER,99.9,0,SEASONAL,0,1,0,32,64
WH-02655,PLANNED,API_SERVICE,16822,229,18.6,70.99,96.55,58.72,147.3,,0,1,MEDIUM,HIGH,0,0,0,1,RAPID,ADVANCED,99.9,0,NORMAL,0,0,0,8,16
WH-02656,LIVE_URL,SAAS,1580112,4210,17.04,1195.64,4089.09,942.95,36.0,68.1,1,1,HIGH,MEDIUM,0,0,0,0,SLOW,BEGINNER,99.95,1,EVENT_DRIVEN,0,1,1,32,64
WH-02657,PLANNED,CORPORATE,49043,8,4.5,0.6,1.04,31.16,56.6,,0,0,LOW,LOW,0,0,0,0,STABLE,BEGINNER,99.9,0,EVENING,0,0,0,2,4
WH-02658,PLANNED,BLOG,5453,69,4.91,5.65,10.78,23.8,47.4,,0,0,LOW,MEDIUM,0,0,1,0,MEDIUM,BEGINNER,99.95,1,BUSINESS_HOURS,0,0,0,2,4
WH-02659,PLANNED,API_SERVICE,334625,4528,26.21,1977.98,2966.97,381.49,51.7,,0,0,LOW,HIGH,0,0,1,0,SLOW,INTERMEDIATE,99.9,0,NORMAL,0,1,1,32,32
WH-02660,PLANNED,API_SERVICE,50896,201,25.44,85.22,121.87,37.33,117.0,,0,0,MEDIUM,VERY_HIGH,1,122,1,0,RAPID,INTERMEDIATE,99.95,1,NORMAL,0,0,0,16,32
WH-02661,LIVE_URL,SAAS,178968,2167,21.9,790.95,2270.04,328.02,32.9,72.7,1,1,HIGH,MEDIUM,0,0,1,0,MEDIUM,BEGINNER,99.99,1,EVENT_DRIVEN,1,1,0,32,64
WH-02662,LIVE_URL,PORTFOLIO,16212,3,3.07,0.15,0.26,17.16,24.5,59.2,1,0,LOW,LOW,0,0,0,0,SLOW,BEGINNER,99.5,0,WEEKEND,0,0,0,2,4
WH-02663,NEW_IDEA,CORPORATE,2039,6,4.3,0.43,0.6,10.94,49.1,,0,1,LOW,LOW,0,0,0,0,STABLE,BEGINNER,BASIC,0,BUSINESS_HOURS,0,0,0,2,4
WH-02664,NEW_IDEA,MARKETPLACE,787222,2236,19.9,741.61,949.26,303.35,53.3,,0,0,HIGH,HIGH,0,0,1,0,MEDIUM,INTERMEDIATE,99.95,1,NORMAL,1,0,0,32,64
WH-02665,LIVE_URL,SAAS,9407,218,5.47,19.87,60.42,21.9,70.2,62.4,1,1,VERY_HIGH,VERY_HIGH,1,105,0,0,MEDIUM,BEGINNER,99.5,0,SEASONAL,0,0,0,8,16
WH-02666,LIVE_URL,CORPORATE,19639,100,1.53,2.55,8.7,8.65,21.1,97.5,1,0,LOW,LOW,0,0,0,0,MEDIUM,ADVANCED,99.9,0,EVENT_DRIVEN,0,0,1,1,4
WH-02667,PLANNED,CORPORATE,68684,54,3.54,3.19,5.26,32.2,59.8,,0,1,LOW,LOW,0,0,1,0,MEDIUM,INTERMEDIATE,99.9,0,WEEKEND,0,0,0,2,4
WH-02668,NEW_IDEA,BLOG,53898,8,1.99,0.27,0.44,16.08,10.9,,0,1,LOW,LOW,0,0,0,0,MEDIUM,INTERMEDIATE,99.9,0,EVENING,0,0,0,2,4
WH-02669,PLANNED,ECOMMERCE,70238,73,5.9,7.18,10.27,23.38,33.0,,0,0,HIGH,HIGH,0,0,1,0,SLOW,INTERMEDIATE,99.95,1,WEEKEND,0,0,0,2,8
WH-02670,LIVE_URL,API_SERVICE,1202566,2653,17.56,776.44,1017.14,247.41,18.4,67.3,1,0,LOW,VERY_HIGH,0,0,0,0,MEDIUM,ADVANCED,99.9,0,BUSINESS_HOURS,0,1,0,32,32
WH-02671,LIVE_URL,SAAS,429281,328,6.05,33.07,64.49,23.0,66.7,65.8,1,0,HIGH,HIGH,0,0,1,0,RAPID,BEGINNER,99.9,0,EVENING,0,0,1,4,8
WH-02672,NEW_IDEA,API_SERVICE,554073,3789,25.88,1634.32,3170.58,681.74,62.7,,0,0,MEDIUM,VERY_HIGH,0,0,1,1,RAPID,INTERMEDIATE,99.9,0,SEASONAL,1,0,1,32,64
WH-02673,PLANNED,MARKETPLACE,242397,122,15.8,32.13,57.51,42.38,749.3,,0,0,HIGH,VERY_HIGH,0,0,1,1,RAPID,BEGINNER,99.9,0,EVENING,0,0,0,4,8
WH-02674,PLANNED,MARKETPLACE,756947,412,7.73,53.08,84.4,61.92,165.6,,0,0,HIGH,HIGH,0,0,1,0,SLOW,INTERMEDIATE,99.95,1,EVENING,0,0,1,8,16
WH-02675,PLANNED,API_SERVICE,65179,144,18.63,44.71,51.87,61.82,30.5,,0,0,MEDIUM,VERY_HIGH,0,0,0,0,RAPID,INTERMEDIATE,99.9,0,NORMAL,0,1,0,4,8
WH-02676,LIVE_URL,BLOG,3717,29,1.84,0.89,1.24,12.6,24.5,87.9,1,0,LOW,LOW,0,0,0,0,MEDIUM,INTERMEDIATE,BASIC,0,NORMAL,0,0,0,2,4
WH-02677,LIVE_URL,API_SERVICE,177022,4518,31.01,2335.05,3829.49,1230.29,123.9,66.9,1,0,MEDIUM,HIGH,0,0,1,1,MEDIUM,INTERMEDIATE,99.95,1,WEEKEND,0,0,0,32,64
WH-02678,NEW_IDEA,MARKETPLACE,226297,2999,14.18,708.76,1793.17,66.18,100.1,,0,1,HIGH,HIGH,0,0,0,1,RAPID,ADVANCED,99.5,0,EVENT_DRIVEN,1,1,1,32,64
WH-02679,PLANNED,MARKETPLACE,38397,959,16.38,261.81,696.41,143.89,39.0,,0,1,HIGH,HIGH,0,0,0,0,SLOW,BEGINNER,99.95,1,EVENT_DRIVEN,0,0,1,32,64
WH-02680,PLANNED,SAAS,65789,61,7.69,7.82,29.24,20.91,146.1,,0,1,VERY_HIGH,MEDIUM,0,0,0,0,MEDIUM,INTERMEDIATE,99.9,0,EVENT_DRIVEN,0,0,1,2,16
WH-02681,PLANNED,MEDIA_STREAMING,549880,651,5.05,54.79,93.15,68.08,95.7,,0,1,MEDIUM,MEDIUM,0,0,0,1,SLOW,BEGINNER,99.9,0,BUSINESS_HOURS,0,0,0,4,8
WH-02682,PLANNED,ECOMMERCE,696182,3475,15.82,916.24,3170.2,419.69,710.2,,0,1,HIGH,MEDIUM,0,0,0,1,RAPID,INTERMEDIATE,99.95,1,EVENT_DRIVEN,1,0,1,32,64
WH-02683,LIVE_URL,SAAS,11989,282,19.08,89.68,171.28,25.12,67.9,60.1,1,0,HIGH,HIGH,0,0,1,0,MEDIUM,INTERMEDIATE,99.99,1,BUSINESS_HOURS,0,0,1,16,32
WH-02684,LIVE_URL,SAAS,5227,71,15.1,17.87,35.74,18.63,14.9,61.0,1,0,HIGH,VERY_HIGH,0,0,0,0,SLOW,BEGINNER,99.9,0,EVENING,0,0,0,2,8
WH-02685,LIVE_URL,SAAS,861155,479,16.44,131.25,179.81,23.69,52.7,90.1,1,1,HIGH,VERY_HIGH,0,0,0,0,RAPID,ADVANCED,99.99,1,NORMAL,0,0,0,16,32
WH-02686,LIVE_URL,API_SERVICE,254503,3365,32.83,1841.22,2467.23,379.36,106.8,,0,1,MEDIUM,VERY_HIGH,0,0,1,0,RAPID,ADVANCED,99.9,0,NORMAL,0,0,1,32,64
WH-02687,LIVE_URL,INTERNAL_BUSINESS,10754,7,9.35,1.09,1.97,17.79,49.8,,0,0,MEDIUM,MEDIUM,0,0,0,0,SLOW,INTERMEDIATE,99.9,0,BUSINESS_HOURS,0,0,0,2,4
WH-02688,PLANNED,CORPORATE,3536,62,3.93,4.06,9.79,25.22,10.0,,0,0,LOW,LOW,0,0,0,0,SLOW,BEGINNER,99.99,1,SEASONAL,0,0,1,2,4
WH-02689,LIVE_URL,SAAS,815031,6468,16.02,1726.96,2711.32,228.18,154.5,78.0,1,0,VERY_HIGH,HIGH,0,0,1,0,MEDIUM,INTERMEDIATE,99.9,0,BUSINESS_HOURS,0,0,1,32,64
WH-02690,LIVE_URL,ECOMMERCE,178432,79,5.07,6.68,10.35,10.69,39.2,71.2,1,0,VERY_HIGH,MEDIUM,0,0,1,0,MEDIUM,BEGINNER,99.95,1,EVENING,0,1,1,2,16
WH-02691,LIVE_URL,BLOG,22352,7,1.51,0.18,0.33,27.35,24.5,52.3,1,0,LOW,LOW,0,0,0,0,STABLE,INTERMEDIATE,99.9,0,EVENING,0,0,1,2,4
WH-02692,LIVE_URL,BLOG,33045,13,2.42,0.52,0.84,8.0,35.5,64.7,1,0,LOW,LOW,0,0,0,1,SLOW,INTERMEDIATE,BASIC,0,BUSINESS_HOURS,0,0,0,1,4
WH-02693,LIVE_URL,BLOG,27020,41,1.97,1.35,1.93,8.61,33.4,76.5,1,0,LOW,LOW,0,0,0,0,MEDIUM,BEGINNER,99.99,1,NORMAL,0,0,0,2,4
WH-02694,LIVE_URL,EDUCATION,49980,204,10.83,36.82,55.23,15.08,15.1,69.7,1,0,LOW,MEDIUM,0,0,1,0,STABLE,BEGINNER,99.9,0,NORMAL,0,0,0,2,4
WH-02695,PLANNED,SAAS,633768,7288,21.63,2627.32,4519.0,300.88,29.8,,0,1,HIGH,VERY_HIGH,1,5901,0,0,SLOW,BEGINNER,99.9,0,EVENING,1,0,0,32,64
WH-02696,PLANNED,SAAS,1278695,6095,19.08,1938.21,2868.55,216.77,90.3,,0,0,HIGH,HIGH,0,0,0,0,SLOW,BEGINNER,99.5,0,NORMAL,0,1,0,32,64
WH-02697,LIVE_URL,COMMUNITY,34961,767,7.08,90.51,133.95,84.54,47.9,87.5,1,1,MEDIUM,MEDIUM,0,0,0,0,STABLE,INTERMEDIATE,99.95,1,BUSINESS_HOURS,0,1,1,8,16
WH-02698,LIVE_URL,BLOG,2926,11,2.94,0.54,0.7,10.6,22.2,86.9,1,0,LOW,LOW,0,0,0,0,RAPID,BEGINNER,99.9,0,NORMAL,0,0,1,1,4
WH-02699,PLANNED,ECOMMERCE,114868,841,9.52,133.44,180.14,57.03,116.5,,0,1,HIGH,HIGH,0,0,0,1,STABLE,ADVANCED,99.5,0,NORMAL,0,0,1,8,16
WH-02700,LIVE_URL,MARKETPLACE,705027,3615,19.76,1190.54,3857.35,517.04,53.8,67.8,1,0,VERY_HIGH,HIGH,0,0,0,0,MEDIUM,ADVANCED,99.9,0,SEASONAL,1,1,0,32,64
WH-02701,PLANNED,MARKETPLACE,516299,681,18.68,212.02,307.43,25.68,72.2,,0,1,HIGH,VERY_HIGH,0,0,1,0,SLOW,ADVANCED,99.9,0,EVENING,0,0,1,32,64
WH-02702,NEW_IDEA,MARKETPLACE,925397,3713,14.83,917.73,2652.24,234.33,226.1,,0,0,HIGH,HIGH,0,0,1,1,SLOW,ADVANCED,BASIC,0,SEASONAL,0,0,0,32,64
WH-02703,LIVE_URL,SAAS,300192,4912,16.11,1318.87,1740.91,115.99,251.5,,0,1,HIGH,VERY_HIGH,1,3488,0,0,MEDIUM,ADVANCED,99.99,1,NORMAL,1,1,0,32,64
WH-02704,NEW_IDEA,CORPORATE,3174,25,4.62,1.93,3.75,12.42,23.6,,0,1,LOW,LOW,0,0,0,0,RAPID,INTERMEDIATE,99.9,0,EVENING,0,0,0,2,4
WH-02705,PLANNED,API_SERVICE,641026,2761,19.07,877.54,2816.9,206.16,64.7,,0,1,HIGH,VERY_HIGH,0,0,0,0,SLOW,INTERMEDIATE,99.99,1,SEASONAL,1,0,1,32,64
WH-02706,PLANNED,SAAS,257345,6028,20.65,2074.64,2904.49,465.68,78.3,,0,0,VERY_HIGH,HIGH,0,0,1,0,MEDIUM,ADVANCED,BASIC,0,EVENING,0,1,0,32,64
WH-02707,LIVE_URL,CORPORATE,3587,7,3.64,0.42,0.55,38.12,70.3,80.1,1,1,LOW,LOW,0,0,0,0,STABLE,ADVANCED,BASIC,0,NORMAL,0,0,1,1,4
WH-02708,NEW_IDEA,PORTFOLIO,1276,20,2.26,0.75,0.98,8.0,33.5,,0,1,LOW,LOW,0,0,1,0,RAPID,BEGINNER,99.9,0,NORMAL,0,0,0,2,4
WH-02709,LIVE_URL,MARKETPLACE,406222,3565,15.68,931.65,2878.81,474.26,25.4,69.8,1,0,HIGH,HIGH,1,2333,1,0,RAPID,BEGINNER,99.95,1,SEASONAL,0,1,1,32,64
WH-02710,LIVE_URL,API_SERVICE,9578,68,10.44,11.83,21.89,34.38,153.2,71.2,1,0,HIGH,VERY_HIGH,0,0,0,0,MEDIUM,BEGINNER,99.9,0,BUSINESS_HOURS,0,0,1,2,8
WH-02711,PLANNED,SAAS,349178,3598,19.52,1170.55,3979.87,586.13,1955.6,,0,0,VERY_HIGH,HIGH,1,2174,1,1,STABLE,BEGINNER,99.95,1,EVENT_DRIVEN,0,1,1,32,64
WH-02712,PLANNED,CORPORATE,5633,45,2.36,1.77,3.06,28.6,15.7,,0,0,LOW,LOW,0,0,0,0,RAPID,BEGINNER,99.95,1,BUSINESS_HOURS,0,0,1,2,4
WH-02713,PLANNED,MARKETPLACE,35167,211,6.8,23.91,48.3,12.83,56.5,,0,1,HIGH,HIGH,0,0,1,0,RAPID,BEGINNER,99.9,0,EVENING,1,0,1,4,8
WH-02714,PLANNED,CORPORATE,11347,8,5.65,0.75,2.82,24.04,10.8,,0,1,LOW,LOW,0,0,0,0,RAPID,BEGINNER,99.9,0,EVENT_DRIVEN,0,0,1,2,4
WH-02715,NEW_IDEA,ECOMMERCE,122345,1936,15.35,495.29,1253.09,123.94,109.4,,0,0,HIGH,HIGH,0,0,1,0,STABLE,INTERMEDIATE,99.9,0,SEASONAL,0,1,0,32,64
WH-02716,LIVE_URL,SAAS,1441820,30,15.73,7.87,12.11,19.15,68.9,46.1,1,1,HIGH,VERY_HIGH,1,24,1,0,MEDIUM,BEGINNER,99.95,1,BUSINESS_HOURS,0,0,0,2,8
WH-02717,PLANNED,BLOG,2591,45,2.71,2.03,2.74,45.86,47.6,,0,0,LOW,LOW,0,0,0,0,SLOW,INTERMEDIATE,99.95,1,EVENING,0,0,1,2,4
WH-02718,NEW_IDEA,MEDIA_STREAMING,413591,79,3.64,4.79,8.2,21.89,103.8,,0,0,LOW,MEDIUM,0,0,1,1,SLOW,BEGINNER,99.9,0,BUSINESS_HOURS,0,0,0,1,4
WH-02719,LIVE_URL,MARKETPLACE,1061937,4362,9.58,696.47,1260.6,189.79,91.2,68.7,1,1,HIGH,HIGH,1,884,0,0,RAPID,INTERMEDIATE,99.9,0,BUSINESS_HOURS,0,1,1,32,64
WH-02720,LIVE_URL,MARKETPLACE,525724,3593,13.65,817.41,2264.22,504.79,436.6,50.8,1,1,HIGH,HIGH,0,0,1,1,SLOW,ADVANCED,99.95,1,EVENT_DRIVEN,1,0,1,32,64
WH-02721,LIVE_URL,PORTFOLIO,29983,27,3.09,1.39,2.09,35.34,34.9,,0,0,LOW,LOW,0,0,0,0,SLOW,INTERMEDIATE,99.5,0,NORMAL,0,0,0,2,4
WH-02722,PLANNED,EDUCATION,5573,13,5.4,1.17,2.67,20.76,202.6,,0,0,HIGH,MEDIUM,0,0,0,1,MEDIUM,INTERMEDIATE,99.5,0,SEASONAL,0,1,1,2,8
WH-02723,LIVE_URL,MARKETPLACE,1290358,4908,7.56,618.41,1026.56,328.62,43.2,86.6,1,1,HIGH,HIGH,0,0,1,0,MEDIUM,INTERMEDIATE,99.99,1,EVENING,0,1,0,32,64
WH-02724,LIVE_URL,CORPORATE,7290,41,5.46,3.73,5.75,13.34,41.7,67.6,1,1,LOW,LOW,0,0,1,1,RAPID,INTERMEDIATE,99.99,1,WEEKEND,0,0,0,2,4
WH-02725,NEW_IDEA,SAAS,260690,2492,13.59,564.44,795.86,313.62,48.8,,0,0,HIGH,VERY_HIGH,0,0,1,0,MEDIUM,ADVANCED,99.99,1,NORMAL,0,0,1,32,64
WH-02726,PLANNED,API_SERVICE,1044415,5171,18.73,1614.21,2324.47,335.15,16.4,,0,0,MEDIUM,HIGH,1,1347,1,0,RAPID,ADVANCED,99.95,1,WEEKEND,0,1,1,32,64
WH-02727,NEW_IDEA,BLOG,6318,94,2.53,3.96,6.74,15.22,37.5,,0,1,LOW,LOW,0,0,0,0,STABLE,INTERMEDIATE,99.9,0,EVENING,0,0,1,1,4
WH-02728,NEW_IDEA,PORTFOLIO,16107,22,3.23,1.18,2.04,39.01,20.8,,0,1,LOW,LOW,0,0,0,0,RAPID,BEGINNER,99.9,0,WEEKEND,0,1,0,2,4
WH-02729,PLANNED,EDUCATION,174642,71,8.01,9.48,30.33,14.35,16.3,,0,0,MEDIUM,MEDIUM,0,0,0,0,MEDIUM,BEGINNER,99.9,0,SEASONAL,0,0,1,1,4
WH-02730,NEW_IDEA,BLOG,6610,46,4.38,3.36,6.85,32.73,31.3,,0,0,LOW,LOW,0,0,0,0,MEDIUM,INTERMEDIATE,99.9,0,EVENT_DRIVEN,0,0,0,1,4
WH-02731,NEW_IDEA,CORPORATE,2227,27,4.86,2.19,4.53,21.99,36.7,,0,0,LOW,LOW,0,0,0,0,STABLE,INTERMEDIATE,BASIC,0,EVENING,0,0,1,1,4
WH-02732,NEW_IDEA,API_SERVICE,1275998,3085,29.53,1518.33,2505.25,337.03,75.6,,0,1,MEDIUM,VERY_HIGH,0,0,1,0,RAPID,ADVANCED,99.99,1,WEEKEND,0,0,0,32,64
WH-02733,PLANNED,MARKETPLACE,278902,2285,19.38,738.05,2369.16,550.46,289.7,,0,1,HIGH,HIGH,0,0,1,1,MEDIUM,ADVANCED,99.5,0,EVENT_DRIVEN,0,1,1,32,64
WH-02734,LIVE_URL,SAAS,253931,3079,10.74,551.14,655.86,80.94,31.8,74.8,1,1,HIGH,HIGH,0,0,1,0,SLOW,ADVANCED,99.9,0,NORMAL,0,1,1,32,64
WH-02735,NEW_IDEA,INTERNAL_BUSINESS,467,4,9.0,0.6,0.95,13.0,34.0,,0,1,MEDIUM,MEDIUM,0,0,1,0,RAPID,BEGINNER,99.9,0,EVENING,0,0,1,2,4
WH-02736,PLANNED,BLOG,13133,12,3.81,0.76,1.07,22.75,87.2,,0,0,LOW,LOW,0,0,0,1,SLOW,INTERMEDIATE,99.5,0,BUSINESS_HOURS,0,0,0,1,4
WH-02737,PLANNED,BLOG,54266,7,1.78,0.21,0.27,8.43,10.3,,0,0,LOW,LOW,0,0,0,0,SLOW,BEGINNER,99.95,1,BUSINESS_HOURS,0,0,0,2,4
WH-02738,LIVE_URL,ECOMMERCE,36014,136,8.83,20.01,36.63,38.76,114.1,99.0,1,0,VERY_HIGH,HIGH,0,0,1,0,MEDIUM,INTERMEDIATE,99.9,0,BUSINESS_HOURS,0,0,1,4,16
WH-02739,LIVE_URL,SAAS,1245333,3417,16.94,964.73,2865.26,654.22,59.7,74.0,1,0,HIGH,HIGH,0,0,1,0,SLOW,BEGINNER,99.9,0,EVENT_DRIVEN,1,0,1,32,64
WH-02740,NEW_IDEA,PORTFOLIO,3280,13,2.45,0.53,0.83,30.43,75.5,,0,1,LOW,LOW,0,0,0,0,RAPID,BEGINNER,99.9,0,BUSINESS_HOURS,0,0,1,1,2
WH-02741,LIVE_URL,SAAS,8510,60,12.13,12.13,26.56,25.72,57.0,74.9,1,0,HIGH,HIGH,0,0,1,0,SLOW,BEGINNER,99.95,1,EVENT_DRIVEN,0,0,0,2,8
WH-02742,LIVE_URL,SAAS,630047,204,15.58,52.97,101.18,21.71,54.9,70.1,1,0,HIGH,HIGH,0,0,0,0,SLOW,BEGINNER,99.9,0,EVENING,0,0,1,4,8
WH-02743,LIVE_URL,ECOMMERCE,296972,43,10.48,7.51,14.35,9.71,92.8,65.1,1,0,MEDIUM,HIGH,0,0,1,0,STABLE,INTERMEDIATE,99.5,0,BUSINESS_HOURS,0,0,1,2,4
WH-02744,LIVE_URL,SAAS,534408,117,6.94,13.53,47.09,17.34,113.4,59.0,1,0,HIGH,HIGH,1,51,0,0,RAPID,INTERMEDIATE,99.99,1,SEASONAL,0,0,0,4,8
WH-02745,PLANNED,MEDIA_STREAMING,1151584,54,3.66,3.29,4.84,26.25,31.0,,0,0,LOW,MEDIUM,0,0,0,1,SLOW,BEGINNER,99.5,0,WEEKEND,0,0,0,1,4
WH-02746,PLANNED,CORPORATE,9920,151,3.81,9.59,19.18,21.32,39.9,,0,0,LOW,LOW,0,0,0,0,SLOW,BEGINNER,99.9,0,SEASONAL,0,0,0,2,4
WH-02747,PLANNED,MARKETPLACE,51005,408,15.51,105.47,141.33,58.37,206.8,,0,0,HIGH,HIGH,0,0,0,0,STABLE,INTERMEDIATE,99.95,1,NORMAL,0,0,0,8,16
WH-02748,NEW_IDEA,ECOMMERCE,20746,326,13.88,75.41,109.35,69.09,433.7,,0,1,HIGH,HIGH,0,0,0,1,MEDIUM,BEGINNER,99.95,1,BUSINESS_HOURS,0,0,1,8,16
WH-02749,PLANNED,SAAS,619354,2264,17.18,648.26,1147.42,353.81,32.1,,0,1,VERY_HIGH,HIGH,0,0,1,0,MEDIUM,INTERMEDIATE,99.5,0,BUSINESS_HOURS,0,1,0,32,64
WH-02750,NEW_IDEA,SAAS,1436420,7459,10.04,1248.14,2396.43,549.26,49.5,,0,1,MEDIUM,MEDIUM,1,2024,1,0,SLOW,INTERMEDIATE,99.95,1,WEEKEND,1,1,0,32,64
WH-02751,LIVE_URL,ECOMMERCE,136843,607,11.92,120.59,159.18,114.75,814.9,66.5,1,0,VERY_HIGH,HIGH,0,0,0,1,STABLE,INTERMEDIATE,99.9,0,NORMAL,0,0,0,16,32
WH-02752,NEW_IDEA,ECOMMERCE,262997,2200,13.77,504.9,716.96,496.66,46.2,,0,0,HIGH,HIGH,0,0,1,0,MEDIUM,ADVANCED,99.99,1,WEEKEND,0,1,0,32,64
WH-02753,PLANNED,PORTFOLIO,5558,4,3.71,0.25,0.44,15.57,27.3,,0,0,LOW,LOW,0,0,0,0,STABLE,INTERMEDIATE,99.99,1,EVENING,0,0,1,2,4
WH-02754,LIVE_URL,MARKETPLACE,431551,4611,18.73,1439.4,1698.49,272.92,288.0,83.8,1,1,HIGH,HIGH,0,0,1,1,RAPID,ADVANCED,99.95,1,NORMAL,0,1,0,32,64
WH-02755,LIVE_URL,BLOG,21289,62,4.54,4.69,9.85,16.03,65.8,79.9,1,1,LOW,LOW,0,0,0,0,STABLE,ADVANCED,99.95,1,WEEKEND,0,0,0,2,4
WH-02756,PLANNED,SAAS,35197,710,20.14,238.32,419.45,28.22,48.8,,0,0,HIGH,HIGH,1,165,1,0,MEDIUM,BEGINNER,99.9,0,SEASONAL,0,0,1,32,64
WH-02757,LIVE_URL,COMMUNITY,126706,66,4.18,4.6,14.94,18.32,72.9,86.0,1,0,MEDIUM,MEDIUM,1,37,0,0,MEDIUM,ADVANCED,BASIC,0,EVENT_DRIVEN,0,0,1,1,4
WH-02758,PLANNED,API_SERVICE,121022,56,15.97,14.91,18.48,21.28,13.3,,0,0,LOW,VERY_HIGH,0,0,1,0,STABLE,INTERMEDIATE,99.99,1,NORMAL,0,1,0,2,8
WH-02759,NEW_IDEA,BLOG,9172,16,3.26,0.87,1.41,49.86,157.1,,0,1,LOW,LOW,0,0,0,1,RAPID,INTERMEDIATE,99.9,0,BUSINESS_HOURS,0,0,1,1,4
WH-02760,LIVE_URL,SAAS,720270,3083,17.3,888.93,3271.27,360.1,19.2,72.0,1,1,MEDIUM,VERY_HIGH,0,0,0,0,RAPID,INTERMEDIATE,99.95,1,EVENT_DRIVEN,0,0,0,32,64
WH-02761,PLANNED,BLOG,13652,13,4.0,0.87,1.28,11.86,47.3,,0,0,LOW,LOW,0,0,0,0,MEDIUM,BEGINNER,99.5,0,NORMAL,0,0,0,2,4
WH-02762,PLANNED,SAAS,25576,388,22.79,147.38,275.59,147.01,26.0,,0,1,HIGH,HIGH,0,0,1,0,MEDIUM,ADVANCED,99.99,1,WEEKEND,1,0,1,16,32
WH-02763,PLANNED,API_SERVICE,414150,4880,15.86,1289.95,2799.18,173.38,63.5,,0,0,MEDIUM,HIGH,0,0,0,0,MEDIUM,ADVANCED,99.5,0,EVENT_DRIVEN,0,1,0,32,64
WH-02764,LIVE_URL,SAAS,1682178,1792,12.72,379.9,725.62,196.22,177.7,74.2,1,0,VERY_HIGH,VERY_HIGH,0,0,0,0,MEDIUM,ADVANCED,99.95,1,BUSINESS_HOURS,1,0,0,32,64
WH-02765,NEW_IDEA,SAAS,910252,52,6.23,5.4,14.85,14.39,23.9,,0,0,MEDIUM,HIGH,0,0,0,0,STABLE,ADVANCED,99.95,1,SEASONAL,1,0,0,2,8
WH-02766,NEW_IDEA,CORPORATE,77406,5,4.26,0.35,0.42,16.05,374.5,,0,1,LOW,MEDIUM,0,0,0,1,RAPID,BEGINNER,99.5,0,NORMAL,0,1,1,2,4
WH-02767,LIVE_URL,SAAS,848237,5501,17.95,1645.72,2419.2,261.41,76.6,71.9,1,0,HIGH,VERY_HIGH,0,0,1,0,MEDIUM,INTERMEDIATE,99.95,1,NORMAL,1,0,0,32,64
WH-02768,PLANNED,CORPORATE,20428,63,5.49,5.76,11.47,42.34,11.7,,0,0,LOW,LOW,0,0,0,0,RAPID,BEGINNER,99.9,0,BUSINESS_HOURS,0,0,0,2,4
WH-02769,LIVE_URL,NEWS,596157,7260,8.17,988.57,2451.65,317.71,27.7,71.7,1,1,MEDIUM,HIGH,0,0,0,0,RAPID,BEGINNER,99.5,0,EVENT_DRIVEN,1,1,0,32,64
WH-02770,LIVE_URL,SAAS,295463,3865,21.89,1410.08,4061.03,357.9,97.8,79.5,1,1,MEDIUM,VERY_HIGH,0,0,0,0,SLOW,BEGINNER,99.9,0,EVENT_DRIVEN,1,0,0,32,64
WH-02771,LIVE_URL,BLOG,52633,6,4.59,0.46,0.66,19.93,10.0,69.6,1,1,LOW,LOW,0,0,1,0,MEDIUM,BEGINNER,99.9,0,NORMAL,0,0,0,1,4
WH-02772,PLANNED,MARKETPLACE,1293350,5083,9.0,762.45,2256.85,563.8,644.1,,0,1,VERY_HIGH,VERY_HIGH,1,3838,1,1,RAPID,INTERMEDIATE,99.9,0,SEASONAL,0,1,0,32,64
WH-02773,NEW_IDEA,SAAS,831323,3910,15.41,1004.22,1777.47,280.12,103.4,,0,1,HIGH,HIGH,0,0,0,0,MEDIUM,INTERMEDIATE,99.99,1,EVENING,1,1,0,32,64
WH-02774,LIVE_URL,ECOMMERCE,278442,171,14.44,41.15,88.48,47.19,192.8,55.5,1,0,HIGH,HIGH,0,0,0,1,MEDIUM,INTERMEDIATE,99.9,0,EVENT_DRIVEN,0,0,1,4,8
WH-02775,LIVE_URL,PORTFOLIO,1637,45,1.58,1.19,4.09,28.49,27.8,76.4,1,0,LOW,LOW,0,0,1,0,SLOW,BEGINNER,99.9,0,SEASONAL,0,1,1,2,4
WH-02776,NEW_IDEA,API_SERVICE,825049,4175,14.6,1015.92,3962.07,716.72,32.0,,0,0,MEDIUM,VERY_HIGH,0,0,1,0,STABLE,BEGINNER,99.95,1,EVENT_DRIVEN,0,1,1,32,64
WH-02777,LIVE_URL,API_SERVICE,662489,4141,21.27,1467.98,2157.94,450.77,83.1,66.0,1,0,MEDIUM,VERY_HIGH,0,0,0,0,STABLE,INTERMEDIATE,BASIC,0,NORMAL,0,0,1,32,64
WH-02778,NEW_IDEA,MARKETPLACE,39258,886,19.71,291.05,422.02,174.28,1284.1,,0,1,VERY_HIGH,HIGH,0,0,0,1,RAPID,ADVANCED,99.99,1,NORMAL,0,1,0,32,64
WH-02779,LIVE_URL,SAAS,58362,72,12.05,14.46,18.65,42.61,27.3,79.9,1,0,HIGH,HIGH,0,0,0,0,RAPID,INTERMEDIATE,99.9,0,NORMAL,0,0,0,1,8
WH-02780,LIVE_URL,PORTFOLIO,28392,12,2.09,0.42,0.81,18.18,265.9,59.1,1,0,LOW,LOW,0,0,0,1,MEDIUM,BEGINNER,99.9,0,EVENING,0,1,0,2,4
WH-02781,LIVE_URL,MARKETPLACE,91747,2540,19.03,805.6,1442.03,189.43,38.6,81.2,1,0,HIGH,MEDIUM,0,0,0,0,SLOW,INTERMEDIATE,99.95,1,BUSINESS_HOURS,0,0,0,32,64
WH-02782,PLANNED,PORTFOLIO,15474,10,3.51,0.58,0.83,8.51,50.6,,0,0,LOW,LOW,0,0,1,0,MEDIUM,INTERMEDIATE,99.95,1,NORMAL,0,0,0,2,4
WH-02783,PLANNED,BLOG,47466,22,4.78,1.75,4.49,17.16,12.3,,0,1,LOW,LOW,0,0,0,0,STABLE,INTERMEDIATE,BASIC,0,SEASONAL,0,0,1,1,4
WH-02784,PLANNED,MARKETPLACE,15427,314,7.92,41.45,56.78,58.03,168.5,,0,1,HIGH,HIGH,0,0,0,0,MEDIUM,INTERMEDIATE,BASIC,0,NORMAL,0,0,1,4,8
WH-02785,NEW_IDEA,MARKETPLACE,109301,178,11.52,34.18,50.92,17.39,50.8,,0,1,HIGH,HIGH,0,0,0,0,MEDIUM,INTERMEDIATE,99.95,1,NORMAL,0,0,1,4,8
WH-02786,PLANNED,API_SERVICE,133391,333,13.98,77.59,100.09,68.16,131.8,,0,1,MEDIUM,VERY_HIGH,0,0,0,0,MEDIUM,INTERMEDIATE,99.9,0,NORMAL,0,0,1,8,16
WH-02787,PLANNED,API_SERVICE,115572,83,12.86,17.79,26.33,18.87,66.9,,0,1,LOW,HIGH,0,0,0,0,SLOW,ADVANCED,BASIC,0,NORMAL,0,0,1,2,4
WH-02788,PLANNED,BLOG,31203,26,4.61,2.0,4.08,9.88,10.0,,0,1,LOW,LOW,0,0,0,0,SLOW,BEGINNER,99.95,1,SEASONAL,0,0,0,2,4
WH-02789,NEW_IDEA,ECOMMERCE,202274,3095,16.66,859.38,2543.76,892.94,26.4,,0,0,VERY_HIGH,HIGH,0,0,1,0,STABLE,BEGINNER,99.95,1,EVENT_DRIVEN,0,1,1,32,64
WH-02790,LIVE_URL,EDUCATION,53656,143,4.93,11.75,14.92,13.64,42.1,82.9,1,0,HIGH,MEDIUM,0,0,0,0,STABLE,BEGINNER,99.9,0,NORMAL,0,0,1,2,8
WH-02791,PLANNED,BLOG,5421,50,3.05,2.54,3.25,20.8,39.1,,0,0,LOW,LOW,0,0,0,1,MEDIUM,BEGINNER,99.9,0,NORMAL,0,0,0,1,4
WH-02792,PLANNED,PORTFOLIO,19841,4,1.47,0.1,0.23,8.0,10.0,,0,1,LOW,MEDIUM,0,0,0,0,SLOW,INTERMEDIATE,99.95,1,SEASONAL,0,0,1,2,4
WH-02793,PLANNED,SAAS,183189,3802,16.78,1063.29,3562.03,357.22,153.3,,0,0,HIGH,HIGH,1,916,0,1,MEDIUM,BEGINNER,99.9,0,SEASONAL,0,1,1,32,64
WH-02794,PLANNED,SAAS,687292,3563,20.54,1219.73,1890.59,924.63,36.9,,0,1,HIGH,HIGH,1,2977,1,0,STABLE,INTERMEDIATE,99.9,0,WEEKEND,0,0,0,32,64
WH-02795,LIVE_URL,API_SERVICE,517562,6713,29.89,3344.19,8327.04,836.4,21.1,84.5,1,0,MEDIUM,VERY_HIGH,0,0,1,0,RAPID,INTERMEDIATE,99.99,1,SEASONAL,1,0,1,32,64
WH-02796,NEW_IDEA,ECOMMERCE,278829,3210,10.55,564.42,1614.26,203.64,253.1,,0,0,VERY_HIGH,HIGH,0,0,1,0,MEDIUM,ADVANCED,99.99,1,EVENT_DRIVEN,0,1,1,32,64
WH-02797,LIVE_URL,SAAS,822634,3837,21.61,1381.96,4297.89,435.2,19.8,55.7,1,0,MEDIUM,HIGH,0,0,1,0,MEDIUM,ADVANCED,99.99,1,SEASONAL,0,0,0,32,64
WH-02798,LIVE_URL,ECOMMERCE,102122,1722,17.73,508.85,1857.31,363.12,204.6,72.4,1,0,HIGH,HIGH,1,1019,1,0,RAPID,BEGINNER,99.99,1,EVENT_DRIVEN,1,1,1,32,64
WH-02799,LIVE_URL,MARKETPLACE,1266139,5955,11.43,1134.43,2484.4,258.75,1342.3,65.5,1,1,HIGH,VERY_HIGH,1,1847,1,1,RAPID,INTERMEDIATE,99.5,0,SEASONAL,0,0,0,32,64
WH-02800,PLANNED,SAAS,130604,769,21.72,278.38,398.08,57.53,55.2,,0,0,HIGH,HIGH,0,0,1,0,SLOW,INTERMEDIATE,BASIC,0,NORMAL,0,0,1,32,64
WH-02801,LIVE_URL,SAAS,267527,5559,20.25,1876.16,5966.2,1271.43,170.4,89.8,1,0,HIGH,MEDIUM,0,0,1,0,SLOW,ADVANCED,99.5,0,EVENT_DRIVEN,0,0,0,32,64
WH-02802,PLANNED,SAAS,1656778,3892,17.06,1106.63,1659.94,335.23,52.7,,0,1,HIGH,HIGH,0,0,1,0,SLOW,INTERMEDIATE,BASIC,0,NORMAL,0,1,1,32,64
WH-02803,PLANNED,API_SERVICE,540487,4301,17.02,1220.05,3782.16,509.98,15.1,,0,0,MEDIUM,HIGH,1,3020,1,0,MEDIUM,BEGINNER,99.99,1,EVENT_DRIVEN,1,1,0,32,64
WH-02804,LIVE_URL,CORPORATE,2931,33,3.38,1.86,3.23,13.92,18.3,83.6,1,0,LOW,LOW,0,0,0,0,MEDIUM,ADVANCED,99.99,1,SEASONAL,0,0,0,2,4
WH-02805,PLANNED,CORPORATE,49237,6,3.42,0.34,0.52,22.17,17.2,,0,0,LOW,LOW,0,0,1,0,SLOW,INTERMEDIATE,99.9,0,WEEKEND,0,0,0,1,4
WH-02806,NEW_IDEA,SAAS,232050,5424,15.03,1358.71,1711.98,237.88,40.0,,0,1,HIGH,HIGH,0,0,1,0,SLOW,ADVANCED,99.95,1,NORMAL,0,1,0,32,64
WH-02807,PLANNED,SAAS,177894,38,18.1,11.46,20.06,22.0,131.7,,0,1,HIGH,MEDIUM,0,0,0,0,SLOW,INTERMEDIATE,BASIC,0,EVENING,0,0,1,2,8
WH-02808,NEW_IDEA,ECOMMERCE,887591,1802,10.23,307.24,992.39,226.48,184.3,,0,0,HIGH,HIGH,0,0,1,1,MEDIUM,BEGINNER,99.9,0,SEASONAL,0,0,1,32,64
WH-02809,LIVE_URL,BLOG,40159,81,2.12,2.86,8.44,16.35,63.7,45.4,1,0,LOW,LOW,0,0,1,0,SLOW,BEGINNER,99.95,1,EVENT_DRIVEN,0,0,1,2,4
WH-02810,PLANNED,CORPORATE,16250,22,4.62,1.69,2.39,36.92,64.8,,0,1,LOW,LOW,0,0,1,1,RAPID,ADVANCED,99.9,0,NORMAL,0,0,0,1,4
WH-02811,PLANNED,SAAS,74928,1508,15.1,379.51,1362.45,403.54,206.5,,0,0,HIGH,HIGH,0,0,0,1,STABLE,ADVANCED,99.99,1,EVENT_DRIVEN,0,1,1,32,64
WH-02812,LIVE_URL,MARKETPLACE,21072,46,11.78,9.03,14.0,14.45,86.3,79.2,1,0,HIGH,HIGH,1,35,1,0,RAPID,ADVANCED,99.9,0,BUSINESS_HOURS,0,0,1,2,8
WH-02813,LIVE_URL,API_SERVICE,103014,676,18.77,211.48,285.49,43.06,18.8,69.3,1,0,MEDIUM,VERY_HIGH,0,0,0,0,RAPID,INTERMEDIATE,99.9,0,NORMAL,0,0,1,16,32
WH-02814,PLANNED,CORPORATE,95878,7,3.91,0.46,0.68,44.9,139.1,,0,0,LOW,LOW,0,0,0,1,SLOW,ADVANCED,99.5,0,NORMAL,0,0,0,1,4
WH-02815,LIVE_URL,SAAS,256419,42,10.8,7.56,10.13,20.52,79.4,61.5,1,0,HIGH,HIGH,0,0,1,0,MEDIUM,BEGINNER,99.9,0,EVENING,0,0,1,1,8
WH-02816,NEW_IDEA,CORPORATE,27602,107,3.6,6.42,8.6,64.07,65.1,,0,0,LOW,LOW,0,0,0,0,RAPID,INTERMEDIATE,99.95,1,BUSINESS_HOURS,0,0,1,2,4
WH-02817,LIVE_URL,SAAS,502250,4003,14.84,990.08,2663.3,261.41,10.6,89.1,1,0,MEDIUM,HIGH,0,0,0,0,SLOW,BEGINNER,99.99,1,EVENT_DRIVEN,0,0,0,32,64
WH-02818,PLANNED,SAAS,7714,63,11.9,12.5,23.12,75.72,57.6,,0,1,VERY_HIGH,HIGH,0,0,0,0,RAPID,INTERMEDIATE,BASIC,0,BUSINESS_HOURS,0,0,1,2,16
WH-02819,PLANNED,MARKETPLACE,1219349,42,9.73,6.81,25.47,86.4,97.7,,0,0,HIGH,HIGH,1,19,1,0,STABLE,INTERMEDIATE,99.9,0,EVENT_DRIVEN,1,0,1,2,8
WH-02820,PLANNED,NEWS,566654,3262,3.7,201.16,663.82,147.59,13.3,,0,1,MEDIUM,MEDIUM,0,0,0,0,MEDIUM,BEGINNER,99.9,0,EVENT_DRIVEN,0,0,1,16,32
WH-02821,LIVE_URL,SAAS,99368,1869,21.77,678.14,1864.87,629.32,213.6,76.4,1,1,HIGH,HIGH,0,0,1,0,RAPID,BEGINNER,99.9,0,SEASONAL,0,1,1,32,64
WH-02822,PLANNED,COMMUNITY,10862,135,5.89,13.25,22.66,50.73,572.6,,0,0,MEDIUM,HIGH,0,0,0,1,STABLE,INTERMEDIATE,BASIC,0,BUSINESS_HOURS,0,0,1,2,8
WH-02823,PLANNED,API_SERVICE,558323,999,27.38,455.88,1025.72,130.1,91.4,,0,1,MEDIUM,VERY_HIGH,0,0,0,0,SLOW,ADVANCED,99.9,0,EVENT_DRIVEN,1,1,0,32,64
WH-02824,LIVE_URL,CORPORATE,2086,14,4.97,1.16,1.99,16.24,10.0,65.5,1,0,LOW,MEDIUM,0,0,0,0,SLOW,BEGINNER,99.9,0,BUSINESS_HOURS,0,0,0,2,4
WH-02825,PLANNED,API_SERVICE,10400,123,32.16,65.93,104.83,17.69,60.0,,0,1,LOW,HIGH,0,0,0,0,SLOW,INTERMEDIATE,99.95,1,BUSINESS_HOURS,0,0,1,8,8
WH-02826,PLANNED,SAAS,5643,121,14.19,28.62,56.95,31.98,27.7,,0,1,MEDIUM,HIGH,1,43,0,0,STABLE,BEGINNER,99.9,0,BUSINESS_HOURS,0,0,1,4,8
WH-02827,LIVE_URL,SAAS,1273724,5613,21.26,1988.87,3739.08,1145.38,91.5,,0,1,HIGH,HIGH,0,0,1,0,SLOW,BEGINNER,99.9,0,EVENING,0,0,1,32,64
WH-02828,LIVE_URL,SAAS,74653,83,6.09,8.42,14.32,30.58,32.7,78.4,1,0,HIGH,HIGH,0,0,0,0,MEDIUM,BEGINNER,99.95,1,BUSINESS_HOURS,0,0,1,2,8
WH-02829,PLANNED,SAAS,850730,5525,20.09,1849.95,2719.43,852.06,138.2,,0,0,VERY_HIGH,HIGH,0,0,1,0,STABLE,ADVANCED,99.5,0,NORMAL,0,0,1,32,64
WH-02830,PLANNED,API_SERVICE,415098,2717,20.52,929.21,2406.66,446.66,21.2,,0,0,MEDIUM,VERY_HIGH,0,0,0,0,STABLE,INTERMEDIATE,99.99,1,SEASONAL,0,0,0,32,64
WH-02831,LIVE_URL,MEDIA_STREAMING,18803,48,4.3,3.44,7.43,52.95,280.5,68.6,1,0,HIGH,MEDIUM,0,0,0,1,MEDIUM,BEGINNER,99.9,0,WEEKEND,0,0,1,1,8
WH-02832,LIVE_URL,PORTFOLIO,877,3,2.97,0.15,0.41,10.75,10.0,53.5,1,0,LOW,LOW,0,0,0,0,MEDIUM,INTERMEDIATE,99.95,1,EVENT_DRIVEN,0,0,0,2,4
WH-02833,PLANNED,ECOMMERCE,370136,3091,9.43,485.8,2020.94,508.28,43.0,,0,0,HIGH,VERY_HIGH,0,0,1,0,RAPID,INTERMEDIATE,99.9,0,EVENT_DRIVEN,1,0,1,32,64
WH-02834,LIVE_URL,SAAS,1207092,5241,16.27,1421.18,1847.54,360.9,175.7,61.2,1,0,HIGH,HIGH,1,3408,0,0,STABLE,INTERMEDIATE,99.5,0,NORMAL,0,1,0,32,64
WH-02835,PLANNED,BLOG,42534,43,2.42,1.73,2.06,16.76,44.7,,0,0,LOW,LOW,0,0,0,1,MEDIUM,BEGINNER,99.95,1,NORMAL,0,0,1,2,4
WH-02836,LIVE_URL,API_SERVICE,1192004,5150,25.76,2211.07,4444.24,1379.31,53.6,78.5,1,0,LOW,VERY_HIGH,0,0,0,0,SLOW,ADVANCED,99.95,1,WEEKEND,1,1,0,32,32
WH-02837,LIVE_URL,PORTFOLIO,1407,5,3.27,0.27,0.39,31.82,34.0,72.6,1,0,LOW,LOW,0,0,0,0,SLOW,INTERMEDIATE,99.9,0,NORMAL,0,0,0,2,4
WH-02838,LIVE_URL,BLOG,30051,58,4.73,4.57,16.41,60.32,42.8,83.2,1,1,LOW,LOW,0,0,0,0,STABLE,BEGINNER,99.95,1,EVENT_DRIVEN,0,0,0,2,4
WH-02839,LIVE_URL,MARKETPLACE,591746,4750,9.69,767.12,2899.73,425.3,176.0,77.9,1,1,VERY_HIGH,HIGH,0,0,1,0,SLOW,INTERMEDIATE,99.5,0,EVENT_DRIVEN,0,0,1,32,64
WH-02840,PLANNED,API_SERVICE,32708,120,34.5,69.0,86.25,23.12,47.7,,0,0,LOW,VERY_HIGH,0,0,1,0,STABLE,ADVANCED,99.95,1,NORMAL,0,0,0,8,8
WH-02841,LIVE_URL,ECOMMERCE,112345,2099,16.08,562.53,995.68,407.76,154.4,,0,0,HIGH,HIGH,0,0,1,0,RAPID,INTERMEDIATE,99.9,0,BUSINESS_HOURS,0,1,1,32,64
WH-02842,NEW_IDEA,COMMUNITY,485120,445,12.09,89.67,215.2,50.42,79.7,,0,1,MEDIUM,LOW,0,0,1,0,RAPID,BEGINNER,99.9,0,SEASONAL,0,0,1,8,16
WH-02843,NEW_IDEA,SAAS,467136,3871,18.89,1218.72,2924.93,434.96,145.1,,0,1,HIGH,HIGH,0,0,0,1,RAPID,ADVANCED,99.5,0,SEASONAL,0,0,1,32,64
WH-02844,LIVE_URL,API_SERVICE,408250,3706,33.15,2047.56,4299.89,458.49,13.9,72.6,1,0,MEDIUM,VERY_HIGH,0,0,0,0,RAPID,BEGINNER,99.9,0,WEEKEND,0,0,1,32,64
WH-02845,PLANNED,CORPORATE,45580,91,3.02,4.58,7.97,18.16,51.3,,0,0,LOW,LOW,0,0,0,0,MEDIUM,INTERMEDIATE,99.5,0,BUSINESS_HOURS,0,1,0,2,4
WH-02846,PLANNED,BLOG,4004,5,2.25,0.19,0.22,9.31,10.7,,0,1,LOW,LOW,0,0,0,0,MEDIUM,BEGINNER,99.5,0,NORMAL,0,0,0,2,4
WH-02847,PLANNED,PORTFOLIO,22985,7,3.1,0.36,0.66,13.49,59.1,,0,0,LOW,LOW,0,0,0,0,STABLE,ADVANCED,99.95,1,WEEKEND,0,0,1,2,4
WH-02848,LIVE_URL,API_SERVICE,645819,2539,34.04,1440.46,2203.9,166.81,30.5,,0,0,MEDIUM,VERY_HIGH,0,0,0,0,MEDIUM,ADVANCED,99.9,0,NORMAL,1,0,0,32,64
WH-02849,LIVE_URL,BLOG,5721,12,2.45,0.49,1.08,11.32,38.2,72.8,1,1,LOW,LOW,0,0,0,1,SLOW,INTERMEDIATE,99.9,0,EVENT_DRIVEN,0,0,0,1,4
WH-02850,LIVE_URL,SAAS,555582,551,19.4,178.16,272.58,122.7,94.8,54.7,1,1,HIGH,VERY_HIGH,1,275,0,0,STABLE,BEGINNER,99.5,0,BUSINESS_HOURS,1,0,0,16,32
WH-02851,PLANNED,API_SERVICE,21169,545,11.09,100.73,122.9,62.27,13.7,,0,0,MEDIUM,VERY_HIGH,0,0,1,0,RAPID,ADVANCED,99.95,1,NORMAL,0,0,0,8,16
WH-02852,LIVE_URL,CORPORATE,16999,147,5.64,13.82,20.87,40.74,18.9,50.6,1,0,LOW,LOW,0,0,0,0,MEDIUM,INTERMEDIATE,BASIC,0,NORMAL,0,0,0,2,4
WH-02853,PLANNED,CORPORATE,17673,174,2.56,7.42,9.65,15.25,144.8,,0,0,LOW,LOW,0,0,0,1,SLOW,BEGINNER,99.9,0,BUSINESS_HOURS,0,0,0,2,4
WH-02854,PLANNED,ECOMMERCE,235307,689,11.53,132.4,418.39,43.81,60.1,,0,1,HIGH,HIGH,0,0,0,0,MEDIUM,ADVANCED,99.95,1,EVENT_DRIVEN,0,0,1,32,64
WH-02855,LIVE_URL,ECOMMERCE,16234,146,5.16,12.56,18.46,16.98,64.0,81.9,1,1,HIGH,HIGH,0,0,1,0,MEDIUM,INTERMEDIATE,99.99,1,NORMAL,0,0,1,2,8
WH-02856,LIVE_URL,EDUCATION,12476,158,3.87,10.19,21.2,11.36,11.3,99.0,1,0,MEDIUM,MEDIUM,1,132,1,0,RAPID,ADVANCED,99.5,0,EVENING,0,0,0,1,8
WH-02857,LIVE_URL,PORTFOLIO,24283,29,3.84,1.86,2.58,34.88,10.8,60.2,1,0,LOW,MEDIUM,0,0,1,0,STABLE,INTERMEDIATE,99.95,1,NORMAL,0,1,1,2,4
WH-02858,PLANNED,NEWS,1239271,50,6.63,5.53,10.88,10.08,12.3,,0,0,MEDIUM,MEDIUM,0,0,1,0,STABLE,ADVANCED,99.95,1,EVENING,1,0,1,4,8
WH-02859,PLANNED,SAAS,218350,29,14.78,7.14,10.5,30.58,59.2,,0,0,HIGH,VERY_HIGH,0,0,0,0,MEDIUM,ADVANCED,99.9,0,NORMAL,0,0,1,2,8
WH-02860,LIVE_URL,API_SERVICE,26064,133,18.53,41.07,49.7,19.57,79.0,78.3,1,0,MEDIUM,VERY_HIGH,0,0,1,0,STABLE,INTERMEDIATE,99.5,0,NORMAL,0,0,0,4,8
WH-02861,PLANNED,BLOG,64682,6,3.3,0.33,0.49,22.68,10.0,,0,1,LOW,LOW,0,0,0,0,MEDIUM,INTERMEDIATE,99.95,1,BUSINESS_HOURS,0,0,1,2,4
WH-02862,PLANNED,MEDIA_STREAMING,1499677,2047,5.81,198.22,650.15,21.84,58.7,,0,1,MEDIUM,MEDIUM,0,0,0,1,SLOW,INTERMEDIATE,99.9,0,SEASONAL,0,0,0,32,64
WH-02863,LIVE_URL,ECOMMERCE,62757,587,6.05,59.19,114.24,39.0,32.7,69.0,1,1,HIGH,HIGH,0,0,0,0,STABLE,BEGINNER,99.9,0,WEEKEND,0,0,1,8,16
WH-02864,LIVE_URL,EDUCATION,240417,1759,3.56,104.37,312.06,79.06,18.2,79.7,1,0,LOW,HIGH,0,0,0,0,SLOW,BEGINNER,99.9,0,EVENT_DRIVEN,0,0,0,8,8
WH-02865,LIVE_URL,CORPORATE,73995,143,4.63,11.03,36.19,21.33,35.0,,0,0,LOW,LOW,1,92,1,0,MEDIUM,BEGINNER,99.9,0,EVENT_DRIVEN,0,0,1,1,4
WH-02866,LIVE_URL,CORPORATE,42548,20,2.97,0.99,2.5,8.0,25.2,88.1,1,0,LOW,LOW,0,0,0,0,SLOW,INTERMEDIATE,99.9,0,SEASONAL,0,0,1,1,4
WH-02867,LIVE_URL,BLOG,18177,6,3.17,0.32,0.49,12.12,28.2,85.1,1,0,LOW,LOW,0,0,1,0,RAPID,INTERMEDIATE,99.5,0,EVENING,0,0,0,1,4
WH-02868,LIVE_URL,MARKETPLACE,107643,1397,13.79,321.08,905.44,61.6,82.5,75.7,1,1,MEDIUM,VERY_HIGH,0,0,1,1,MEDIUM,BEGINNER,99.5,0,SEASONAL,0,0,0,32,64
WH-02869,NEW_IDEA,MARKETPLACE,255132,800,9.6,128.0,165.12,150.9,263.9,,0,0,HIGH,HIGH,0,0,0,0,MEDIUM,ADVANCED,99.9,0,NORMAL,0,0,0,8,16
WH-02870,NEW_IDEA,SAAS,1150399,7405,23.54,2905.23,4386.89,566.95,83.8,,0,0,HIGH,HIGH,0,0,1,0,RAPID,INTERMEDIATE,99.95,1,NORMAL,0,0,1,32,64
WH-02871,PLANNED,CORPORATE,4951,9,2.52,0.38,0.56,29.38,32.0,,0,1,LOW,LOW,0,0,0,0,SLOW,BEGINNER,99.95,1,NORMAL,0,0,0,2,4
WH-02872,PLANNED,ECOMMERCE,56926,162,16.45,44.41,56.85,22.37,24.4,,0,1,HIGH,MEDIUM,0,0,0,0,RAPID,BEGINNER,99.9,0,NORMAL,0,0,1,4,8
WH-02873,PLANNED,INTERNAL_BUSINESS,6148,99,7.21,11.9,43.78,25.11,87.0,,0,0,HIGH,HIGH,0,0,0,0,MEDIUM,ADVANCED,BASIC,0,EVENT_DRIVEN,0,0,0,2,8
WH-02874,NEW_IDEA,SAAS,1202040,1568,5.78,151.05,282.46,54.1,428.4,,0,0,HIGH,MEDIUM,0,0,1,1,STABLE,BEGINNER,99.9,0,EVENING,0,0,1,16,32
WH-02875,PLANNED,SAAS,307538,3346,23.66,1319.44,1834.02,267.04,72.3,,0,1,HIGH,HIGH,1,2457,0,0,MEDIUM,ADVANCED,99.9,0,BUSINESS_HOURS,0,0,0,32,64
WH-02876,PLANNED,API_SERVICE,181278,3532,24.49,1441.64,4497.93,484.07,30.7,,0,1,MEDIUM,VERY_HIGH,0,0,1,0,SLOW,BEGINNER,99.95,1,SEASONAL,1,1,0,32,64
WH-02877,PLANNED,MARKETPLACE,1133212,1549,19.23,496.45,744.68,153.99,39.8,,0,1,HIGH,HIGH,0,0,1,0,STABLE,INTERMEDIATE,99.99,1,EVENING,1,1,1,32,64
WH-02878,NEW_IDEA,PORTFOLIO,1357,3,1.41,0.07,0.27,13.84,15.2,,0,1,LOW,LOW,0,0,0,0,RAPID,ADVANCED,99.99,1,EVENT_DRIVEN,0,0,0,2,4
WH-02879,NEW_IDEA,NEWS,39697,201,7.46,24.99,40.24,25.93,90.6,,0,0,MEDIUM,MEDIUM,0,0,0,0,MEDIUM,BEGINNER,99.9,0,BUSINESS_HOURS,0,0,0,1,4
WH-02880,NEW_IDEA,EDUCATION,340214,81,3.52,4.75,5.56,16.01,27.4,,0,0,MEDIUM,MEDIUM,0,0,0,0,MEDIUM,ADVANCED,99.9,0,NORMAL,0,0,0,2,4
WH-02881,PLANNED,SAAS,145801,1309,18.67,407.32,769.83,43.69,25.7,,0,1,MEDIUM,HIGH,0,0,1,0,RAPID,BEGINNER,99.9,0,BUSINESS_HOURS,0,0,0,32,64
WH-02882,PLANNED,SAAS,11439,50,23.85,19.88,31.2,14.26,40.0,,0,1,HIGH,MEDIUM,1,37,0,0,SLOW,BEGINNER,99.95,1,EVENING,0,0,0,2,8
WH-02883,LIVE_URL,CORPORATE,67865,97,3.86,6.24,8.36,19.18,38.5,97.0,1,0,LOW,LOW,0,0,0,0,RAPID,BEGINNER,99.5,0,NORMAL,0,1,0,2,4
WH-02884,LIVE_URL,PORTFOLIO,1299,8,1.23,0.16,0.22,28.52,11.3,94.3,1,0,LOW,LOW,0,0,0,0,MEDIUM,INTERMEDIATE,99.95,1,EVENING,0,0,0,2,4
WH-02885,LIVE_URL,CORPORATE,6927,55,5.53,5.07,6.89,10.2,61.9,88.5,1,1,LOW,LOW,0,0,0,1,SLOW,INTERMEDIATE,99.9,0,EVENING,0,0,0,1,4
WH-02886,PLANNED,PORTFOLIO,10182,3,1.37,0.07,0.1,10.03,21.1,,0,1,LOW,LOW,0,0,0,0,STABLE,BEGINNER,BASIC,0,BUSINESS_HOURS,0,0,0,1,4
WH-02887,LIVE_URL,ECOMMERCE,105671,895,5.26,78.46,143.58,36.55,17.2,63.8,1,1,HIGH,HIGH,0,0,1,0,SLOW,BEGINNER,99.9,0,BUSINESS_HOURS,0,0,0,8,16
WH-02888,LIVE_URL,NEWS,56636,59,5.91,5.81,7.73,31.29,29.4,56.6,1,0,MEDIUM,MEDIUM,0,0,0,0,MEDIUM,BEGINNER,99.95,1,BUSINESS_HOURS,0,0,0,2,4
WH-02889,LIVE_URL,BLOG,43807,30,1.65,0.82,1.05,8.0,31.7,79.7,1,0,LOW,LOW,0,0,0,0,RAPID,INTERMEDIATE,BASIC,0,NORMAL,0,0,0,2,4
WH-02890,LIVE_URL,MARKETPLACE,163582,1422,9.97,236.29,933.34,215.68,95.8,76.9,1,0,HIGH,VERY_HIGH,0,0,0,0,RAPID,ADVANCED,99.5,0,EVENT_DRIVEN,0,1,0,32,64
WH-02891,NEW_IDEA,SAAS,592328,76,14.19,17.97,24.44,46.95,60.9,,0,0,HIGH,HIGH,0,0,0,0,MEDIUM,BEGINNER,99.95,1,NORMAL,0,0,0,2,8
WH-02892,PLANNED,MARKETPLACE,277105,1045,12.98,226.07,397.88,199.1,77.7,,0,0,HIGH,HIGH,0,0,1,0,MEDIUM,BEGINNER,99.99,1,WEEKEND,0,0,1,32,64
WH-02893,NEW_IDEA,ECOMMERCE,229326,522,5.55,48.28,81.6,40.21,57.5,,0,0,HIGH,HIGH,0,0,1,0,SLOW,INTERMEDIATE,99.9,0,WEEKEND,0,0,0,4,8
WH-02894,LIVE_URL,SAAS,1127461,3852,18.96,1217.23,2677.91,265.56,55.7,69.6,1,0,VERY_HIGH,HIGH,1,2178,0,0,SLOW,BEGINNER,99.95,1,SEASONAL,0,1,1,32,64
WH-02895,LIVE_URL,ECOMMERCE,892655,1838,17.36,531.79,2068.68,199.65,18.2,55.7,1,0,HIGH,HIGH,0,0,1,0,RAPID,BEGINNER,99.9,0,EVENT_DRIVEN,1,0,1,32,64
WH-02896,LIVE_URL,SAAS,1537781,2315,16.98,655.15,2594.37,247.89,298.5,66.7,1,1,HIGH,HIGH,0,0,1,1,SLOW,BEGINNER,99.5,0,EVENT_DRIVEN,0,1,1,32,64
WH-02897,PLANNED,MARKETPLACE,301128,4478,5.47,408.24,759.33,188.2,99.6,,0,1,HIGH,VERY_HIGH,1,1807,0,1,SLOW,BEGINNER,99.95,1,WEEKEND,0,0,1,32,64
WH-02898,LIVE_URL,MEDIA_STREAMING,35826,172,3.71,10.64,12.23,33.71,247.7,,0,0,HIGH,MEDIUM,0,0,0,1,MEDIUM,ADVANCED,99.95,1,NORMAL,0,0,1,2,8
WH-02899,PLANNED,MARKETPLACE,262093,1481,13.61,335.94,466.96,38.75,31.7,,0,1,MEDIUM,HIGH,0,0,1,0,MEDIUM,INTERMEDIATE,99.9,0,NORMAL,0,0,1,32,64
WH-02900,PLANNED,SAAS,387497,4018,21.63,1448.49,2245.16,241.02,34.1,,0,1,HIGH,HIGH,0,0,1,0,STABLE,INTERMEDIATE,99.95,1,EVENING,0,0,0,32,64
WH-02901,PLANNED,SAAS,1125234,67,14.16,15.81,24.03,34.89,111.7,,0,0,HIGH,HIGH,1,27,0,0,SLOW,BEGINNER,99.95,1,WEEKEND,0,0,1,2,8
WH-02902,PLANNED,BLOG,11264,82,4.85,6.63,11.67,8.94,12.4,,0,1,LOW,LOW,0,0,0,0,SLOW,INTERMEDIATE,99.9,0,BUSINESS_HOURS,0,0,0,1,4
WH-02903,LIVE_URL,ECOMMERCE,179543,107,14.87,26.52,54.89,39.77,50.2,64.0,1,1,HIGH,VERY_HIGH,0,0,0,0,RAPID,INTERMEDIATE,BASIC,0,EVENING,0,1,0,4,8
WH-02904,PLANNED,SAAS,25165,162,7.31,19.74,33.75,12.2,119.7,,0,0,HIGH,HIGH,0,0,0,0,MEDIUM,BEGINNER,BASIC,0,BUSINESS_HOURS,0,0,0,2,8
WH-02905,NEW_IDEA,API_SERVICE,735300,2280,33.39,1268.82,1725.6,398.6,18.8,,0,1,LOW,VERY_HIGH,0,0,0,0,STABLE,INTERMEDIATE,99.99,1,NORMAL,0,1,0,32,32
WH-02906,PLANNED,SAAS,171422,1179,19.98,392.61,1578.28,305.69,231.4,,0,1,MEDIUM,HIGH,0,0,0,1,SLOW,INTERMEDIATE,99.9,0,EVENT_DRIVEN,0,0,0,32,64
WH-02907,PLANNED,MARKETPLACE,734181,1083,10.78,194.58,287.98,116.38,381.6,,0,1,VERY_HIGH,MEDIUM,0,0,1,0,MEDIUM,INTERMEDIATE,99.9,0,BUSINESS_HOURS,0,0,0,16,32
WH-02908,LIVE_URL,ECOMMERCE,10138,86,14.71,21.08,29.31,28.88,72.3,81.4,1,0,HIGH,MEDIUM,0,0,1,0,SLOW,ADVANCED,99.9,0,EVENING,0,0,0,2,8
WH-02909,PLANNED,API_SERVICE,629397,78,29.59,38.47,56.93,34.15,149.5,,0,0,MEDIUM,VERY_HIGH,0,0,0,1,STABLE,ADVANCED,99.95,1,NORMAL,0,0,0,4,8
WH-02910,PLANNED,ECOMMERCE,39944,173,7.5,21.62,51.25,87.72,40.3,,0,1,HIGH,VERY_HIGH,0,0,0,0,SLOW,ADVANCED,99.5,0,EVENT_DRIVEN,0,0,0,2,8
WH-02911,LIVE_URL,MEDIA_STREAMING,61135,1415,5.32,125.46,257.2,63.14,364.0,79.1,1,0,MEDIUM,MEDIUM,0,0,0,1,STABLE,BEGINNER,99.9,0,WEEKEND,0,0,0,16,32
WH-02912,LIVE_URL,MARKETPLACE,364361,180,9.98,29.94,37.43,64.18,358.4,54.6,1,1,VERY_HIGH,HIGH,0,0,0,0,STABLE,INTERMEDIATE,99.5,0,NORMAL,0,0,0,2,16
WH-02913,LIVE_URL,ECOMMERCE,41114,212,9.73,34.38,58.1,47.66,87.8,53.9,1,0,MEDIUM,HIGH,0,0,0,0,MEDIUM,INTERMEDIATE,99.95,1,WEEKEND,0,0,0,4,8
WH-02914,LIVE_URL,NEWS,1338242,140,4.62,10.78,16.49,8.59,86.1,,0,0,MEDIUM,MEDIUM,0,0,0,1,SLOW,INTERMEDIATE,BASIC,0,NORMAL,0,0,0,1,4
WH-02915,PLANNED,PORTFOLIO,583,3,1.33,0.07,0.12,17.0,71.1,,0,0,LOW,LOW,0,0,0,0,STABLE,ADVANCED,99.9,0,SEASONAL,0,0,1,2,4
WH-02916,LIVE_URL,API_SERVICE,1025755,6036,32.31,3250.39,4680.56,453.07,21.2,99.0,1,0,MEDIUM,VERY_HIGH,1,3772,0,0,MEDIUM,ADVANCED,99.95,1,BUSINESS_HOURS,0,1,1,32,64
WH-02917,PLANNED,API_SERVICE,7053,140,21.35,49.82,67.75,14.6,103.3,,0,0,MEDIUM,HIGH,0,0,0,0,STABLE,BEGINNER,99.9,0,NORMAL,0,0,0,4,8
WH-02918,LIVE_URL,CORPORATE,3082,10,2.45,0.41,0.86,10.98,10.3,78.3,1,0,LOW,LOW,0,0,1,0,MEDIUM,ADVANCED,99.9,0,WEEKEND,0,0,0,2,4
WH-02919,LIVE_URL,NEWS,21705,58,7.72,7.46,10.75,8.19,37.3,91.9,1,0,MEDIUM,LOW,0,0,0,0,SLOW,BEGINNER,99.99,1,NORMAL,0,0,0,2,8
WH-02920,LIVE_URL,EDUCATION,19761,159,3.08,8.16,18.69,34.8,726.7,85.3,1,0,MEDIUM,MEDIUM,0,0,0,1,MEDIUM,BEGINNER,99.9,0,SEASONAL,0,0,1,2,8
WH-02921,PLANNED,BLOG,57213,73,3.03,3.69,10.14,34.36,21.5,,0,0,LOW,LOW,0,0,0,0,MEDIUM,INTERMEDIATE,99.5,0,SEASONAL,0,0,1,2,4
WH-02922,LIVE_URL,API_SERVICE,1264417,4245,33.02,2336.17,3410.8,366.79,39.4,70.1,1,0,MEDIUM,VERY_HIGH,0,0,1,0,SLOW,INTERMEDIATE,BASIC,0,WEEKEND,0,0,0,32,64
WH-02923,PLANNED,SAAS,120213,54,6.66,5.99,19.24,18.19,43.6,,0,0,HIGH,HIGH,1,16,1,0,SLOW,ADVANCED,99.9,0,EVENT_DRIVEN,0,0,1,1,8
WH-02924,PLANNED,BLOG,2507,8,1.68,0.22,0.63,10.33,10.0,,0,0,LOW,LOW,0,0,1,0,STABLE,BEGINNER,99.5,0,EVENT_DRIVEN,0,0,0,1,4
WH-02925,LIVE_URL,ECOMMERCE,10005,276,16.58,76.27,133.47,58.47,106.6,80.7,1,0,MEDIUM,MEDIUM,0,0,0,1,MEDIUM,INTERMEDIATE,99.9,0,EVENING,0,0,0,8,16
WH-02926,LIVE_URL,BLOG,16698,8,3.33,0.44,0.58,16.27,17.1,74.0,1,0,LOW,LOW,0,0,0,0,STABLE,INTERMEDIATE,99.9,0,NORMAL,0,0,0,1,4
WH-02927,LIVE_URL,CORPORATE,4991,17,3.48,0.99,1.4,8.33,59.5,81.3,1,1,LOW,LOW,0,0,0,0,STABLE,ADVANCED,99.9,0,NORMAL,0,0,0,2,4
WH-02928,LIVE_URL,ECOMMERCE,144481,45,14.72,11.04,14.68,26.79,13.4,63.2,1,0,MEDIUM,VERY_HIGH,0,0,0,0,MEDIUM,INTERMEDIATE,99.9,0,NORMAL,1,0,1,2,4
WH-02929,NEW_IDEA,BLOG,4566,23,3.18,1.22,3.94,19.45,10.0,,0,1,LOW,LOW,0,0,0,0,RAPID,BEGINNER,99.9,0,EVENT_DRIVEN,0,0,1,2,4
WH-02930,LIVE_URL,SAAS,472636,286,14.03,66.88,197.29,61.22,58.5,89.1,1,0,HIGH,HIGH,0,0,0,0,SLOW,INTERMEDIATE,99.9,0,EVENT_DRIVEN,0,0,0,16,32
WH-02931,LIVE_URL,ECOMMERCE,850586,909,12.8,193.92,488.68,78.76,136.5,75.7,1,0,HIGH,HIGH,1,581,1,0,MEDIUM,BEGINNER,99.9,0,SEASONAL,0,0,0,32,64
WH-02932,LIVE_URL,MEDIA_STREAMING,33603,197,7.19,23.61,46.74,16.61,68.2,55.9,1,1,MEDIUM,LOW,1,81,0,1,SLOW,BEGINNER,99.5,0,EVENING,0,0,1,2,8
WH-02933,PLANNED,BLOG,68568,55,3.43,3.14,6.16,141.51,186.7,,0,0,LOW,LOW,0,0,0,1,MEDIUM,ADVANCED,99.99,1,BUSINESS_HOURS,0,0,1,2,4
WH-02934,PLANNED,CORPORATE,5018,57,5.01,4.76,7.33,13.78,12.6,,0,1,LOW,LOW,0,0,1,0,MEDIUM,INTERMEDIATE,99.9,0,BUSINESS_HOURS,0,0,1,2,4
WH-02935,PLANNED,NEWS,266911,82,5.0,6.83,11.96,8.0,40.1,,0,1,LOW,MEDIUM,0,0,0,0,MEDIUM,ADVANCED,99.5,0,EVENING,0,0,0,1,4
WH-02936,PLANNED,ECOMMERCE,57323,377,7.04,44.23,111.91,10.81,107.4,,0,0,MEDIUM,HIGH,0,0,1,1,SLOW,INTERMEDIATE,99.9,0,EVENT_DRIVEN,0,0,0,8,16
WH-02937,LIVE_URL,PORTFOLIO,19660,35,1.59,0.93,1.17,11.01,27.0,70.1,1,0,LOW,LOW,0,0,0,0,SLOW,BEGINNER,99.95,1,NORMAL,0,0,0,2,4
WH-02938,PLANNED,CORPORATE,11473,16,4.63,1.23,2.26,8.0,49.7,,0,1,LOW,LOW,0,0,0,0,RAPID,INTERMEDIATE,99.95,1,BUSINESS_HOURS,0,0,1,2,4
WH-02939,LIVE_URL,BLOG,12693,33,3.67,2.02,2.64,57.9,19.4,71.5,1,0,LOW,LOW,0,0,1,0,MEDIUM,BEGINNER,99.95,1,NORMAL,0,0,1,2,4
WH-02940,PLANNED,MARKETPLACE,921851,3305,19.93,1097.81,2865.29,651.32,199.6,,0,1,HIGH,HIGH,0,0,1,0,RAPID,BEGINNER,99.95,1,EVENT_DRIVEN,1,1,0,32,64
WH-02941,PLANNED,CORPORATE,6734,11,2.09,0.38,1.05,15.63,43.6,,0,0,LOW,LOW,1,4,1,0,RAPID,INTERMEDIATE,99.9,0,EVENT_DRIVEN,0,0,1,2,4
WH-02942,PLANNED,ECOMMERCE,15757,187,10.64,33.16,50.07,20.95,21.8,,0,1,HIGH,HIGH,0,0,1,0,MEDIUM,BEGINNER,BASIC,0,NORMAL,0,0,0,4,8
WH-02943,PLANNED,ECOMMERCE,483693,1318,13.55,297.65,395.87,134.25,69.0,,0,1,VERY_HIGH,HIGH,0,0,1,0,SLOW,ADVANCED,99.95,1,NORMAL,0,0,0,32,64
WH-02944,NEW_IDEA,API_SERVICE,10034,48,26.75,21.4,33.81,14.09,30.7,,0,0,HIGH,VERY_HIGH,0,0,0,0,SLOW,BEGINNER,99.5,0,BUSINESS_HOURS,0,0,1,2,8
WH-02945,PLANNED,BLOG,5622,13,2.68,0.58,1.83,40.52,44.9,,0,0,LOW,LOW,0,0,0,0,MEDIUM,BEGINNER,99.9,0,EVENT_DRIVEN,0,0,0,1,4
WH-02946,LIVE_URL,ECOMMERCE,622874,3317,17.27,954.74,1966.77,358.63,50.4,60.1,1,0,HIGH,HIGH,0,0,1,0,STABLE,INTERMEDIATE,99.99,1,EVENT_DRIVEN,0,1,1,32,64
WH-02947,LIVE_URL,SAAS,760664,2706,15.78,711.68,1971.35,207.93,96.6,72.3,1,1,VERY_HIGH,HIGH,0,0,1,0,STABLE,BEGINNER,99.9,0,EVENT_DRIVEN,0,1,0,32,64
WH-02948,PLANNED,API_SERVICE,431865,6228,34.94,3626.77,6419.39,327.9,47.0,,0,1,LOW,VERY_HIGH,0,0,0,0,RAPID,ADVANCED,99.9,0,WEEKEND,0,1,1,32,32
WH-02949,PLANNED,MEDIA_STREAMING,224669,1627,5.2,141.01,179.08,75.6,163.2,,0,0,LOW,HIGH,0,0,0,1,RAPID,BEGINNER,99.9,0,NORMAL,0,0,0,8,8
WH-02950,LIVE_URL,SAAS,80294,316,11.7,61.62,85.04,57.96,56.3,61.4,1,1,HIGH,VERY_HIGH,0,0,1,0,SLOW,INTERMEDIATE,BASIC,0,NORMAL,0,0,0,8,16
WH-02951,NEW_IDEA,MEDIA_STREAMING,30425,547,6.03,54.97,109.95,152.83,407.6,,0,1,MEDIUM,LOW,0,0,0,1,MEDIUM,INTERMEDIATE,99.9,0,EVENING,0,0,0,4,8
WH-02952,LIVE_URL,BLOG,21806,78,1.64,2.13,2.92,40.19,13.9,73.1,1,1,LOW,MEDIUM,0,0,0,0,MEDIUM,BEGINNER,99.5,0,NORMAL,0,0,0,1,4
WH-02953,LIVE_URL,API_SERVICE,1345291,3284,33.95,1858.2,4924.22,701.91,23.0,66.4,1,1,LOW,VERY_HIGH,1,2151,0,0,MEDIUM,ADVANCED,99.9,0,SEASONAL,0,1,0,32,32
WH-02954,LIVE_URL,ECOMMERCE,18106,198,13.47,44.45,60.45,21.92,50.0,,0,0,HIGH,HIGH,0,0,1,0,STABLE,INTERMEDIATE,99.95,1,WEEKEND,0,0,1,4,16
WH-02955,NEW_IDEA,ECOMMERCE,542114,343,10.2,58.31,93.3,123.93,81.2,,0,1,HIGH,HIGH,0,0,0,1,MEDIUM,ADVANCED,99.99,1,BUSINESS_HOURS,0,0,0,8,16
WH-02956,PLANNED,ECOMMERCE,55915,1628,12.65,343.24,772.28,212.29,52.4,,0,0,MEDIUM,HIGH,0,0,0,0,STABLE,ADVANCED,99.99,1,SEASONAL,0,1,0,32,64
WH-02957,LIVE_URL,PORTFOLIO,26651,31,3.11,1.61,3.92,23.0,24.0,52.5,1,0,LOW,LOW,0,0,0,0,RAPID,INTERMEDIATE,99.5,0,EVENT_DRIVEN,0,0,1,1,4
WH-02958,LIVE_URL,EDUCATION,14831,55,9.36,8.58,12.7,35.8,109.1,93.0,1,0,MEDIUM,MEDIUM,0,0,0,0,SLOW,INTERMEDIATE,99.95,1,EVENING,0,0,0,2,8
WH-02959,PLANNED,EDUCATION,174029,627,9.87,103.14,417.72,27.59,51.1,,0,0,HIGH,MEDIUM,0,0,1,0,MEDIUM,INTERMEDIATE,99.99,1,EVENT_DRIVEN,0,0,1,16,32
WH-02960,PLANNED,COMMUNITY,27803,298,8.8,43.71,52.89,68.51,106.2,,0,1,MEDIUM,LOW,0,0,0,1,MEDIUM,BEGINNER,99.95,1,NORMAL,0,0,0,2,8
WH-02961,PLANNED,CORPORATE,4105,7,1.64,0.19,0.44,17.31,22.0,,0,0,LOW,LOW,0,0,0,0,MEDIUM,BEGINNER,99.95,1,EVENT_DRIVEN,0,0,1,2,4
WH-02962,LIVE_URL,SAAS,208884,1455,23.68,574.24,1056.6,156.27,197.8,57.3,1,1,HIGH,HIGH,0,0,1,1,RAPID,INTERMEDIATE,99.9,0,EVENING,0,1,0,32,64
WH-02963,LIVE_URL,ECOMMERCE,28503,773,6.77,87.22,118.62,38.18,25.1,67.6,1,0,HIGH,HIGH,0,0,0,0,RAPID,INTERMEDIATE,99.9,0,BUSINESS_HOURS,0,0,1,8,16
WH-02964,NEW_IDEA,COMMUNITY,9492,49,9.17,7.49,12.73,33.29,451.1,,0,0,HIGH,MEDIUM,0,0,0,1,MEDIUM,ADVANCED,99.9,0,WEEKEND,0,0,0,2,8
WH-02965,PLANNED,NEWS,24433,379,8.46,53.44,112.76,31.58,17.6,,0,1,MEDIUM,MEDIUM,0,0,1,0,SLOW,BEGINNER,99.9,0,SEASONAL,0,0,0,4,8
WH-02966,PLANNED,MARKETPLACE,56376,355,10.36,61.3,77.23,12.87,34.8,,0,0,HIGH,HIGH,0,0,0,0,RAPID,INTERMEDIATE,99.9,0,NORMAL,0,0,1,4,8
WH-02967,LIVE_URL,SAAS,926083,3100,23.09,1192.98,1980.35,361.99,58.8,,0,1,HIGH,HIGH,0,0,1,0,RAPID,BEGINNER,99.9,0,EVENING,0,1,0,32,64
WH-02968,NEW_IDEA,SAAS,1781695,1778,20.87,618.45,2207.86,299.15,506.6,,0,1,VERY_HIGH,HIGH,0,0,0,0,RAPID,BEGINNER,99.99,1,EVENT_DRIVEN,0,0,1,32,64
WH-02969,PLANNED,INTERNAL_BUSINESS,2628,36,9.06,5.44,13.05,28.05,29.2,,0,0,MEDIUM,LOW,0,0,0,0,STABLE,BEGINNER,99.9,0,EVENT_DRIVEN,0,0,0,2,4
WH-02970,LIVE_URL,CORPORATE,97774,13,4.7,1.02,2.37,38.04,31.2,46.5,1,0,LOW,MEDIUM,0,0,0,0,STABLE,BEGINNER,99.9,0,SEASONAL,0,0,0,1,4
WH-02971,LIVE_URL,NEWS,75608,621,6.67,69.03,100.79,69.09,73.3,78.6,1,0,MEDIUM,MEDIUM,0,0,0,0,SLOW,INTERMEDIATE,BASIC,0,NORMAL,0,0,1,4,8
WH-02972,LIVE_URL,BLOG,47942,6,1.93,0.19,0.3,19.06,10.0,81.6,1,0,LOW,LOW,0,0,0,0,STABLE,INTERMEDIATE,99.9,0,NORMAL,0,0,0,2,4
WH-02973,PLANNED,API_SERVICE,6008,19,31.72,10.04,20.99,73.2,41.7,,0,1,MEDIUM,VERY_HIGH,0,0,1,0,MEDIUM,BEGINNER,99.95,1,WEEKEND,0,0,1,2,8
WH-02974,PLANNED,SAAS,394378,538,11.93,106.97,353.01,24.24,303.4,,0,0,VERY_HIGH,HIGH,1,152,0,0,MEDIUM,INTERMEDIATE,99.9,0,SEASONAL,0,0,1,32,64
WH-02975,PLANNED,SAAS,20045,27,9.21,4.14,6.13,80.98,53.5,,0,0,HIGH,HIGH,0,0,1,0,MEDIUM,INTERMEDIATE,99.9,0,NORMAL,0,0,1,1,8
WH-02976,PLANNED,COMMUNITY,13914,42,8.18,5.73,8.76,26.88,97.7,,0,0,MEDIUM,MEDIUM,0,0,0,0,SLOW,BEGINNER,BASIC,0,BUSINESS_HOURS,0,0,0,1,4
WH-02977,LIVE_URL,SAAS,14996,73,8.19,9.96,19.03,98.41,1164.7,91.0,1,0,VERY_HIGH,MEDIUM,0,0,1,1,RAPID,INTERMEDIATE,99.9,0,BUSINESS_HOURS,0,0,1,1,16
WH-02978,LIVE_URL,BLOG,3892,8,2.58,0.34,1.33,35.94,43.8,55.5,1,0,LOW,LOW,0,0,0,1,SLOW,BEGINNER,BASIC,0,EVENT_DRIVEN,0,0,0,1,4
WH-02979,PLANNED,PORTFOLIO,3226,17,2.41,0.68,1.5,10.43,15.0,,0,1,LOW,MEDIUM,0,0,0,0,RAPID,INTERMEDIATE,99.9,0,WEEKEND,0,0,0,1,4
WH-02980,LIVE_URL,SAAS,19139,440,18.15,133.1,226.27,49.2,155.7,69.7,1,0,HIGH,VERY_HIGH,0,0,1,0,SLOW,INTERMEDIATE,99.9,0,BUSINESS_HOURS,0,0,1,16,32
WH-02981,LIVE_URL,SAAS,733318,4369,21.06,1533.52,5321.31,908.31,87.6,82.8,1,1,HIGH,HIGH,0,0,1,0,STABLE,INTERMEDIATE,99.9,0,SEASONAL,0,0,1,32,64
WH-02982,LIVE_URL,API_SERVICE,761264,5259,30.57,2679.46,5680.46,785.8,10.8,74.4,1,1,LOW,VERY_HIGH,0,0,1,0,MEDIUM,BEGINNER,99.9,0,WEEKEND,1,0,0,32,32
WH-02983,LIVE_URL,SAAS,986146,4483,11.38,850.28,1156.37,1034.03,49.7,61.5,1,0,HIGH,HIGH,0,0,0,0,RAPID,INTERMEDIATE,99.95,1,NORMAL,0,1,0,32,64
WH-02984,NEW_IDEA,NEWS,683972,1112,4.73,87.66,327.86,289.01,248.8,,0,1,MEDIUM,MEDIUM,0,0,0,1,STABLE,INTERMEDIATE,99.95,1,EVENT_DRIVEN,0,1,0,16,32
WH-02985,LIVE_URL,ECOMMERCE,14431,292,6.14,29.88,53.49,27.87,81.0,66.5,1,0,HIGH,HIGH,0,0,1,0,RAPID,ADVANCED,99.9,0,SEASONAL,0,1,1,4,8
WH-02986,LIVE_URL,SAAS,66261,1486,14.72,364.57,1013.49,246.1,64.7,83.5,1,0,HIGH,HIGH,1,704,1,0,SLOW,INTERMEDIATE,99.5,0,SEASONAL,0,1,1,32,64
WH-02987,PLANNED,CORPORATE,92184,10,5.94,0.99,1.77,23.23,24.6,,0,0,LOW,LOW,0,0,0,0,RAPID,INTERMEDIATE,99.9,0,BUSINESS_HOURS,0,1,0,2,4
WH-02988,NEW_IDEA,CORPORATE,14568,34,3.98,2.26,3.86,13.88,24.1,,0,0,LOW,LOW,0,0,1,0,RAPID,BEGINNER,BASIC,0,BUSINESS_HOURS,0,0,0,2,4
WH-02989,LIVE_URL,SAAS,244029,3631,23.5,1422.14,2147.43,595.1,406.0,74.5,1,0,VERY_HIGH,HIGH,0,0,1,0,RAPID,INTERMEDIATE,99.99,1,BUSINESS_HOURS,0,0,1,32,64
WH-02990,LIVE_URL,PORTFOLIO,1273,9,2.17,0.33,1.06,10.8,10.0,68.9,1,1,LOW,LOW,0,0,0,0,RAPID,INTERMEDIATE,99.9,0,SEASONAL,0,1,0,2,4
WH-02991,LIVE_URL,ECOMMERCE,17075,420,16.8,117.6,483.34,161.38,286.1,52.5,1,0,VERY_HIGH,MEDIUM,0,0,0,0,MEDIUM,INTERMEDIATE,99.99,1,EVENT_DRIVEN,0,0,0,32,64
WH-02992,PLANNED,PORTFOLIO,19344,21,3.55,1.24,2.29,9.79,118.9,,0,0,LOW,LOW,0,0,0,1,MEDIUM,BEGINNER,99.9,0,BUSINESS_HOURS,0,0,1,2,4
WH-02993,NEW_IDEA,SAAS,745370,1062,16.12,285.32,399.45,75.6,35.1,,0,0,VERY_HIGH,HIGH,0,0,0,0,RAPID,ADVANCED,99.95,1,WEEKEND,0,0,1,32,64
WH-02994,LIVE_URL,INTERNAL_BUSINESS,382,4,3.46,0.23,0.89,13.53,10.0,66.1,1,1,LOW,MEDIUM,1,3,0,0,SLOW,BEGINNER,BASIC,0,EVENT_DRIVEN,0,0,0,1,4
WH-02995,PLANNED,EDUCATION,54326,61,11.96,12.16,23.71,46.0,79.9,,0,1,MEDIUM,MEDIUM,0,0,0,1,STABLE,INTERMEDIATE,99.9,0,BUSINESS_HOURS,0,0,0,2,8
WH-02996,PLANNED,EDUCATION,16122,32,4.85,2.59,3.98,31.0,327.4,,0,0,MEDIUM,HIGH,0,0,0,1,MEDIUM,BEGINNER,99.9,0,NORMAL,0,1,0,2,8
WH-02997,NEW_IDEA,BLOG,5306,80,4.79,6.39,8.37,16.75,49.9,,0,0,LOW,LOW,0,0,0,0,STABLE,BEGINNER,99.9,0,BUSINESS_HOURS,0,0,0,1,4
WH-02998,NEW_IDEA,MARKETPLACE,141934,4256,7.92,561.79,1690.99,270.19,150.7,,0,0,HIGH,HIGH,1,2839,1,1,RAPID,INTERMEDIATE,99.9,0,SEASONAL,0,1,1,32,64
WH-02999,LIVE_URL,SAAS,78265,241,7.89,31.69,115.99,43.32,162.1,51.7,1,0,VERY_HIGH,HIGH,1,150,1,0,SLOW,BEGINNER,99.9,0,EVENT_DRIVEN,0,0,1,8,16
WH-03000,LIVE_URL,NEWS,70278,85,7.34,10.4,15.29,17.77,86.3,59.5,1,0,MEDIUM,MEDIUM,0,0,0,0,STABLE,ADVANCED,99.9,0,NORMAL,0,0,0,1,4
WH-03001,LIVE_URL,ECOMMERCE,579140,2533,14.49,611.72,1443.66,112.52,97.0,70.6,1,1,HIGH,HIGH,0,0,0,0,STABLE,BEGINNER,99.99,1,EVENT_DRIVEN,0,0,1,32,64
WH-03002,PLANNED,ECOMMERCE,439299,1188,7.39,146.32,226.8,63.67,55.2,,0,0,HIGH,HIGH,0,0,0,0,MEDIUM,BEGINNER,99.99,1,BUSINESS_HOURS,0,0,1,16,32
WH-03003,NEW_IDEA,API_SERVICE,110787,2632,33.02,1448.48,3722.59,399.28,160.1,,0,1,LOW,VERY_HIGH,0,0,1,1,MEDIUM,BEGINNER,99.99,1,EVENT_DRIVEN,0,0,1,32,32
WH-03004,PLANNED,EDUCATION,3184,58,3.85,3.72,5.69,21.98,38.5,,0,0,MEDIUM,LOW,0,0,0,0,MEDIUM,ADVANCED,99.5,0,NORMAL,0,0,0,1,4
WH-03005,LIVE_URL,PORTFOLIO,4308,4,1.75,0.12,0.18,26.32,47.1,66.4,1,0,LOW,LOW,0,0,0,0,SLOW,INTERMEDIATE,99.9,0,NORMAL,0,0,0,2,4
WH-03006,LIVE_URL,COMMUNITY,178974,40,13.25,8.83,10.78,20.63,79.9,63.7,1,1,HIGH,LOW,0,0,0,1,RAPID,BEGINNER,99.5,0,NORMAL,0,0,1,2,8
WH-03007,PLANNED,MARKETPLACE,1080697,650,14.65,158.71,347.57,55.43,68.5,,0,1,HIGH,HIGH,1,350,0,0,RAPID,INTERMEDIATE,99.5,0,WEEKEND,0,0,1,32,64
WH-03008,NEW_IDEA,MEDIA_STREAMING,524846,1203,2.18,43.71,112.33,247.57,1292.1,,0,1,HIGH,LOW,0,0,0,1,SLOW,BEGINNER,99.9,0,SEASONAL,0,0,0,4,16
WH-03009,PLANNED,MARKETPLACE,90899,525,14.94,130.72,189.55,85.91,67.5,,0,0,HIGH,HIGH,0,0,0,0,RAPID,BEGINNER,BASIC,0,EVENING,0,0,0,16,32
WH-03010,NEW_IDEA,CORPORATE,16529,7,2.26,0.26,0.48,11.25,20.2,,0,0,LOW,MEDIUM,0,0,1,0,RAPID,BEGINNER,99.9,0,BUSINESS_HOURS,0,0,0,2,4
WH-03011,NEW_IDEA,SAAS,434282,5166,18.9,1627.29,2424.66,447.97,47.3,,0,0,HIGH,HIGH,0,0,0,0,SLOW,INTERMEDIATE,BASIC,0,NORMAL,1,0,0,32,64
WH-03012,PLANNED,SAAS,1002426,2191,22.95,838.06,3260.04,685.17,22.3,,0,1,HIGH,HIGH,0,0,0,0,MEDIUM,ADVANCED,99.95,1,EVENT_DRIVEN,0,1,1,32,64
WH-03013,PLANNED,SAAS,1599717,5207,15.56,1350.35,2903.25,459.22,17.0,,0,1,MEDIUM,MEDIUM,0,0,0,0,MEDIUM,INTERMEDIATE,99.99,1,SEASONAL,0,0,1,32,64
WH-03014,PLANNED,BLOG,25317,6,4.99,0.5,0.7,54.5,16.4,,0,1,LOW,LOW,0,0,0,0,MEDIUM,BEGINNER,99.95,1,EVENING,0,0,0,2,4
WH-03015,LIVE_URL,PORTFOLIO,3801,2,2.87,0.1,0.12,22.25,24.1,56.8,1,0,LOW,LOW,0,0,0,0,SLOW,INTERMEDIATE,99.95,1,NORMAL,0,0,1,2,4
WH-03016,NEW_IDEA,ECOMMERCE,33055,69,5.62,6.46,8.79,11.44,102.1,,0,0,HIGH,HIGH,0,0,1,0,STABLE,BEGINNER,99.9,0,NORMAL,0,0,0,2,8
WH-03017,PLANNED,MEDIA_STREAMING,789127,51,4.21,3.58,6.19,14.94,315.1,,0,1,MEDIUM,HIGH,0,0,1,1,SLOW,BEGINNER,99.9,0,EVENING,0,0,0,2,8
WH-03018,PLANNED,API_SERVICE,171095,1696,29.33,829.06,1243.59,189.36,15.2,,0,0,MEDIUM,VERY_HIGH,0,0,1,0,MEDIUM,BEGINNER,99.95,1,NORMAL,0,1,0,32,64
WH-03019,PLANNED,MARKETPLACE,277042,3166,9.86,520.28,2070.71,399.12,75.2,,0,0,HIGH,HIGH,0,0,0,0,SLOW,ADVANCED,99.9,0,EVENT_DRIVEN,0,1,0,32,64
WH-03020,PLANNED,CORPORATE,60606,80,5.75,7.67,16.25,21.77,28.8,,0,0,LOW,LOW,0,0,1,0,SLOW,BEGINNER,99.9,0,EVENT_DRIVEN,0,0,1,2,4
WH-03021,PLANNED,SAAS,499698,467,5.3,41.25,77.14,34.1,129.8,,0,1,HIGH,HIGH,0,0,1,1,SLOW,INTERMEDIATE,99.9,0,BUSINESS_HOURS,0,0,1,4,16
WH-03022,LIVE_URL,ECOMMERCE,13051,144,6.93,16.63,23.28,27.44,22.6,92.4,1,1,MEDIUM,HIGH,0,0,1,0,MEDIUM,BEGINNER,99.9,0,NORMAL,0,0,0,2,8
WH-03023,PLANNED,SAAS,472641,2037,11.52,391.1,1361.04,285.62,213.5,,0,0,HIGH,VERY_HIGH,0,0,0,0,RAPID,ADVANCED,99.99,1,EVENT_DRIVEN,0,1,1,32,64
WH-03024,PLANNED,ECOMMERCE,194794,89,14.82,21.98,26.82,17.03,43.9,,0,1,HIGH,MEDIUM,0,0,1,0,MEDIUM,ADVANCED,99.95,1,NORMAL,0,0,1,2,8
WH-03025,LIVE_URL,ECOMMERCE,488058,303,11.91,60.15,131.72,50.4,126.6,72.4,1,0,HIGH,HIGH,0,0,0,0,SLOW,INTERMEDIATE,99.9,0,SEASONAL,0,0,1,8,16
WH-03026,LIVE_URL,CORPORATE,34511,23,1.66,0.64,1.02,12.75,15.0,64.2,1,1,LOW,LOW,0,0,0,0,SLOW,INTERMEDIATE,99.9,0,WEEKEND,0,0,1,1,4
WH-03027,PLANNED,SAAS,363929,4049,14.48,977.16,1631.85,275.36,40.6,,0,0,HIGH,HIGH,0,0,1,0,SLOW,INTERMEDIATE,99.9,0,WEEKEND,1,0,0,32,64
WH-03028,NEW_IDEA,SAAS,738173,2895,16.41,791.78,2438.69,186.65,89.2,,0,0,HIGH,VERY_HIGH,0,0,0,1,SLOW,INTERMEDIATE,99.9,0,EVENT_DRIVEN,0,0,0,32,64
WH-03029,PLANNED,CORPORATE,13147,6,4.67,0.47,1.05,13.78,15.9,,0,0,LOW,LOW,0,0,0,0,SLOW,INTERMEDIATE,99.5,0,EVENT_DRIVEN,0,1,0,2,4
WH-03030,PLANNED,BLOG,2419,8,2.18,0.29,0.6,61.1,77.9,,0,1,LOW,LOW,0,0,0,0,SLOW,ADVANCED,99.9,0,EVENING,0,0,0,2,4
WH-03031,NEW_IDEA,SAAS,193132,2569,7.27,311.28,470.03,372.24,207.0,,0,1,HIGH,HIGH,0,0,0,0,SLOW,ADVANCED,99.99,1,BUSINESS_HOURS,1,0,1,32,64
WH-03032,PLANNED,ECOMMERCE,255848,51,10.87,9.24,23.65,40.65,36.4,,0,1,HIGH,MEDIUM,0,0,0,0,RAPID,BEGINNER,99.95,1,EVENT_DRIVEN,0,0,0,2,8
WH-03033,LIVE_URL,SAAS,16086,43,20.14,14.43,24.83,40.37,150.3,94.2,1,1,HIGH,MEDIUM,0,0,0,0,MEDIUM,BEGINNER,99.5,0,BUSINESS_HOURS,0,0,1,2,8
WH-03034,PLANNED,NEWS,220121,911,2.06,31.28,52.23,46.74,73.3,,0,0,LOW,MEDIUM,0,0,0,1,MEDIUM,INTERMEDIATE,99.9,0,EVENING,0,0,1,1,8
WH-03035,NEW_IDEA,BLOG,79495,41,2.66,1.82,3.54,25.03,10.0,,0,1,LOW,LOW,0,0,1,0,MEDIUM,INTERMEDIATE,99.9,0,SEASONAL,0,0,0,1,4
WH-03036,LIVE_URL,BLOG,27898,60,1.63,1.63,2.95,43.83,22.2,88.4,1,1,LOW,LOW,0,0,1,0,STABLE,BEGINNER,99.9,0,EVENING,0,0,0,1,4
WH-03037,LIVE_URL,CORPORATE,5669,40,4.76,3.17,5.71,25.29,42.6,71.6,1,0,LOW,LOW,0,0,0,0,MEDIUM,BEGINNER,99.5,0,BUSINESS_HOURS,0,0,0,1,4
WH-03038,LIVE_URL,MARKETPLACE,457165,5276,16.78,1475.52,2582.16,844.34,75.2,64.1,1,0,MEDIUM,HIGH,0,0,1,0,MEDIUM,INTERMEDIATE,99.95,1,EVENING,0,1,1,32,64
WH-03039,PLANNED,BLOG,13824,29,1.96,0.95,1.75,20.83,12.9,,0,1,LOW,LOW,0,0,0,0,SLOW,ADVANCED,99.9,0,EVENING,0,0,0,2,4
WH-03040,PLANNED,INTERNAL_BUSINESS,407,8,7.97,1.06,1.58,15.46,115.5,,0,1,MEDIUM,MEDIUM,0,0,0,1,SLOW,BEGINNER,99.9,0,BUSINESS_HOURS,0,0,0,1,8
WH-03041,LIVE_URL,SAAS,996175,6330,22.99,2425.44,3444.13,559.49,97.7,,0,1,HIGH,HIGH,1,2169,1,0,MEDIUM,INTERMEDIATE,99.9,0,NORMAL,1,0,1,32,64
WH-03042,LIVE_URL,PORTFOLIO,855,23,2.12,0.81,1.59,26.34,21.4,78.4,1,0,LOW,LOW,0,0,0,0,MEDIUM,ADVANCED,99.9,0,EVENING,0,0,0,1,4
WH-03043,NEW_IDEA,SAAS,353577,6733,20.5,2300.44,3358.64,499.94,62.3,,0,0,MEDIUM,HIGH,1,5523,0,0,SLOW,INTERMEDIATE,99.9,0,BUSINESS_HOURS,0,1,1,32,64
WH-03044,LIVE_URL,SAAS,25002,466,11.34,88.07,149.73,33.31,56.1,80.3,1,0,HIGH,VERY_HIGH,0,0,0,0,SLOW,INTERMEDIATE,99.9,0,EVENING,0,0,1,8,16
WH-03045,LIVE_URL,SAAS,11781,53,15.14,13.37,21.0,15.73,54.0,73.0,1,0,VERY_HIGH,MEDIUM,1,37,0,0,STABLE,INTERMEDIATE,BASIC,0,WEEKEND,0,0,0,2,16
WH-03046,PLANNED,COMMUNITY,8398,108,7.51,13.52,35.55,38.13,186.1,,0,1,MEDIUM,HIGH,0,0,0,1,RAPID,BEGINNER,99.9,0,SEASONAL,0,0,1,2,8
WH-03047,NEW_IDEA,INTERNAL_BUSINESS,119,2,8.79,0.29,0.57,89.74,14.6,,0,1,MEDIUM,MEDIUM,0,0,0,0,RAPID,ADVANCED,99.9,0,SEASONAL,0,1,1,2,4
WH-03048,LIVE_URL,API_SERVICE,1040275,203,10.31,34.88,53.02,17.98,78.8,,0,1,MEDIUM,HIGH,0,0,1,0,RAPID,INTERMEDIATE,99.5,0,NORMAL,0,0,0,4,8
WH-03049,NEW_IDEA,BLOG,42694,10,2.59,0.43,0.59,8.0,27.6,,0,0,LOW,LOW,0,0,0,0,SLOW,INTERMEDIATE,99.95,1,NORMAL,0,0,0,2,4
WH-03050,LIVE_URL,MEDIA_STREAMING,756736,58,2.71,2.62,4.9,14.53,126.6,79.6,1,1,MEDIUM,MEDIUM,0,0,1,1,SLOW,BEGINNER,99.5,0,BUSINESS_HOURS,0,0,0,2,8
WH-03051,LIVE_URL,CORPORATE,86585,63,4.58,4.81,13.99,19.16,11.6,66.5,1,0,LOW,LOW,0,0,1,0,RAPID,INTERMEDIATE,99.5,0,EVENT_DRIVEN,0,0,0,1,4
WH-03052,NEW_IDEA,ECOMMERCE,219232,2002,13.11,437.44,896.75,150.25,72.1,,0,1,HIGH,HIGH,0,0,1,0,SLOW,ADVANCED,BASIC,0,EVENING,1,0,1,32,64
WH-03053,PLANNED,CORPORATE,23221,24,2.46,0.98,3.96,19.61,10.0,,0,0,LOW,LOW,0,0,0,0,MEDIUM,BEGINNER,99.9,0,EVENT_DRIVEN,0,0,0,2,4
WH-03054,LIVE_URL,SAAS,206950,3408,20.26,1150.77,2209.47,306.06,25.8,75.3,1,1,HIGH,MEDIUM,0,0,1,0,RAPID,INTERMEDIATE,99.9,0,BUSINESS_HOURS,0,0,0,32,64
WH-03055,PLANNED,API_SERVICE,47254,32,14.79,7.89,20.67,34.96,226.8,,0,0,MEDIUM,VERY_HIGH,1,27,1,1,RAPID,INTERMEDIATE,99.9,0,SEASONAL,0,0,0,2,8
WH-03056,LIVE_URL,EDUCATION,142673,29,9.29,4.49,6.11,51.36,717.8,65.0,1,1,MEDIUM,MEDIUM,0,0,1,1,MEDIUM,ADVANCED,99.95,1,NORMAL,0,0,0,2,8
WH-03057,LIVE_URL,EDUCATION,310570,1092,4.68,85.18,153.32,68.35,104.5,71.4,1,0,MEDIUM,HIGH,1,423,0,0,RAPID,INTERMEDIATE,99.99,1,SEASONAL,0,0,0,8,16
WH-03058,PLANNED,NEWS,149324,213,7.98,28.33,49.01,49.03,81.5,,0,1,MEDIUM,MEDIUM,0,0,1,1,SLOW,BEGINNER,99.9,0,EVENING,0,0,1,2,8
WH-03059,PLANNED,EDUCATION,99984,470,7.82,61.26,90.66,43.8,34.1,,0,0,MEDIUM,MEDIUM,0,0,0,1,STABLE,BEGINNER,99.9,0,NORMAL,0,0,1,4,8
WH-03060,LIVE_URL,CORPORATE,2957,41,4.79,3.27,5.66,8.0,59.7,84.4,1,0,LOW,MEDIUM,0,0,0,0,MEDIUM,INTERMEDIATE,99.99,1,EVENING,0,0,0,2,4
WH-03061,NEW_IDEA,SAAS,38791,120,22.47,44.94,183.36,79.0,171.3,,0,1,HIGH,VERY_HIGH,0,0,0,0,RAPID,INTERMEDIATE,99.99,1,EVENT_DRIVEN,0,0,0,16,32
WH-03062,LIVE_URL,API_SERVICE,303323,6548,14.96,1632.63,4310.16,538.41,32.5,65.4,1,1,MEDIUM,VERY_HIGH,0,0,0,0,MEDIUM,ADVANCED,99.5,0,EVENT_DRIVEN,0,1,0,32,64
WH-03063,LIVE_URL,BLOG,15197,6,2.7,0.27,0.49,16.84,73.7,79.4,1,0,LOW,LOW,0,0,0,0,RAPID,ADVANCED,99.95,1,BUSINESS_HOURS,0,0,0,2,4
WH-03064,NEW_IDEA,SAAS,11334,279,10.67,49.62,207.89,35.91,34.6,,0,0,HIGH,HIGH,1,179,1,0,RAPID,INTERMEDIATE,BASIC,0,EVENT_DRIVEN,0,0,1,16,32
WH-03065,LIVE_URL,API_SERVICE,951154,2901,28.97,1400.7,1946.97,400.65,92.1,79.2,1,1,MEDIUM,VERY_HIGH,0,0,1,0,RAPID,INTERMEDIATE,99.99,1,EVENING,0,0,0,32,64
WH-03066,LIVE_URL,API_SERVICE,996960,2468,19.67,809.09,2572.91,242.77,14.4,84.7,1,1,LOW,VERY_HIGH,0,0,1,0,RAPID,INTERMEDIATE,BASIC,0,EVENT_DRIVEN,0,0,0,32,32
WH-03067,PLANNED,SAAS,749188,4241,16.18,1143.66,2092.89,345.81,28.0,,0,1,HIGH,HIGH,0,0,0,0,MEDIUM,INTERMEDIATE,99.95,1,EVENING,0,0,1,32,64
WH-03068,NEW_IDEA,MARKETPLACE,464759,4371,18.27,1330.97,2049.69,595.39,25.1,,0,0,HIGH,HIGH,1,1042,1,0,MEDIUM,ADVANCED,99.95,1,BUSINESS_HOURS,0,0,1,32,64
WH-03069,LIVE_URL,SAAS,142064,2041,22.99,782.04,3182.92,572.63,80.1,89.0,1,0,HIGH,HIGH,0,0,1,0,STABLE,BEGINNER,99.9,0,EVENT_DRIVEN,0,0,1,32,64
WH-03070,NEW_IDEA,API_SERVICE,362231,4143,30.85,2130.19,4175.18,280.74,24.0,,0,0,MEDIUM,VERY_HIGH,0,0,0,0,MEDIUM,INTERMEDIATE,99.9,0,BUSINESS_HOURS,0,0,0,32,64
WH-03071,PLANNED,MEDIA_STREAMING,287145,55,4.36,4.0,5.4,45.57,190.4,,0,0,HIGH,MEDIUM,0,0,1,1,RAPID,INTERMEDIATE,BASIC,0,NORMAL,0,1,0,2,8
WH-03072,PLANNED,CORPORATE,116649,11,1.98,0.36,0.57,32.78,13.6,,0,0,LOW,LOW,0,0,0,0,MEDIUM,ADVANCED,99.5,0,BUSINESS_HOURS,0,0,1,1,4
WH-03073,NEW_IDEA,EDUCATION,35380,209,10.2,35.53,75.32,158.46,632.5,,0,0,MEDIUM,LOW,0,0,0,1,MEDIUM,BEGINNER,99.9,0,EVENT_DRIVEN,0,0,0,2,8
WH-03074,LIVE_URL,API_SERVICE,203511,3163,14.6,769.66,2724.61,185.07,63.9,79.8,1,1,MEDIUM,VERY_HIGH,0,0,0,0,MEDIUM,ADVANCED,99.5,0,EVENT_DRIVEN,0,0,1,32,64
WH-03075,LIVE_URL,SAAS,22646,26,13.35,5.78,13.71,27.04,30.0,80.7,1,1,MEDIUM,VERY_HIGH,1,20,0,0,MEDIUM,BEGINNER,99.9,0,SEASONAL,0,0,0,2,4
WH-03076,LIVE_URL,SAAS,44618,685,13.1,149.56,288.65,147.31,82.1,57.1,1,0,HIGH,HIGH,1,467,1,0,MEDIUM,INTERMEDIATE,99.9,0,BUSINESS_HOURS,0,0,1,16,32
WH-03077,LIVE_URL,CORPORATE,6049,62,3.29,3.4,5.61,8.0,25.0,61.3,1,1,LOW,LOW,0,0,0,0,MEDIUM,INTERMEDIATE,99.9,0,EVENING,0,0,0,2,4
WH-03078,LIVE_URL,NEWS,293984,180,6.95,20.85,36.49,24.13,106.4,75.0,1,0,MEDIUM,HIGH,0,0,0,1,MEDIUM,INTERMEDIATE,BASIC,0,BUSINESS_HOURS,0,0,0,2,8
WH-03079,NEW_IDEA,API_SERVICE,8086,241,11.39,45.75,142.74,22.35,10.0,,0,0,LOW,HIGH,0,0,0,0,RAPID,ADVANCED,99.9,0,SEASONAL,0,0,0,8,8
WH-03080,PLANNED,MEDIA_STREAMING,23227,634,6.73,71.11,138.67,17.84,172.5,,0,0,MEDIUM,HIGH,0,0,0,1,RAPID,ADVANCED,99.9,0,BUSINESS_HOURS,0,0,1,8,16
WH-03081,NEW_IDEA,SAAS,1506809,2253,16.84,632.34,2636.87,285.04,36.3,,0,1,HIGH,HIGH,1,1428,1,0,SLOW,INTERMEDIATE,99.95,1,EVENT_DRIVEN,0,0,1,32,64
WH-03082,LIVE_URL,SAAS,272324,948,22.93,362.29,634.01,103.72,37.7,53.5,1,0,HIGH,HIGH,0,0,1,0,MEDIUM,ADVANCED,99.95,1,SEASONAL,0,0,1,32,64
WH-03083,PLANNED,BLOG,5651,95,4.74,7.5,8.63,40.97,45.8,,0,0,LOW,LOW,0,0,0,0,SLOW,INTERMEDIATE,99.99,1,NORMAL,0,0,0,2,4
WH-03084,NEW_IDEA,BLOG,17921,12,4.47,0.89,3.54,54.7,69.1,,0,1,LOW,LOW,0,0,1,0,MEDIUM,INTERMEDIATE,BASIC,0,EVENT_DRIVEN,0,1,0,2,4
WH-03085,LIVE_URL,ECOMMERCE,134288,369,13.08,80.44,167.32,73.72,96.5,86.6,1,1,HIGH,HIGH,0,0,1,0,SLOW,ADVANCED,99.9,0,EVENING,0,0,0,8,16
WH-03086,NEW_IDEA,CORPORATE,8247,21,1.92,0.67,0.85,9.71,49.6,,0,0,LOW,LOW,0,0,1,1,STABLE,INTERMEDIATE,99.95,1,NORMAL,0,0,0,2,8
WH-03087,NEW_IDEA,MARKETPLACE,653622,3767,18.68,1172.79,2204.85,334.83,77.5,,0,1,HIGH,MEDIUM,0,0,1,1,MEDIUM,INTERMEDIATE,99.95,1,EVENING,1,0,1,32,64
WH-03088,LIVE_URL,EDUCATION,94578,18,9.93,2.98,4.08,19.18,19.6,,0,1,LOW,MEDIUM,0,0,0,0,MEDIUM,BEGINNER,99.9,0,WEEKEND,0,0,0,1,4
WH-03089,PLANNED,COMMUNITY,178960,61,9.14,9.29,29.46,25.25,71.5,,0,0,LOW,MEDIUM,1,37,0,0,MEDIUM,BEGINNER,99.9,0,EVENT_DRIVEN,0,0,0,1,4
WH-03090,NEW_IDEA,ECOMMERCE,62284,1346,13.07,293.2,378.23,236.51,1056.7,,0,0,VERY_HIGH,MEDIUM,0,0,1,1,SLOW,INTERMEDIATE,99.5,0,NORMAL,0,0,0,32,64
WH-03091,PLANNED,MARKETPLACE,390752,50,9.57,7.97,21.93,10.68,31.6,,0,0,MEDIUM,HIGH,0,0,1,0,SLOW,BEGINNER,99.9,0,EVENT_DRIVEN,0,0,1,1,8
WH-03092,PLANNED,BLOG,5497,36,2.46,1.48,2.01,12.17,10.0,,0,0,LOW,LOW,0,0,0,0,MEDIUM,ADVANCED,99.95,1,NORMAL,0,0,0,2,4
WH-03093,NEW_IDEA,MARKETPLACE,106420,113,13.77,25.93,35.01,12.54,45.1,,0,1,MEDIUM,HIGH,1,36,1,0,RAPID,INTERMEDIATE,99.95,1,NORMAL,0,0,0,2,8
WH-03094,LIVE_URL,SAAS,66524,1263,22.52,474.05,668.4,88.07,143.9,67.7,1,1,HIGH,HIGH,0,0,1,1,SLOW,ADVANCED,99.5,0,EVENING,0,0,1,32,64
WH-03095,PLANNED,API_SERVICE,299165,2733,32.47,1479.01,2869.28,434.85,100.2,,0,0,MEDIUM,VERY_HIGH,0,0,1,0,MEDIUM,ADVANCED,99.95,1,EVENING,0,0,1,32,64
WH-03096,LIVE_URL,API_SERVICE,784975,6420,29.81,3189.67,3731.91,342.31,59.5,79.7,1,0,MEDIUM,VERY_HIGH,0,0,1,0,RAPID,BEGINNER,99.5,0,NORMAL,1,1,1,32,64
WH-03097,LIVE_URL,EDUCATION,46532,275,4.37,20.03,29.24,79.43,83.7,64.3,1,0,MEDIUM,MEDIUM,0,0,0,0,MEDIUM,INTERMEDIATE,99.9,0,BUSINESS_HOURS,0,0,1,2,4
WH-03098,LIVE_URL,INTERNAL_BUSINESS,18674,25,4.78,1.99,2.95,15.89,35.3,49.6,1,1,MEDIUM,MEDIUM,0,0,1,0,SLOW,INTERMEDIATE,99.5,0,BUSINESS_HOURS,0,0,0,2,8
WH-03099,LIVE_URL,SAAS,1121434,5680,17.04,1613.12,2580.99,164.5,72.6,62.5,1,1,VERY_HIGH,HIGH,0,0,1,0,MEDIUM,INTERMEDIATE,99.9,0,BUSINESS_HOURS,0,0,0,32,64
WH-03100,NEW_IDEA,PORTFOLIO,1405,5,2.13,0.18,0.24,27.47,57.2,,0,1,LOW,MEDIUM,0,0,0,0,RAPID,BEGINNER,99.9,0,NORMAL,0,0,0,1,4
WH-03101,LIVE_URL,BLOG,41642,11,4.85,0.89,1.41,9.2,10.0,82.6,1,1,LOW,LOW,0,0,1,0,STABLE,BEGINNER,BASIC,0,WEEKEND,0,0,0,2,4
WH-03102,PLANNED,MARKETPLACE,607677,3603,19.33,1160.77,3493.91,354.73,78.6,,0,0,MEDIUM,HIGH,1,1155,0,0,SLOW,BEGINNER,99.95,1,SEASONAL,0,1,0,32,64
WH-03103,LIVE_URL,MEDIA_STREAMING,377483,98,4.88,7.97,11.0,34.48,270.7,62.4,1,0,HIGH,HIGH,0,0,0,0,STABLE,ADVANCED,99.9,0,NORMAL,0,0,1,2,8
WH-03104,LIVE_URL,SAAS,33337,126,16.67,35.01,60.91,35.9,345.3,84.2,1,1,VERY_HIGH,HIGH,0,0,0,0,STABLE,BEGINNER,99.95,1,SEASONAL,0,0,1,4,16
WH-03105,NEW_IDEA,API_SERVICE,1222653,956,19.25,306.72,441.67,84.31,16.7,,0,1,MEDIUM,VERY_HIGH,0,0,0,0,RAPID,INTERMEDIATE,99.95,1,WEEKEND,0,0,1,32,64
WH-03106,PLANNED,INTERNAL_BUSINESS,3117,8,4.11,0.55,1.69,16.42,37.3,,0,1,MEDIUM,LOW,0,0,0,0,SLOW,BEGINNER,99.9,0,SEASONAL,0,0,1,2,4
WH-03107,LIVE_URL,SAAS,89584,44,16.2,11.88,16.04,27.06,18.6,65.8,1,0,MEDIUM,HIGH,0,0,1,0,RAPID,BEGINNER,99.5,0,BUSINESS_HOURS,0,0,0,1,8
WH-03108,PLANNED,ECOMMERCE,451678,60,10.57,10.57,28.54,29.12,567.3,,0,1,HIGH,HIGH,0,0,1,1,RAPID,INTERMEDIATE,99.9,0,SEASONAL,0,0,1,2,8
WH-03109,PLANNED,MARKETPLACE,139732,993,9.25,153.09,283.21,32.04,163.0,,0,1,HIGH,HIGH,1,708,1,0,MEDIUM,INTERMEDIATE,99.9,0,EVENING,0,0,0,16,32
WH-03110,LIVE_URL,SAAS,1149227,6791,23.05,2608.88,4982.95,466.5,91.3,71.0,1,1,MEDIUM,VERY_HIGH,1,5693,1,0,MEDIUM,INTERMEDIATE,99.9,0,SEASONAL,0,1,0,32,64
WH-03111,NEW_IDEA,NEWS,70034,284,4.61,21.82,37.97,66.22,17.0,,0,1,MEDIUM,MEDIUM,0,0,0,0,STABLE,INTERMEDIATE,99.9,0,EVENING,0,0,1,1,4
WH-03112,NEW_IDEA,API_SERVICE,587626,5466,29.68,2703.85,4948.04,470.34,63.7,,0,0,MEDIUM,VERY_HIGH,0,0,0,0,RAPID,BEGINNER,99.99,1,EVENING,1,1,0,32,64
WH-03113,LIVE_URL,API_SERVICE,1076297,1629,24.13,655.13,1257.85,187.81,52.9,63.1,1,0,MEDIUM,VERY_HIGH,0,0,1,0,MEDIUM,ADVANCED,99.95,1,BUSINESS_HOURS,0,1,1,32,64
WH-03114,LIVE_URL,MARKETPLACE,150478,1922,6.69,214.3,574.33,109.91,175.0,65.9,1,1,VERY_HIGH,MEDIUM,0,0,0,0,STABLE,INTERMEDIATE,99.95,1,SEASONAL,0,1,1,32,64
WH-03115,NEW_IDEA,SAAS,13872,192,8.49,27.17,39.67,25.84,154.8,,0,0,HIGH,HIGH,0,0,1,0,RAPID,BEGINNER,99.95,1,BUSINESS_HOURS,0,0,1,4,8
WH-03116,LIVE_URL,SAAS,113055,1487,13.02,322.68,603.41,247.67,158.3,66.1,1,0,HIGH,HIGH,0,0,0,0,MEDIUM,BEGINNER,99.9,0,BUSINESS_HOURS,0,0,1,32,64
WH-03117,PLANNED,SAAS,1602757,749,18.76,234.19,398.12,54.29,37.3,,0,1,MEDIUM,VERY_HIGH,1,333,1,0,STABLE,ADVANCED,99.9,0,BUSINESS_HOURS,1,1,1,32,64
WH-03118,PLANNED,PORTFOLIO,8051,12,3.47,0.69,2.91,22.15,14.7,,0,1,LOW,LOW,0,0,0,0,RAPID,INTERMEDIATE,99.9,0,EVENT_DRIVEN,0,0,1,1,2
WH-03119,LIVE_URL,BLOG,22605,61,2.77,2.82,5.07,90.1,72.4,58.0,1,1,LOW,LOW,0,0,0,1,RAPID,INTERMEDIATE,99.95,1,EVENING,0,0,0,2,4
WH-03120,LIVE_URL,ECOMMERCE,33517,62,6.74,6.96,17.83,36.94,47.9,88.6,1,1,HIGH,HIGH,1,37,0,0,STABLE,BEGINNER,99.95,1,SEASONAL,0,0,1,2,8
WH-03121,NEW_IDEA,CORPORATE,6691,82,3.7,5.06,6.42,37.92,112.7,,0,1,LOW,MEDIUM,0,0,0,1,STABLE,BEGINNER,99.95,1,NORMAL,0,1,0,2,4
WH-03122,PLANNED,API_SERVICE,44613,159,15.86,42.03,122.3,61.24,122.8,,0,0,MEDIUM,VERY_HIGH,0,0,1,0,MEDIUM,BEGINNER,99.95,1,SEASONAL,0,0,0,8,16
WH-03123,PLANNED,MEDIA_STREAMING,464666,1006,3.97,66.56,220.99,19.91,25.5,,0,1,MEDIUM,LOW,0,0,1,0,RAPID,INTERMEDIATE,99.9,0,SEASONAL,0,0,0,8,16
WH-03124,NEW_IDEA,MARKETPLACE,17281,155,15.23,39.34,59.8,16.73,91.3,,0,0,HIGH,HIGH,0,0,1,0,MEDIUM,INTERMEDIATE,99.9,0,NORMAL,0,0,0,4,8
WH-03125,NEW_IDEA,SAAS,41960,94,15.27,23.92,31.58,76.9,605.6,,0,0,HIGH,HIGH,1,42,0,1,MEDIUM,ADVANCED,99.9,0,BUSINESS_HOURS,0,0,0,2,8
WH-03126,NEW_IDEA,ECOMMERCE,44427,176,13.37,39.22,49.42,90.38,51.5,,0,0,HIGH,HIGH,0,0,1,0,SLOW,INTERMEDIATE,99.9,0,WEEKEND,0,0,1,4,8
WH-03127,LIVE_URL,ECOMMERCE,24408,279,8.4,39.06,63.28,23.2,15.7,65.3,1,1,MEDIUM,HIGH,0,0,1,0,STABLE,BEGINNER,99.9,0,BUSINESS_HOURS,0,0,0,4,8
WH-03128,NEW_IDEA,CORPORATE,5714,9,4.75,0.71,0.83,22.3,48.4,,0,1,LOW,LOW,0,0,0,0,SLOW,BEGINNER,99.9,0,NORMAL,0,0,0,2,4
WH-03129,LIVE_URL,MARKETPLACE,21187,130,5.22,11.31,16.63,64.69,13.5,87.9,1,0,MEDIUM,HIGH,0,0,1,0,MEDIUM,INTERMEDIATE,99.5,0,BUSINESS_HOURS,0,0,1,1,8
WH-03130,LIVE_URL,CORPORATE,2103,7,2.02,0.24,0.73,13.48,87.2,78.5,1,1,LOW,MEDIUM,0,0,0,1,MEDIUM,ADVANCED,99.9,0,EVENT_DRIVEN,0,0,0,1,4
WH-03131,LIVE_URL,BLOG,4789,6,4.85,0.48,0.61,10.11,10.5,82.0,1,1,LOW,LOW,0,0,1,0,SLOW,BEGINNER,99.9,0,NORMAL,0,0,0,2,4
WH-03132,PLANNED,SAAS,1637720,162,19.72,53.24,100.1,34.27,103.7,,0,1,HIGH,HIGH,0,0,0,0,MEDIUM,INTERMEDIATE,99.99,1,SEASONAL,0,0,0,8,16
WH-03133,PLANNED,CORPORATE,28445,12,4.39,0.88,1.48,23.04,56.4,,0,0,LOW,LOW,0,0,1,0,SLOW,INTERMEDIATE,99.95,1,BUSINESS_HOURS,0,0,0,2,4
WH-03134,LIVE_URL,CORPORATE,5705,7,2.1,0.25,0.49,14.52,37.9,,0,0,LOW,LOW,0,0,0,1,MEDIUM,ADVANCED,99.9,0,EVENING,0,0,0,1,4
WH-03135,PLANNED,ECOMMERCE,399922,3055,15.58,793.28,2014.94,315.58,185.8,,0,1,HIGH,HIGH,0,0,0,0,SLOW,INTERMEDIATE,99.9,0,SEASONAL,0,0,0,32,64
WH-03136,LIVE_URL,NEWS,459946,2407,6.59,264.37,531.38,131.44,42.9,82.4,1,0,MEDIUM,MEDIUM,0,0,1,0,SLOW,BEGINNER,99.9,0,EVENING,0,0,0,16,32
WH-03137,PLANNED,CORPORATE,2950,50,5.74,4.78,7.03,9.79,51.0,,0,0,LOW,MEDIUM,0,0,1,0,STABLE,INTERMEDIATE,99.9,0,BUSINESS_HOURS,0,0,0,1,4
WH-03138,NEW_IDEA,SAAS,1619968,6586,12.93,1419.28,2923.72,955.24,90.5,,0,1,HIGH,HIGH,0,0,1,0,SLOW,ADVANCED,99.5,0,EVENT_DRIVEN,1,0,1,32,64
WH-03139,PLANNED,BLOG,20883,5,3.97,0.33,0.5,8.0,19.3,,0,0,LOW,MEDIUM,0,0,0,0,RAPID,ADVANCED,BASIC,0,NORMAL,0,0,1,1,4
WH-03140,LIVE_URL,SAAS,678410,3988,22.51,1496.16,2588.36,569.57,33.7,71.4,1,0,HIGH,HIGH,0,0,0,0,RAPID,BEGINNER,99.95,1,BUSINESS_HOURS,1,0,1,32,64
WH-03141,NEW_IDEA,MARKETPLACE,46664,925,19.09,294.3,347.28,107.22,84.9,,0,0,HIGH,HIGH,1,338,1,0,MEDIUM,INTERMEDIATE,99.5,0,NORMAL,0,0,1,32,64
WH-03142,PLANNED,SAAS,5817,82,21.84,29.85,59.1,33.42,97.3,,0,0,HIGH,HIGH,0,0,0,0,STABLE,INTERMEDIATE,99.5,0,EVENING,0,0,1,4,8
WH-03143,PLANNED,ECOMMERCE,108686,1638,6.81,185.91,286.31,127.92,146.7,,0,1,HIGH,HIGH,0,0,0,0,SLOW,INTERMEDIATE,BASIC,0,NORMAL,0,0,1,16,32
WH-03144,PLANNED,MEDIA_STREAMING,151320,499,7.12,59.21,74.61,81.96,1545.2,,0,1,HIGH,MEDIUM,0,0,0,1,MEDIUM,BEGINNER,99.9,0,NORMAL,0,0,1,4,8
WH-03145,PLANNED,SAAS,6148,80,22.71,30.28,48.15,53.09,53.2,,0,1,MEDIUM,HIGH,0,0,1,0,SLOW,INTERMEDIATE,99.9,0,BUSINESS_HOURS,0,0,0,2,8
WH-03146,LIVE_URL,SAAS,508530,6262,10.06,1049.93,3790.24,1677.68,128.6,39.6,1,1,HIGH,HIGH,0,0,1,0,RAPID,ADVANCED,99.5,0,EVENT_DRIVEN,1,0,1,32,64
WH-03147,PLANNED,SAAS,12466,297,15.89,78.66,187.99,367.91,1540.3,,0,1,HIGH,VERY_HIGH,1,101,1,1,SLOW,INTERMEDIATE,99.9,0,SEASONAL,0,0,1,16,32
WH-03148,LIVE_URL,PORTFOLIO,7577,16,3.94,1.05,1.6,23.7,53.9,84.8,1,1,LOW,LOW,0,0,0,0,MEDIUM,ADVANCED,99.9,0,EVENING,0,0,0,1,4
WH-03149,PLANNED,BLOG,26424,7,4.93,0.58,0.8,85.2,74.4,,0,1,LOW,LOW,0,0,1,0,SLOW,INTERMEDIATE,99.95,1,NORMAL,0,0,0,2,4
WH-03150,LIVE_URL,BLOG,27694,32,1.61,0.86,1.42,68.08,47.3,62.5,1,0,LOW,LOW,0,0,0,0,MEDIUM,BEGINNER,99.5,0,EVENING,0,0,1,1,4
WH-03151,LIVE_URL,API_SERVICE,427679,3596,11.78,706.01,1171.98,372.63,29.6,82.7,1,0,MEDIUM,HIGH,1,722,0,0,STABLE,INTERMEDIATE,99.95,1,EVENING,0,1,1,32,64
WH-03152,PLANNED,ECOMMERCE,650272,1790,5.83,173.93,264.37,378.09,30.1,,0,0,HIGH,HIGH,0,0,0,0,MEDIUM,INTERMEDIATE,99.99,1,NORMAL,0,0,1,16,32
WH-03153,PLANNED,SAAS,991226,3568,21.71,1291.02,3795.6,1072.91,19.1,,0,0,MEDIUM,HIGH,0,0,1,0,STABLE,BEGINNER,99.9,0,EVENT_DRIVEN,1,0,1,32,64
WH-03154,NEW_IDEA,NEWS,166086,89,4.36,6.47,13.52,18.07,25.6,,0,1,MEDIUM,MEDIUM,0,0,0,0,MEDIUM,BEGINNER,99.9,0,EVENING,0,0,0,2,4
WH-03155,NEW_IDEA,API_SERVICE,1156581,4725,14.34,1129.28,2043.99,377.95,15.7,,0,1,MEDIUM,VERY_HIGH,1,2641,1,0,SLOW,INTERMEDIATE,99.9,0,WEEKEND,0,0,0,32,64
WH-03156,LIVE_URL,SAAS,211822,3315,19.23,1062.46,3325.49,774.37,231.1,64.7,1,0,HIGH,MEDIUM,0,0,1,0,MEDIUM,ADVANCED,99.5,0,SEASONAL,0,1,1,32,64
WH-03157,NEW_IDEA,CORPORATE,17879,30,2.69,1.34,2.03,12.6,28.2,,0,0,LOW,LOW,0,0,1,0,RAPID,INTERMEDIATE,99.5,0,NORMAL,0,0,0,2,4
WH-03158,LIVE_URL,BLOG,2521,5,4.92,0.41,0.54,14.68,39.2,68.7,1,0,LOW,LOW,0,0,0,1,RAPID,ADVANCED,99.95,1,NORMAL,0,0,0,2,4
WH-03159,NEW_IDEA,SAAS,992308,642,20.57,220.1,360.96,101.35,19.1,,0,0,MEDIUM,HIGH,0,0,1,0,RAPID,INTERMEDIATE,99.95,1,BUSINESS_HOURS,0,0,1,16,32
WH-03160,PLANNED,EDUCATION,234551,206,7.55,25.92,38.36,37.74,40.4,,0,0,MEDIUM,MEDIUM,0,0,1,0,SLOW,INTERMEDIATE,99.9,0,NORMAL,0,0,1,2,8
WH-03161,LIVE_URL,ECOMMERCE,120325,31,7.12,3.68,6.47,15.72,77.2,78.8,1,1,HIGH,HIGH,0,0,1,0,MEDIUM,INTERMEDIATE,99.5,0,BUSINESS_HOURS,0,0,0,2,8
WH-03162,PLANNED,PORTFOLIO,3900,32,1.04,0.55,1.0,8.0,11.3,,0,0,LOW,LOW,0,0,1,0,STABLE,INTERMEDIATE,99.9,0,WEEKEND,0,0,1,1,4
WH-03163,LIVE_URL,PORTFOLIO,2225,3,1.82,0.09,0.13,9.2,77.8,84.9,1,0,LOW,MEDIUM,0,0,0,0,SLOW,ADVANCED,99.9,0,NORMAL,0,0,0,1,4
WH-03164,NEW_IDEA,CORPORATE,38138,102,2.19,3.72,5.32,17.68,34.1,,0,1,LOW,LOW,0,0,0,0,SLOW,ADVANCED,99.9,0,NORMAL,0,0,0,1,4
WH-03165,PLANNED,SAAS,1042000,5227,12.14,1057.6,4061.17,484.17,119.8,,0,0,HIGH,HIGH,0,0,0,0,MEDIUM,ADVANCED,99.9,0,EVENT_DRIVEN,1,0,1,32,64
WH-03166,LIVE_URL,MARKETPLACE,775303,5447,19.91,1807.5,2476.27,536.53,83.1,83.7,1,0,MEDIUM,HIGH,0,0,1,0,SLOW,ADVANCED,BASIC,0,NORMAL,0,1,1,32,64
WH-03167,PLANNED,API_SERVICE,1389458,1799,22.04,660.83,1711.56,205.46,27.0,,0,0,MEDIUM,HIGH,0,0,0,0,STABLE,ADVANCED,99.9,0,EVENT_DRIVEN,0,1,0,32,64
WH-03168,LIVE_URL,INTERNAL_BUSINESS,1217,32,3.57,1.9,3.56,8.0,72.8,71.8,1,0,MEDIUM,LOW,0,0,0,0,STABLE,BEGINNER,99.9,0,BUSINESS_HOURS,0,0,1,2,4
WH-03169,PLANNED,MARKETPLACE,162400,4478,15.37,1147.11,3441.34,321.3,70.7,,0,1,HIGH,MEDIUM,1,3138,1,0,STABLE,INTERMEDIATE,99.95,1,EVENT_DRIVEN,0,0,1,32,64
WH-03170,NEW_IDEA,BLOG,2966,5,2.1,0.17,0.26,8.0,11.9,,0,0,LOW,LOW,0,0,0,0,SLOW,INTERMEDIATE,99.9,0,NORMAL,0,0,0,2,4
WH-03171,PLANNED,NEWS,1613177,55,3.79,3.47,5.32,14.45,34.8,,0,1,MEDIUM,MEDIUM,0,0,0,0,MEDIUM,INTERMEDIATE,99.9,0,NORMAL,0,0,0,2,4
WH-03172,PLANNED,API_SERVICE,9866,86,13.36,19.15,56.3,11.17,21.7,,0,0,LOW,VERY_HIGH,0,0,0,0,STABLE,ADVANCED,BASIC,0,EVENT_DRIVEN,0,0,0,4,4
WH-03173,PLANNED,API_SERVICE,600607,1414,25.11,591.76,804.79,212.04,21.0,,0,0,MEDIUM,VERY_HIGH,0,0,0,0,MEDIUM,ADVANCED,99.95,1,NORMAL,0,1,0,32,64
WH-03174,NEW_IDEA,CORPORATE,11457,28,2.93,1.37,2.17,32.39,96.1,,0,1,LOW,LOW,0,0,1,1,SLOW,INTERMEDIATE,99.9,0,BUSINESS_HOURS,0,0,1,2,4
WH-03175,PLANNED,EDUCATION,36044,43,10.46,7.5,13.79,18.29,41.3,,0,1,MEDIUM,MEDIUM,0,0,0,0,SLOW,BEGINNER,BASIC,0,BUSINESS_HOURS,0,0,0,1,4
WH-03176,NEW_IDEA,MEDIA_STREAMING,214220,1157,5.86,113.0,153.68,59.72,226.7,,0,1,MEDIUM,LOW,0,0,0,1,SLOW,ADVANCED,99.9,0,NORMAL,0,0,1,8,16
WH-03177,LIVE_URL,CORPORATE,16511,6,5.75,0.57,1.02,21.63,48.4,59.7,1,1,LOW,LOW,0,0,0,0,MEDIUM,INTERMEDIATE,99.95,1,EVENING,0,0,0,2,4
WH-03178,LIVE_URL,ECOMMERCE,225368,248,11.61,47.99,56.15,48.43,192.3,69.6,1,1,VERY_HIGH,HIGH,0,0,1,0,STABLE,INTERMEDIATE,99.95,1,NORMAL,0,0,0,4,16
WH-03179,LIVE_URL,MEDIA_STREAMING,24520,144,5.09,12.22,14.54,94.09,672.5,62.7,1,1,HIGH,HIGH,0,0,0,1,STABLE,BEGINNER,99.9,0,NORMAL,0,0,0,2,8
WH-03180,LIVE_URL,API_SERVICE,77673,1559,33.78,877.72,3642.53,269.68,136.4,77.4,1,0,HIGH,VERY_HIGH,0,0,1,0,STABLE,ADVANCED,99.9,0,EVENT_DRIVEN,0,1,0,32,64
WH-03181,LIVE_URL,SAAS,1353835,2829,22.38,1055.22,3587.74,228.33,38.3,88.7,1,0,HIGH,HIGH,0,0,1,0,SLOW,ADVANCED,BASIC,0,SEASONAL,0,0,1,32,64
WH-03182,PLANNED,ECOMMERCE,663958,1165,16.74,325.03,627.32,82.16,784.2,,0,1,HIGH,VERY_HIGH,0,0,1,1,MEDIUM,ADVANCED,99.9,0,BUSINESS_HOURS,0,0,1,32,64
WH-03183,LIVE_URL,SAAS,670071,309,9.62,49.54,59.95,20.72,222.8,73.7,1,0,HIGH,HIGH,0,0,1,0,MEDIUM,ADVANCED,99.9,0,NORMAL,0,0,1,4,8
WH-03184,PLANNED,MEDIA_STREAMING,1151759,3756,4.09,256.03,448.06,112.74,67.9,,0,0,MEDIUM,HIGH,0,0,0,1,MEDIUM,ADVANCED,99.9,0,SEASONAL,0,0,1,16,32
WH-03185,LIVE_URL,NEWS,137359,1547,8.27,213.23,326.24,33.43,13.5,68.5,1,1,MEDIUM,LOW,0,0,0,0,RAPID,BEGINNER,99.5,0,NORMAL,0,1,1,8,16
WH-03186,LIVE_URL,NEWS,164907,1956,6.95,226.57,267.35,196.75,359.9,47.9,1,0,HIGH,MEDIUM,0,0,0,1,MEDIUM,BEGINNER,99.9,0,NORMAL,0,0,1,8,16
WH-03187,PLANNED,SAAS,455055,2764,12.53,577.22,2274.23,553.49,40.5,,0,0,HIGH,MEDIUM,0,0,0,0,RAPID,INTERMEDIATE,99.99,1,EVENT_DRIVEN,0,0,0,32,64
WH-03188,LIVE_URL,SAAS,150196,4020,21.86,1464.62,4379.21,290.02,112.9,65.4,1,1,VERY_HIGH,HIGH,0,0,0,0,RAPID,ADVANCED,BASIC,0,SEASONAL,1,0,1,32,64
WH-03189,LIVE_URL,CORPORATE,27014,103,5.85,10.04,17.37,29.2,15.5,72.0,1,0,LOW,MEDIUM,0,0,0,0,MEDIUM,INTERMEDIATE,99.99,1,EVENING,0,0,1,2,4
WH-03190,LIVE_URL,API_SERVICE,222871,2548,31.54,1339.4,2477.89,269.41,56.9,93.9,1,0,MEDIUM,VERY_HIGH,0,0,0,0,SLOW,BEGINNER,99.99,1,EVENING,1,0,0,32,64
WH-03191,PLANNED,EDUCATION,4077,31,7.56,3.91,5.74,47.94,64.3,,0,1,LOW,LOW,0,0,0,0,RAPID,ADVANCED,99.9,0,NORMAL,0,0,0,1,4
WH-03192,PLANNED,SAAS,180591,3431,21.53,1231.16,2511.56,687.86,31.2,,0,0,HIGH,HIGH,0,0,1,0,SLOW,BEGINNER,99.9,0,SEASONAL,0,1,1,32,64
WH-03193,PLANNED,SAAS,206498,1267,16.59,350.33,655.11,70.21,92.0,,0,1,HIGH,HIGH,0,0,0,1,MEDIUM,BEGINNER,99.9,0,WEEKEND,0,0,1,32,64
WH-03194,LIVE_URL,MEDIA_STREAMING,46564,60,5.61,5.61,11.44,46.15,63.8,74.5,1,0,HIGH,MEDIUM,0,0,0,1,SLOW,BEGINNER,BASIC,0,EVENING,0,0,1,2,8
WH-03195,PLANNED,SAAS,243064,6220,15.78,1635.86,2486.51,281.69,81.6,,0,1,HIGH,VERY_HIGH,0,0,1,0,MEDIUM,INTERMEDIATE,99.9,0,NORMAL,0,0,1,32,64
WH-03196,PLANNED,CORPORATE,8736,36,1.69,1.01,2.02,26.61,53.7,,0,0,LOW,LOW,0,0,1,0,STABLE,ADVANCED,99.95,1,WEEKEND,0,0,1,2,4
WH-03197,PLANNED,BLOG,14150,15,2.02,0.51,1.02,20.42,227.3,,0,1,LOW,LOW,0,0,0,1,RAPID,BEGINNER,99.95,1,EVENING,0,0,0,2,4
WH-03198,PLANNED,MARKETPLACE,27776,342,6.03,34.37,101.39,116.31,83.7,,0,0,HIGH,MEDIUM,0,0,0,0,SLOW,INTERMEDIATE,99.99,1,SEASONAL,0,0,1,8,16
WH-03199,LIVE_URL,SAAS,89733,1413,18.01,424.14,1000.96,594.49,126.1,67.4,1,0,MEDIUM,HIGH,0,0,1,0,RAPID,ADVANCED,99.99,1,EVENT_DRIVEN,0,1,1,32,64
WH-03200,LIVE_URL,SAAS,287970,248,11.84,48.94,99.83,80.37,76.5,70.8,1,0,HIGH,VERY_HIGH,0,0,1,0,MEDIUM,BEGINNER,BASIC,0,EVENING,0,0,0,8,16
WH-03201,NEW_IDEA,SAAS,335044,3084,20.16,1036.22,4258.88,327.38,37.6,,0,0,HIGH,HIGH,1,1472,1,0,MEDIUM,INTERMEDIATE,99.95,1,EVENT_DRIVEN,0,0,0,32,64
WH-03202,PLANNED,SAAS,1111827,6120,14.17,1445.34,2630.52,401.9,83.5,,0,0,HIGH,MEDIUM,0,0,0,1,STABLE,ADVANCED,99.95,1,BUSINESS_HOURS,1,0,1,32,64
WH-03203,LIVE_URL,EDUCATION,256242,105,10.33,18.08,51.16,28.31,47.7,,0,0,MEDIUM,MEDIUM,0,0,0,0,MEDIUM,BEGINNER,BASIC,0,SEASONAL,0,0,0,2,8
WH-03204,PLANNED,PORTFOLIO,5349,12,2.13,0.43,0.83,8.0,20.9,,0,0,LOW,LOW,0,0,0,0,SLOW,BEGINNER,99.9,0,BUSINESS_HOURS,0,0,0,1,4
WH-03205,PLANNED,BLOG,14008,24,4.63,1.85,6.28,18.09,10.0,,0,0,LOW,LOW,0,0,0,0,SLOW,ADVANCED,99.9,0,SEASONAL,0,0,0,2,4
WH-03206,LIVE_URL,BLOG,4397,14,3.02,0.7,1.3,15.88,23.1,74.2,1,1,LOW,LOW,0,0,1,0,MEDIUM,ADVANCED,99.9,0,BUSINESS_HOURS,0,0,0,2,4
WH-03207,LIVE_URL,SAAS,250276,3837,18.82,1203.54,2527.43,532.85,27.2,81.2,1,0,HIGH,VERY_HIGH,0,0,0,0,MEDIUM,ADVANCED,99.5,0,EVENING,1,1,0,32,64
WH-03208,LIVE_URL,MEDIA_STREAMING,131462,270,5.98,26.91,46.29,61.75,411.3,81.6,1,1,MEDIUM,MEDIUM,0,0,0,1,MEDIUM,BEGINNER,99.9,0,BUSINESS_HOURS,0,0,1,2,8
WH-03209,LIVE_URL,BLOG,2257,41,3.48,2.38,3.26,15.75,37.8,99.0,1,0,LOW,MEDIUM,0,0,0,0,MEDIUM,INTERMEDIATE,99.9,0,NORMAL,0,0,1,2,4
WH-03210,NEW_IDEA,ECOMMERCE,560184,2796,9.72,452.95,1200.32,297.68,22.9,,0,0,HIGH,HIGH,0,0,0,0,MEDIUM,INTERMEDIATE,99.9,0,SEASONAL,1,0,1,32,64
WH-03211,PLANNED,API_SERVICE,17488,103,25.9,44.46,60.47,29.37,22.0,,0,0,LOW,VERY_HIGH,0,0,1,0,SLOW,INTERMEDIATE,BASIC,0,NORMAL,0,0,0,4,4
WH-03212,PLANNED,SAAS,8176,53,5.77,5.1,11.47,10.78,41.0,,0,0,HIGH,HIGH,0,0,0,0,STABLE,BEGINNER,99.9,0,EVENT_DRIVEN,0,0,0,2,8
WH-03213,LIVE_URL,NEWS,1062903,3169,7.76,409.86,856.6,80.55,221.7,63.0,1,1,HIGH,HIGH,0,0,0,1,SLOW,INTERMEDIATE,99.9,0,EVENT_DRIVEN,0,0,1,32,64
WH-03214,NEW_IDEA,SAAS,308282,4052,22.65,1529.63,2141.48,156.46,182.4,,0,1,HIGH,MEDIUM,0,0,1,0,RAPID,ADVANCED,99.95,1,BUSINESS_HOURS,0,1,0,32,64
WH-03215,PLANNED,MARKETPLACE,20050,197,16.34,53.65,104.08,63.41,46.4,,0,1,HIGH,MEDIUM,0,0,1,0,MEDIUM,BEGINNER,BASIC,0,WEEKEND,0,0,1,8,16
WH-03216,PLANNED,API_SERVICE,484146,3626,17.72,1070.88,1563.48,482.97,112.3,,0,1,MEDIUM,VERY_HIGH,1,2488,0,0,MEDIUM,INTERMEDIATE,99.95,1,BUSINESS_HOURS,0,1,0,32,64
WH-03217,NEW_IDEA,MARKETPLACE,947935,3161,18.96,998.88,2037.71,240.76,18.4,,0,0,MEDIUM,HIGH,0,0,0,0,STABLE,ADVANCED,99.95,1,WEEKEND,0,1,0,32,64
WH-03218,LIVE_URL,SAAS,79085,1203,18.5,370.93,678.79,116.73,39.6,78.8,1,0,MEDIUM,HIGH,1,965,1,0,MEDIUM,INTERMEDIATE,99.95,1,BUSINESS_HOURS,0,0,1,32,64
WH-03219,LIVE_URL,MEDIA_STREAMING,28863,100,5.53,9.22,10.78,30.82,405.5,61.1,1,0,HIGH,HIGH,0,0,0,1,RAPID,ADVANCED,99.9,0,NORMAL,0,0,1,1,8
WH-03220,LIVE_URL,NEWS,1787196,94,5.06,7.93,12.21,30.98,421.4,65.7,1,1,MEDIUM,MEDIUM,0,0,1,1,RAPID,BEGINNER,99.5,0,NORMAL,0,0,1,2,8
WH-03221,PLANNED,MARKETPLACE,265600,248,5.28,21.82,30.99,43.33,70.1,,0,0,HIGH,VERY_HIGH,0,0,0,0,SLOW,BEGINNER,99.95,1,BUSINESS_HOURS,0,0,0,2,8
WH-03222,NEW_IDEA,SAAS,719661,5718,21.61,2059.43,2697.86,474.17,28.7,,0,1,HIGH,HIGH,0,0,1,0,RAPID,BEGINNER,99.95,1,BUSINESS_HOURS,1,1,1,32,64
WH-03223,LIVE_URL,MEDIA_STREAMING,17065,298,3.67,18.23,28.8,27.26,178.3,68.6,1,1,HIGH,MEDIUM,0,0,0,1,MEDIUM,INTERMEDIATE,99.9,0,EVENING,0,0,1,2,8
WH-03224,NEW_IDEA,CORPORATE,9251,105,4.06,7.1,9.09,11.64,10.4,,0,0,LOW,LOW,0,0,0,0,RAPID,INTERMEDIATE,99.9,0,WEEKEND,0,0,0,1,4
WH-03225,LIVE_URL,SAAS,237154,100,18.0,30.0,63.0,22.22,24.1,88.5,1,0,MEDIUM,HIGH,0,0,1,0,STABLE,ADVANCED,99.9,0,WEEKEND,0,0,1,4,8
WH-03226,LIVE_URL,NEWS,1837804,1309,5.07,110.61,144.9,82.1,183.8,58.3,1,1,MEDIUM,MEDIUM,0,0,0,1,STABLE,ADVANCED,99.9,0,NORMAL,0,0,0,4,8
WH-03227,LIVE_URL,CORPORATE,8831,155,3.0,7.75,11.55,42.37,21.8,80.8,1,0,LOW,LOW,0,0,0,0,RAPID,INTERMEDIATE,99.9,0,NORMAL,0,0,1,1,4
WH-03228,LIVE_URL,EDUCATION,285801,196,6.1,19.93,29.09,22.86,36.6,74.9,1,0,MEDIUM,MEDIUM,0,0,0,0,MEDIUM,ADVANCED,99.9,0,NORMAL,0,0,0,2,8
WH-03229,PLANNED,SAAS,12170,260,19.84,85.97,121.22,40.19,51.1,,0,1,VERY_HIGH,VERY_HIGH,0,0,1,0,SLOW,BEGINNER,99.95,1,NORMAL,0,0,1,16,32
WH-03230,PLANNED,BLOG,2074,14,2.88,0.67,1.31,14.33,15.1,,0,0,LOW,MEDIUM,0,0,0,0,SLOW,BEGINNER,99.95,1,EVENING,0,0,0,2,4
WH-03231,NEW_IDEA,MARKETPLACE,617635,3354,9.18,513.16,1914.09,113.71,23.9,,0,1,HIGH,MEDIUM,0,0,1,0,RAPID,ADVANCED,99.9,0,EVENT_DRIVEN,0,1,0,32,64
WH-03232,PLANNED,NEWS,961084,65,3.87,4.19,5.16,44.03,24.9,,0,0,HIGH,MEDIUM,0,0,0,0,MEDIUM,BEGINNER,99.5,0,NORMAL,0,0,0,2,8
WH-03233,PLANNED,BLOG,21389,9,2.47,0.37,0.47,36.77,36.8,,0,0,LOW,LOW,0,0,1,0,STABLE,BEGINNER,BASIC,0,NORMAL,0,0,0,2,4
WH-03234,PLANNED,CORPORATE,8479,164,4.22,11.53,25.03,20.9,22.8,,0,0,LOW,LOW,0,0,0,0,SLOW,BEGINNER,BASIC,0,EVENT_DRIVEN,0,0,0,2,4
WH-03235,LIVE_URL,ECOMMERCE,447397,332,16.1,89.09,128.28,68.76,134.2,43.8,1,0,HIGH,HIGH,0,0,1,0,RAPID,BEGINNER,99.95,1,NORMAL,0,0,0,8,16
WH-03236,PLANNED,API_SERVICE,343953,4165,32.67,2267.84,3946.05,416.46,26.7,,0,1,MEDIUM,VERY_HIGH,0,0,0,0,MEDIUM,ADVANCED,99.9,0,SEASONAL,0,0,1,32,64
WH-03237,PLANNED,ECOMMERCE,294418,163,10.71,29.1,51.5,25.56,58.8,,0,0,HIGH,HIGH,0,0,1,0,SLOW,INTERMEDIATE,99.95,1,BUSINESS_HOURS,0,1,1,4,16
WH-03238,LIVE_URL,API_SERVICE,8931,95,12.46,19.73,23.08,54.42,318.2,50.3,1,1,MEDIUM,VERY_HIGH,0,0,1,1,STABLE,BEGINNER,99.9,0,NORMAL,0,0,0,2,8
WH-03239,PLANNED,PORTFOLIO,1176,4,2.21,0.15,0.31,22.77,65.4,,0,0,LOW,LOW,0,0,0,0,RAPID,INTERMEDIATE,BASIC,0,EVENING,0,0,0,2,4
WH-03240,PLANNED,SAAS,66926,104,6.5,11.27,21.29,30.21,38.8,,0,0,HIGH,HIGH,0,0,0,0,MEDIUM,INTERMEDIATE,99.5,0,EVENING,0,0,1,1,8
WH-03241,NEW_IDEA,SAAS,1443077,4986,11.54,958.97,3308.46,797.45,72.2,,0,0,HIGH,VERY_HIGH,0,0,1,0,SLOW,BEGINNER,99.5,0,SEASONAL,0,0,0,32,64
WH-03242,NEW_IDEA,SAAS,7835,37,16.9,10.42,13.65,32.78,74.6,,0,1,HIGH,HIGH,0,0,1,0,MEDIUM,INTERMEDIATE,99.9,0,NORMAL,0,0,0,1,8
WH-03243,LIVE_URL,CORPORATE,32165,12,5.26,1.05,3.0,51.98,61.8,98.9,1,0,LOW,LOW,0,0,0,0,RAPID,BEGINNER,99.9,0,SEASONAL,0,1,0,2,4
WH-03244,PLANNED,API_SERVICE,1490712,3922,32.78,2142.72,3214.08,387.33,52.3,,0,0,MEDIUM,VERY_HIGH,0,0,1,0,MEDIUM,INTERMEDIATE,99.95,1,NORMAL,0,0,0,32,64
WH-03245,LIVE_URL,MARKETPLACE,25299,120,15.6,31.2,61.46,18.33,16.5,64.0,1,0,MEDIUM,HIGH,0,0,0,0,SLOW,BEGINNER,99.9,0,BUSINESS_HOURS,0,0,0,2,8
WH-03246,LIVE_URL,CORPORATE,14847,17,5.84,1.65,3.18,34.81,28.6,84.1,1,1,LOW,LOW,0,0,1,0,SLOW,INTERMEDIATE,99.5,0,EVENING,0,0,0,2,4
WH-03247,LIVE_URL,EDUCATION,62674,57,4.04,3.84,8.29,22.34,33.7,61.6,1,1,LOW,MEDIUM,0,0,0,0,STABLE,INTERMEDIATE,99.95,1,EVENT_DRIVEN,0,0,0,2,4
WH-03248,LIVE_URL,MARKETPLACE,292213,4505,19.23,1443.85,2714.44,537.26,52.6,53.3,1,0,HIGH,VERY_HIGH,0,0,1,0,MEDIUM,BEGINNER,99.99,1,EVENING,0,1,0,32,64
WH-03249,PLANNED,EDUCATION,70600,37,7.03,4.34,7.02,21.27,59.5,,0,1,MEDIUM,MEDIUM,0,0,1,0,SLOW,BEGINNER,BASIC,0,EVENING,0,0,1,1,8
WH-03250,PLANNED,COMMUNITY,164474,32,12.56,6.7,10.18,10.8,171.5,,0,0,MEDIUM,MEDIUM,0,0,0,1,RAPID,INTERMEDIATE,99.9,0,BUSINESS_HOURS,0,0,0,2,4
WH-03251,NEW_IDEA,SAAS,20253,134,16.5,36.85,56.01,12.21,119.9,,0,0,HIGH,HIGH,0,0,1,0,MEDIUM,INTERMEDIATE,99.95,1,NORMAL,0,0,1,4,16
WH-03252,LIVE_URL,MEDIA_STREAMING,164116,78,7.12,9.26,13.14,14.08,153.3,67.7,1,1,MEDIUM,MEDIUM,0,0,1,1,SLOW,ADVANCED,99.95,1,BUSINESS_HOURS,0,0,0,2,8
WH-03253,LIVE_URL,ECOMMERCE,49940,713,5.98,71.06,176.23,52.08,515.8,51.8,1,1,HIGH,HIGH,0,0,1,1,SLOW,ADVANCED,99.99,1,EVENT_DRIVEN,0,0,0,8,16
WH-03254,PLANNED,CORPORATE,3018,22,3.89,1.43,2.48,8.0,34.7,,0,1,LOW,MEDIUM,0,0,0,0,RAPID,ADVANCED,99.9,0,EVENING,0,0,0,2,4
WH-03255,LIVE_URL,PORTFOLIO,2350,22,1.74,0.64,0.93,21.29,28.1,76.6,1,1,LOW,LOW,0,0,0,0,MEDIUM,INTERMEDIATE,99.5,0,EVENING,0,0,0,2,4
WH-03256,NEW_IDEA,SAAS,345473,28,11.21,5.23,6.43,39.8,349.5,,0,0,VERY_HIGH,MEDIUM,0,0,1,0,RAPID,INTERMEDIATE,99.9,0,NORMAL,0,1,0,2,16
WH-03257,PLANNED,PORTFOLIO,757,9,1.57,0.24,0.3,17.87,30.3,,0,0,LOW,LOW,0,0,0,0,RAPID,INTERMEDIATE,99.9,0,NORMAL,0,0,1,1,4
WH-03258,PLANNED,PORTFOLIO,7374,5,3.42,0.29,0.56,65.92,56.7,,0,0,LOW,MEDIUM,0,0,0,0,STABLE,INTERMEDIATE,99.95,1,SEASONAL,0,0,1,2,4
WH-03259,LIVE_URL,BLOG,17480,15,3.69,0.92,1.26,42.33,10.1,76.0,1,0,LOW,LOW,0,0,0,0,RAPID,INTERMEDIATE,99.95,1,BUSINESS_HOURS,0,0,1,2,4
WH-03260,LIVE_URL,CORPORATE,54643,68,1.6,1.81,6.4,12.23,40.3,99.0,1,1,LOW,LOW,0,0,0,0,STABLE,INTERMEDIATE,99.9,0,EVENT_DRIVEN,0,0,0,2,4
WH-03261,NEW_IDEA,ECOMMERCE,473731,583,17.31,168.2,312.84,34.14,54.5,,0,1,HIGH,VERY_HIGH,0,0,0,0,MEDIUM,INTERMEDIATE,99.9,0,WEEKEND,0,0,1,16,32
WH-03262,PLANNED,MARKETPLACE,348698,3104,18.23,943.1,3008.48,475.81,135.2,,0,1,VERY_HIGH,HIGH,0,0,0,0,SLOW,BEGINNER,99.9,0,SEASONAL,0,0,0,32,64
WH-03263,NEW_IDEA,EDUCATION,50397,1103,8.19,150.56,280.04,85.99,15.9,,0,0,MEDIUM,MEDIUM,0,0,0,0,SLOW,BEGINNER,99.95,1,EVENING,0,0,0,16,32
WH-03264,NEW_IDEA,EDUCATION,7633,44,7.7,5.65,7.23,30.63,249.4,,0,0,MEDIUM,MEDIUM,0,0,1,1,MEDIUM,BEGINNER,99.95,1,NORMAL,0,0,0,2,8
WH-03265,PLANNED,INTERNAL_BUSINESS,7605,36,8.6,5.16,6.81,49.38,14.3,,0,0,MEDIUM,MEDIUM,0,0,0,0,SLOW,BEGINNER,99.95,1,WEEKEND,0,0,0,2,8
WH-03266,NEW_IDEA,SAAS,17972,63,13.93,14.63,26.91,54.85,74.8,,0,0,MEDIUM,HIGH,1,38,0,0,STABLE,INTERMEDIATE,99.95,1,BUSINESS_HOURS,0,0,1,2,8
WH-03267,LIVE_URL,SAAS,28549,164,20.07,54.86,84.48,30.21,181.0,48.1,1,1,MEDIUM,HIGH,0,0,1,1,SLOW,ADVANCED,99.5,0,NORMAL,0,0,1,8,16
WH-03268,LIVE_URL,PORTFOLIO,8334,3,1.02,0.05,0.08,9.5,10.0,75.3,1,1,LOW,LOW,0,0,0,0,MEDIUM,BEGINNER,99.95,1,BUSINESS_HOURS,0,0,1,2,4
WH-03269,LIVE_URL,PORTFOLIO,1293,5,2.26,0.19,0.27,37.5,47.1,81.1,1,1,LOW,LOW,0,0,0,0,MEDIUM,INTERMEDIATE,99.5,0,NORMAL,0,0,1,2,4
WH-03270,LIVE_URL,MARKETPLACE,538344,4711,18.74,1471.4,2619.1,508.14,104.1,82.1,1,1,VERY_HIGH,VERY_HIGH,0,0,0,1,SLOW,BEGINNER,99.95,1,EVENING,1,1,1,32,64
WH-03271,NEW_IDEA,COMMUNITY,157009,252,4.74,19.91,40.61,32.78,29.6,,0,0,MEDIUM,MEDIUM,0,0,0,0,SLOW,BEGINNER,99.95,1,EVENING,0,0,0,2,8
WH-03272,PLANNED,MARKETPLACE,23532,51,14.33,12.18,16.57,17.27,154.4,,0,0,HIGH,HIGH,1,36,1,1,MEDIUM,INTERMEDIATE,99.9,0,BUSINESS_HOURS,0,0,0,2,8
WH-03273,PLANNED,ECOMMERCE,391671,60,16.89,16.89,24.15,47.59,441.7,,0,1,MEDIUM,HIGH,0,0,1,1,RAPID,INTERMEDIATE,99.95,1,BUSINESS_HOURS,0,0,1,2,8
WH-03274,PLANNED,ECOMMERCE,15640,230,9.34,35.8,148.23,60.01,134.0,,0,1,HIGH,HIGH,0,0,0,0,MEDIUM,INTERMEDIATE,99.9,0,EVENT_DRIVEN,0,0,1,8,16
WH-03275,NEW_IDEA,ECOMMERCE,136595,922,12.68,194.85,235.77,56.15,53.5,,0,0,VERY_HIGH,MEDIUM,0,0,1,0,STABLE,ADVANCED,99.95,1,NORMAL,0,0,1,16,32
WH-03276,LIVE_URL,API_SERVICE,553700,31,8.59,4.44,8.43,8.0,29.7,99.0,1,0,HIGH,VERY_HIGH,0,0,1,0,MEDIUM,BEGINNER,99.9,0,WEEKEND,0,0,1,2,8
WH-03277,LIVE_URL,API_SERVICE,38906,903,34.89,525.09,2047.87,172.83,78.1,65.5,1,0,MEDIUM,VERY_HIGH,0,0,1,0,MEDIUM,INTERMEDIATE,99.9,0,EVENT_DRIVEN,0,0,0,32,64
WH-03278,PLANNED,NEWS,223276,64,6.29,6.71,10.13,107.34,257.0,,0,1,MEDIUM,MEDIUM,0,0,1,1,MEDIUM,BEGINNER,99.95,1,NORMAL,0,0,0,2,8
WH-03279,PLANNED,BLOG,11381,79,2.5,3.29,4.48,24.09,23.2,,0,1,LOW,LOW,0,0,0,0,MEDIUM,BEGINNER,99.9,0,WEEKEND,0,0,0,2,4
WH-03280,LIVE_URL,PORTFOLIO,1170,5,2.75,0.23,0.33,36.85,79.0,49.4,1,0,LOW,LOW,0,0,0,1,STABLE,BEGINNER,99.95,1,BUSINESS_HOURS,0,0,1,2,4
WH-03281,PLANNED,SAAS,788466,1343,17.36,388.57,1554.3,138.67,165.6,,0,1,VERY_HIGH,HIGH,1,270,0,0,MEDIUM,INTERMEDIATE,99.9,0,EVENT_DRIVEN,1,0,0,32,64
WH-03282,PLANNED,MARKETPLACE,655848,2269,13.06,493.89,651.93,126.2,37.5,,0,1,HIGH,MEDIUM,0,0,1,0,STABLE,BEGINNER,99.95,1,NORMAL,0,0,1,32,64
WH-03283,NEW_IDEA,ECOMMERCE,326520,197,16.34,53.65,69.21,23.44,58.9,,0,0,HIGH,MEDIUM,0,0,1,0,STABLE,INTERMEDIATE,99.95,1,NORMAL,0,0,1,4,16
WH-03284,PLANNED,SAAS,390629,4241,20.1,1420.74,2088.48,328.24,76.9,,0,1,VERY_HIGH,HIGH,0,0,1,0,RAPID,INTERMEDIATE,99.9,0,BUSINESS_HOURS,0,0,0,32,64
WH-03285,PLANNED,BLOG,51247,7,2.3,0.27,0.5,13.18,29.9,,0,1,LOW,LOW,0,0,0,0,MEDIUM,INTERMEDIATE,99.95,1,EVENING,0,0,0,2,4
WH-03286,LIVE_URL,SAAS,617580,2519,23.87,1002.14,1553.32,225.01,189.3,53.2,1,0,HIGH,HIGH,0,0,0,0,RAPID,ADVANCED,99.95,1,NORMAL,0,0,0,32,64
WH-03287,NEW_IDEA,SAAS,1249648,5932,18.16,1795.42,2818.81,923.59,38.3,,0,1,MEDIUM,MEDIUM,0,0,1,0,SLOW,BEGINNER,99.9,0,BUSINESS_HOURS,0,0,1,32,64
WH-03288,NEW_IDEA,ECOMMERCE,619228,40,8.18,5.45,17.51,12.71,87.7,,0,1,MEDIUM,HIGH,0,0,0,0,RAPID,BEGINNER,99.9,0,EVENT_DRIVEN,0,0,0,2,8
WH-03289,PLANNED,CORPORATE,7591,143,5.29,12.61,16.39,8.0,22.4,,0,0,LOW,LOW,0,0,0,0,RAPID,ADVANCED,99.9,0,NORMAL,0,0,0,2,4
WH-03290,PLANNED,API_SERVICE,33582,984,21.07,345.55,1392.56,177.77,22.9,,0,0,LOW,VERY_HIGH,0,0,1,0,MEDIUM,BEGINNER,99.9,0,EVENT_DRIVEN,0,0,1,32,32
WH-03291,LIVE_URL,NEWS,1541106,7701,4.32,554.47,1047.95,176.59,36.5,88.4,1,0,LOW,MEDIUM,0,0,0,0,MEDIUM,INTERMEDIATE,99.9,0,EVENING,0,1,1,32,32
WH-03292,LIVE_URL,ECOMMERCE,106442,823,11.02,151.16,179.88,127.17,55.7,80.7,1,0,HIGH,HIGH,0,0,1,0,RAPID,INTERMEDIATE,BASIC,0,NORMAL,0,0,0,8,16
WH-03293,LIVE_URL,ECOMMERCE,493581,194,12.82,41.45,58.86,54.67,127.7,48.2,1,1,HIGH,HIGH,0,0,1,1,STABLE,ADVANCED,99.95,1,EVENING,0,0,1,4,16
WH-03294,LIVE_URL,SAAS,1525940,332,17.22,95.28,167.7,119.34,202.8,89.5,1,1,HIGH,HIGH,1,210,1,0,MEDIUM,BEGINNER,99.95,1,EVENING,0,0,1,16,32
WH-03295,NEW_IDEA,CORPORATE,14055,5,5.1,0.42,0.59,21.15,18.2,,0,0,LOW,LOW,0,0,0,0,SLOW,INTERMEDIATE,99.9,0,NORMAL,0,0,0,1,4
WH-03296,NEW_IDEA,CORPORATE,31257,145,4.01,9.69,14.63,37.55,32.1,,0,1,LOW,LOW,0,0,0,0,STABLE,ADVANCED,99.95,1,NORMAL,0,0,0,2,4
WH-03297,PLANNED,PORTFOLIO,3322,3,2.69,0.13,0.24,22.09,41.8,,0,1,LOW,LOW,0,0,0,0,MEDIUM,INTERMEDIATE,99.95,1,BUSINESS_HOURS,0,1,0,2,4
WH-03298,LIVE_URL,API_SERVICE,19124,343,30.04,171.73,255.88,49.69,127.8,90.6,1,0,MEDIUM,VERY_HIGH,0,0,1,0,RAPID,INTERMEDIATE,99.5,0,NORMAL,0,0,0,16,32
WH-03299,PLANNED,CORPORATE,21635,8,4.68,0.62,1.1,17.42,18.6,,0,0,LOW,LOW,0,0,0,0,RAPID,INTERMEDIATE,99.9,0,BUSINESS_HOURS,0,0,1,2,4
WH-03300,PLANNED,ECOMMERCE,487697,979,6.71,109.48,190.5,28.35,16.2,,0,1,MEDIUM,VERY_HIGH,0,0,0,0,MEDIUM,BEGINNER,99.9,0,BUSINESS_HOURS,0,1,0,16,32
WH-03301,PLANNED,BLOG,55339,108,3.1,5.58,12.5,17.06,29.5,,0,1,LOW,LOW,0,0,0,0,STABLE,INTERMEDIATE,99.9,0,EVENT_DRIVEN,0,0,1,1,4
WH-03302,PLANNED,MARKETPLACE,229527,92,19.56,29.99,39.89,127.12,68.2,,0,0,HIGH,HIGH,0,0,1,0,SLOW,INTERMEDIATE,99.99,1,NORMAL,0,0,1,4,8
WH-03303,LIVE_URL,BLOG,48078,13,4.72,1.02,1.39,17.49,28.6,67.7,1,0,LOW,LOW,0,0,0,0,MEDIUM,INTERMEDIATE,99.9,0,NORMAL,0,0,0,2,4
WH-03304,LIVE_URL,API_SERVICE,7905,55,9.78,8.96,12.91,30.87,29.1,87.6,1,0,MEDIUM,VERY_HIGH,0,0,1,0,STABLE,INTERMEDIATE,99.9,0,NORMAL,0,0,0,1,4
WH-03305,NEW_IDEA,SAAS,659585,5537,7.55,696.74,1727.91,388.87,70.9,,0,0,HIGH,HIGH,1,2694,0,0,RAPID,ADVANCED,99.9,0,EVENT_DRIVEN,0,1,1,32,64
WH-03306,NEW_IDEA,SAAS,1271994,1078,13.61,244.53,337.45,173.03,298.2,,0,1,VERY_HIGH,HIGH,1,502,0,0,MEDIUM,BEGINNER,99.95,1,WEEKEND,0,0,1,32,64
WH-03307,PLANNED,NEWS,68774,58,3.44,3.33,5.25,16.66,16.4,,0,0,MEDIUM,MEDIUM,0,0,0,0,RAPID,INTERMEDIATE,99.9,0,WEEKEND,0,0,0,2,8
WH-03308,LIVE_URL,API_SERVICE,338704,2068,30.31,1044.68,2172.94,290.91,10.0,75.1,1,1,LOW,VERY_HIGH,0,0,1,0,RAPID,INTERMEDIATE,99.9,0,WEEKEND,0,1,0,32,32
WH-03309,NEW_IDEA,API_SERVICE,458825,67,18.28,20.41,28.78,26.8,134.5,,0,0,HIGH,VERY_HIGH,0,0,0,0,RAPID,BEGINNER,99.9,0,NORMAL,0,0,1,2,8
WH-03310,LIVE_URL,API_SERVICE,100231,1521,33.46,848.21,2366.51,188.26,17.2,87.6,1,0,MEDIUM,VERY_HIGH,0,0,1,0,STABLE,ADVANCED,BASIC,0,EVENT_DRIVEN,0,0,0,32,64
WH-03311,LIVE_URL,ECOMMERCE,10199,279,6.37,29.62,45.91,23.42,19.7,70.9,1,0,HIGH,HIGH,0,0,1,0,SLOW,INTERMEDIATE,99.95,1,NORMAL,0,0,1,4,8
WH-03312,LIVE_URL,API_SERVICE,20605,116,16.71,32.31,107.26,11.9,20.7,,0,0,MEDIUM,VERY_HIGH,0,0,1,0,STABLE,ADVANCED,BASIC,0,EVENT_DRIVEN,0,0,1,8,16
WH-03313,PLANNED,EDUCATION,8350,45,6.57,4.93,6.06,73.3,119.1,,0,1,MEDIUM,MEDIUM,0,0,0,0,MEDIUM,BEGINNER,99.99,1,NORMAL,0,0,1,2,8
WH-03314,LIVE_URL,SAAS,404666,320,16.92,90.24,356.45,136.49,40.6,62.8,1,1,HIGH,HIGH,1,244,1,0,STABLE,BEGINNER,99.95,1,EVENT_DRIVEN,0,0,0,32,64
WH-03315,NEW_IDEA,CORPORATE,4552,20,3.84,1.28,4.88,18.87,14.0,,0,0,LOW,LOW,0,0,1,0,STABLE,BEGINNER,99.9,0,EVENT_DRIVEN,0,0,1,2,4
WH-03316,PLANNED,SAAS,514977,3166,15.52,818.94,1162.89,140.23,25.6,,0,0,MEDIUM,HIGH,1,765,1,0,MEDIUM,BEGINNER,99.5,0,NORMAL,0,0,0,32,64
WH-03317,NEW_IDEA,BLOG,9564,23,3.9,1.5,2.06,29.37,16.8,,0,0,LOW,LOW,0,0,0,0,MEDIUM,BEGINNER,BASIC,0,WEEKEND,0,0,0,1,4
WH-03318,LIVE_URL,ECOMMERCE,10141,72,17.92,21.5,31.18,8.0,29.7,54.2,1,0,MEDIUM,HIGH,0,0,1,0,STABLE,ADVANCED,99.95,1,NORMAL,0,1,1,4,8
WH-03319,NEW_IDEA,API_SERVICE,137071,3686,21.66,1330.65,2914.11,533.62,103.8,,0,0,MEDIUM,VERY_HIGH,0,0,0,0,RAPID,BEGINNER,99.9,0,WEEKEND,1,1,0,32,64
WH-03320,LIVE_URL,CORPORATE,20727,22,5.38,1.97,4.24,30.92,18.1,,0,0,LOW,LOW,0,0,1,0,RAPID,BEGINNER,99.9,0,SEASONAL,0,0,1,1,4
WH-03321,LIVE_URL,COMMUNITY,4238,20,10.78,3.59,10.82,38.41,271.8,80.7,1,0,HIGH,HIGH,1,15,1,1,SLOW,INTERMEDIATE,99.99,1,SEASONAL,0,0,0,2,8
WH-03322,PLANNED,SAAS,1747927,6755,14.51,1633.58,2238.01,432.64,22.0,,0,1,HIGH,VERY_HIGH,0,0,1,0,MEDIUM,INTERMEDIATE,99.9,0,NORMAL,0,0,1,32,64
WH-03323,NEW_IDEA,API_SERVICE,1274804,4524,17.56,1324.02,2528.89,439.72,105.3,,0,0,MEDIUM,VERY_HIGH,0,0,1,0,SLOW,BEGINNER,99.95,1,EVENING,0,0,0,32,64
WH-03324,LIVE_URL,SAAS,732189,1490,23.49,583.33,1143.34,360.5,205.9,69.9,1,1,VERY_HIGH,HIGH,0,0,1,0,RAPID,INTERMEDIATE,99.9,0,BUSINESS_HOURS,1,0,0,32,64
WH-03325,PLANNED,NEWS,851640,4234,8.64,609.7,1060.87,646.91,266.1,,0,0,MEDIUM,MEDIUM,0,0,0,1,MEDIUM,BEGINNER,99.99,1,SEASONAL,0,0,0,32,64
WH-03326,NEW_IDEA,API_SERVICE,76244,822,27.75,380.18,517.04,70.32,62.6,,0,0,MEDIUM,VERY_HIGH,0,0,0,0,STABLE,INTERMEDIATE,99.9,0,BUSINESS_HOURS,0,0,1,32,64
WH-03327,LIVE_URL,API_SERVICE,697244,1896,21.6,682.56,1208.13,94.22,16.5,54.3,1,1,MEDIUM,VERY_HIGH,1,584,1,0,SLOW,INTERMEDIATE,99.95,1,SEASONAL,0,0,1,32,64
WH-03328,PLANNED,ECOMMERCE,17609,43,13.77,9.87,11.74,33.58,458.5,,0,0,VERY_HIGH,MEDIUM,0,0,0,1,SLOW,INTERMEDIATE,99.9,0,NORMAL,0,0,1,1,16
WH-03329,NEW_IDEA,CORPORATE,42897,16,3.53,0.94,1.43,27.3,35.6,,0,0,LOW,LOW,0,0,0,0,MEDIUM,INTERMEDIATE,99.5,0,NORMAL,0,0,0,1,4
WH-03330,LIVE_URL,CORPORATE,13956,173,5.03,14.5,33.5,9.79,10.0,,0,0,LOW,LOW,0,0,0,0,RAPID,BEGINNER,99.9,0,EVENT_DRIVEN,0,1,0,2,4
WH-03331,LIVE_URL,CORPORATE,4957,116,4.05,7.83,14.8,21.49,68.5,75.3,1,0,LOW,MEDIUM,0,0,0,0,STABLE,BEGINNER,99.9,0,WEEKEND,0,0,1,2,4
WH-03332,PLANNED,SAAS,290049,1468,20.9,511.35,1667.01,161.45,11.2,,0,1,MEDIUM,MEDIUM,1,429,1,0,SLOW,INTERMEDIATE,BASIC,0,SEASONAL,1,1,1,32,64
WH-03333,LIVE_URL,API_SERVICE,980786,2984,20.49,1019.04,3821.38,498.52,42.3,73.1,1,1,LOW,HIGH,0,0,0,1,MEDIUM,BEGINNER,99.9,0,EVENT_DRIVEN,0,1,1,32,32
WH-03334,LIVE_URL,NEWS,1745430,471,7.96,62.49,113.1,35.61,144.4,79.7,1,1,HIGH,LOW,0,0,0,0,STABLE,BEGINNER,99.95,1,EVENING,0,1,0,4,8
WH-03335,PLANNED,SAAS,137996,3005,14.41,721.7,2410.48,369.63,45.8,,0,0,HIGH,HIGH,0,0,0,0,SLOW,INTERMEDIATE,99.95,1,EVENT_DRIVEN,0,0,1,32,64
WH-03336,LIVE_URL,NEWS,56244,1142,4.52,86.03,168.62,24.77,83.7,90.4,1,1,MEDIUM,MEDIUM,0,0,0,0,SLOW,BEGINNER,99.95,1,EVENING,0,0,1,4,8
WH-03337,LIVE_URL,SAAS,387869,4608,13.17,1011.46,1365.47,207.59,105.7,44.2,1,0,MEDIUM,HIGH,1,1072,1,1,RAPID,ADVANCED,99.9,0,NORMAL,0,0,0,32,64
WH-03338,NEW_IDEA,PORTFOLIO,21978,29,3.63,1.75,3.86,8.67,49.6,,0,0,LOW,LOW,0,0,0,0,MEDIUM,BEGINNER,99.9,0,EVENT_DRIVEN,0,0,0,1,4
WH-03339,LIVE_URL,ECOMMERCE,99557,352,5.22,30.62,41.95,21.89,46.6,71.8,1,0,HIGH,HIGH,0,0,1,0,RAPID,ADVANCED,99.99,1,EVENING,0,0,1,4,8
WH-03340,PLANNED,API_SERVICE,715684,5929,32.86,3247.12,10715.48,2162.65,77.5,,0,1,MEDIUM,HIGH,0,0,0,0,STABLE,ADVANCED,99.99,1,EVENT_DRIVEN,0,0,1,32,64
WH-03341,LIVE_URL,CORPORATE,6485,121,4.11,8.29,11.36,31.07,10.0,86.8,1,1,LOW,LOW,0,0,0,0,RAPID,ADVANCED,99.95,1,WEEKEND,0,0,0,2,4
WH-03342,LIVE_URL,INTERNAL_BUSINESS,3444,29,9.48,4.58,7.65,16.85,43.5,99.0,1,0,MEDIUM,MEDIUM,0,0,1,0,MEDIUM,ADVANCED,99.9,0,BUSINESS_HOURS,0,0,0,1,8
WH-03343,PLANNED,SAAS,86413,167,23.54,65.52,81.24,77.48,91.6,,0,0,HIGH,HIGH,0,0,1,0,MEDIUM,INTERMEDIATE,99.9,0,NORMAL,0,0,1,4,8
WH-03344,PLANNED,SAAS,295468,6372,6.76,717.91,2634.74,1283.95,142.9,,0,1,MEDIUM,HIGH,1,2338,0,0,RAPID,ADVANCED,99.9,0,EVENT_DRIVEN,0,1,1,32,64
WH-03345,LIVE_URL,API_SERVICE,192701,2503,30.63,1277.78,4127.23,290.6,159.8,83.2,1,0,HIGH,VERY_HIGH,0,0,0,0,MEDIUM,ADVANCED,99.99,1,EVENT_DRIVEN,0,0,1,32,64
WH-03346,LIVE_URL,CORPORATE,4742,9,5.53,0.83,1.34,25.4,13.6,,0,0,LOW,MEDIUM,0,0,0,0,STABLE,BEGINNER,99.99,1,WEEKEND,0,0,1,2,4
WH-03347,LIVE_URL,COMMUNITY,30614,219,14.82,54.09,186.08,33.68,93.4,70.0,1,0,MEDIUM,MEDIUM,0,0,0,0,SLOW,INTERMEDIATE,99.95,1,EVENT_DRIVEN,0,0,1,8,16
WH-03348,PLANNED,INTERNAL_BUSINESS,20554,4,6.18,0.41,0.53,9.23,54.9,,0,0,MEDIUM,MEDIUM,0,0,1,0,MEDIUM,BEGINNER,BASIC,0,NORMAL,0,0,0,2,8
WH-03349,PLANNED,CORPORATE,9459,78,2.67,3.47,7.57,15.67,69.0,,0,0,LOW,LOW,0,0,0,0,RAPID,BEGINNER,99.5,0,WEEKEND,0,0,0,2,4
WH-03350,PLANNED,PORTFOLIO,1673,5,2.14,0.18,0.27,13.59,52.7,,0,0,LOW,LOW,0,0,0,0,RAPID,BEGINNER,99.95,1,NORMAL,0,1,0,2,4
WH-03351,NEW_IDEA,ECOMMERCE,277667,39,10.69,6.95,14.87,17.86,166.6,,0,0,HIGH,HIGH,0,0,1,1,MEDIUM,BEGINNER,99.95,1,SEASONAL,0,0,1,2,8
WH-03352,PLANNED,SAAS,460709,1594,16.34,434.1,581.69,261.61,51.1,,0,1,VERY_HIGH,HIGH,0,0,0,0,RAPID,INTERMEDIATE,99.95,1,WEEKEND,0,0,1,32,64
WH-03353,PLANNED,ECOMMERCE,81538,2027,15.17,512.49,1926.97,737.79,101.7,,0,1,HIGH,HIGH,0,0,0,1,MEDIUM,ADVANCED,99.95,1,EVENT_DRIVEN,1,1,0,32,64
WH-03354,LIVE_URL,BLOG,30447,23,1.99,0.76,1.14,27.82,29.7,99.0,1,0,LOW,MEDIUM,0,0,0,0,STABLE,INTERMEDIATE,99.95,1,EVENING,0,0,1,2,4
WH-03355,NEW_IDEA,SAAS,671521,71,14.25,16.86,49.58,55.39,60.1,,0,0,HIGH,MEDIUM,1,29,1,0,RAPID,BEGINNER,99.99,1,EVENT_DRIVEN,0,0,1,4,8
WH-03356,LIVE_URL,SAAS,375225,1868,22.43,698.32,2074.01,320.46,24.7,81.2,1,0,HIGH,HIGH,1,1327,1,0,RAPID,INTERMEDIATE,99.9,0,SEASONAL,0,1,0,32,64
WH-03357,NEW_IDEA,SAAS,5314,42,12.66,8.86,37.13,12.74,108.5,,0,1,MEDIUM,HIGH,1,25,0,0,MEDIUM,ADVANCED,99.9,0,EVENT_DRIVEN,0,0,0,2,4
WH-03358,LIVE_URL,INTERNAL_BUSINESS,11038,45,8.95,6.71,11.28,36.35,46.0,74.2,1,1,MEDIUM,HIGH,0,0,0,0,RAPID,INTERMEDIATE,99.99,1,BUSINESS_HOURS,0,0,1,2,8
WH-03359,LIVE_URL,COMMUNITY,37451,504,5.35,44.94,53.48,64.3,233.4,,0,1,MEDIUM,MEDIUM,1,329,0,1,MEDIUM,BEGINNER,99.5,0,NORMAL,0,0,0,2,8
WH-03360,NEW_IDEA,API_SERVICE,988779,3953,33.13,2182.71,3841.58,1312.87,76.2,,0,1,MEDIUM,VERY_HIGH,1,1739,1,0,MEDIUM,ADVANCED,99.9,0,WEEKEND,1,0,0,32,64
WH-03361,LIVE_URL,BLOG,8354,9,3.27,0.49,1.97,11.68,25.2,54.7,1,0,LOW,LOW,0,0,0,0,STABLE,ADVANCED,BASIC,0,EVENT_DRIVEN,0,0,0,1,4
WH-03362,NEW_IDEA,ECOMMERCE,33878,182,16.87,51.17,74.71,70.81,254.3,,0,1,HIGH,HIGH,0,0,0,0,MEDIUM,INTERMEDIATE,99.9,0,NORMAL,0,0,1,4,8
WH-03363,NEW_IDEA,SAAS,70365,574,12.7,121.5,464.12,137.25,27.4,,0,1,VERY_HIGH,HIGH,0,0,1,0,RAPID,ADVANCED,99.9,0,EVENT_DRIVEN,0,1,1,32,64
WH-03364,LIVE_URL,SAAS,357329,6193,7.27,750.39,2956.52,411.08,33.3,74.4,1,1,HIGH,HIGH,0,0,1,0,RAPID,ADVANCED,99.95,1,EVENT_DRIVEN,0,0,1,32,64
WH-03365,PLANNED,SAAS,185806,242,22.23,89.66,128.22,25.29,29.4,,0,0,HIGH,MEDIUM,1,88,1,0,SLOW,INTERMEDIATE,99.95,1,EVENING,0,0,1,8,16
WH-03366,LIVE_URL,CORPORATE,18250,55,2.78,2.55,8.05,14.61,11.0,90.2,1,1,LOW,LOW,0,0,0,0,STABLE,INTERMEDIATE,99.95,1,EVENT_DRIVEN,0,0,0,2,4
WH-03367,PLANNED,ECOMMERCE,80550,1924,16.81,539.04,770.83,169.01,41.1,,0,1,HIGH,HIGH,0,0,0,0,MEDIUM,BEGINNER,99.95,1,WEEKEND,0,0,1,32,64
WH-03368,LIVE_URL,SAAS,430527,52,18.22,15.79,18.79,9.44,188.3,45.5,1,0,HIGH,HIGH,1,15,1,0,RAPID,INTERMEDIATE,99.95,1,NORMAL,0,0,1,2,8
WH-03369,NEW_IDEA,SAAS,32369,200,23.72,79.07,230.08,35.63,73.2,,0,1,HIGH,HIGH,1,102,1,0,MEDIUM,INTERMEDIATE,99.5,0,SEASONAL,0,1,1,16,32
WH-03370,PLANNED,PORTFOLIO,20128,9,3.16,0.47,0.87,23.94,10.0,,0,0,LOW,LOW,0,0,0,0,MEDIUM,INTERMEDIATE,99.9,0,EVENING,0,0,0,1,4
WH-03371,PLANNED,CORPORATE,4031,70,4.98,5.81,11.5,24.47,28.1,,0,0,LOW,LOW,0,0,0,0,STABLE,INTERMEDIATE,99.5,0,SEASONAL,0,0,0,1,4
WH-03372,NEW_IDEA,SAAS,1451357,3038,20.06,1015.7,1686.07,541.56,335.2,,0,0,VERY_HIGH,MEDIUM,0,0,0,0,SLOW,ADVANCED,99.9,0,WEEKEND,0,0,0,32,64
WH-03373,NEW_IDEA,CORPORATE,8348,14,1.54,0.36,0.63,37.94,228.6,,0,0,LOW,LOW,0,0,1,1,STABLE,BEGINNER,99.5,0,EVENING,0,0,0,2,4
WH-03374,LIVE_URL,SAAS,1578023,5907,23.81,2344.09,3961.52,589.33,159.2,69.1,1,1,HIGH,HIGH,1,3812,0,0,SLOW,ADVANCED,99.9,0,BUSINESS_HOURS,0,1,0,32,64
WH-03375,PLANNED,EDUCATION,78143,892,4.82,71.66,113.22,29.39,34.7,,0,0,MEDIUM,MEDIUM,0,0,0,0,MEDIUM,BEGINNER,99.9,0,WEEKEND,0,0,0,4,8
WH-03376,PLANNED,SAAS,612555,7336,21.67,2649.52,9246.82,732.56,83.6,,0,0,HIGH,HIGH,1,3973,1,0,RAPID,INTERMEDIATE,99.95,1,EVENT_DRIVEN,0,1,0,32,64
WH-03377,PLANNED,CORPORATE,6736,20,4.65,1.55,2.65,18.53,73.1,,0,1,LOW,LOW,0,0,0,0,MEDIUM,INTERMEDIATE,99.5,0,BUSINESS_HOURS,0,0,1,2,4
WH-03378,NEW_IDEA,API_SERVICE,257406,6698,17.43,1945.77,2665.7,459.76,65.8,,0,1,MEDIUM,VERY_HIGH,0,0,0,0,RAPID,INTERMEDIATE,99.9,0,EVENING,0,0,0,32,64
WH-03379,LIVE_URL,PORTFOLIO,735,17,1.53,0.43,0.6,8.0,10.0,79.6,1,1,LOW,LOW,0,0,0,0,RAPID,BEGINNER,99.9,0,BUSINESS_HOURS,0,0,0,2,4
WH-03380,LIVE_URL,PORTFOLIO,7750,18,1.77,0.53,0.78,9.99,63.9,72.8,1,0,LOW,LOW,0,0,0,0,RAPID,INTERMEDIATE,99.99,1,EVENING,0,0,0,2,4
WH-03381,LIVE_URL,SAAS,1053828,7488,13.32,1662.34,2759.48,635.83,171.7,99.0,1,1,HIGH,HIGH,0,0,1,0,RAPID,ADVANCED,99.9,0,WEEKEND,0,0,1,32,64
WH-03382,NEW_IDEA,MARKETPLACE,135295,1202,10.12,202.74,298.02,75.66,39.2,,0,1,HIGH,MEDIUM,0,0,1,0,STABLE,INTERMEDIATE,99.9,0,BUSINESS_HOURS,0,0,0,16,32
WH-03383,NEW_IDEA,PORTFOLIO,11407,7,1.7,0.2,0.42,12.6,50.4,,0,0,LOW,LOW,0,0,0,1,MEDIUM,INTERMEDIATE,99.9,0,EVENING,0,0,1,2,4
WH-03384,LIVE_URL,ECOMMERCE,34909,186,7.7,23.87,37.48,8.0,33.8,57.1,1,0,HIGH,HIGH,0,0,1,0,RAPID,BEGINNER,99.99,1,BUSINESS_HOURS,0,0,0,2,8
WH-03385,LIVE_URL,ECOMMERCE,353030,170,11.09,31.42,46.82,19.96,91.2,60.0,1,0,HIGH,MEDIUM,0,0,0,0,MEDIUM,INTERMEDIATE,99.5,0,NORMAL,0,0,1,2,8
WH-03386,PLANNED,SAAS,1087257,6844,16.21,1849.02,2884.47,686.56,40.3,,0,0,HIGH,HIGH,0,0,0,0,STABLE,BEGINNER,99.95,1,BUSINESS_HOURS,0,0,0,32,64
WH-03387,LIVE_URL,ECOMMERCE,112371,1860,10.21,316.51,465.27,259.81,141.7,82.6,1,1,VERY_HIGH,VERY_HIGH,0,0,1,0,MEDIUM,INTERMEDIATE,99.9,0,NORMAL,0,0,0,32,64
WH-03388,PLANNED,SAAS,221264,1365,17.3,393.57,480.16,48.82,84.6,,0,0,VERY_HIGH,MEDIUM,1,753,0,0,SLOW,INTERMEDIATE,BASIC,0,NORMAL,0,0,1,32,64
WH-03389,PLANNED,NEWS,106541,204,3.85,13.09,21.99,24.15,15.4,,0,0,HIGH,HIGH,0,0,0,0,MEDIUM,INTERMEDIATE,99.9,0,WEEKEND,0,0,1,1,8
WH-03390,LIVE_URL,EDUCATION,5189,110,3.03,5.55,8.89,31.99,116.8,62.6,1,0,MEDIUM,MEDIUM,0,0,0,0,RAPID,INTERMEDIATE,99.99,1,EVENING,0,0,1,2,8
WH-03391,LIVE_URL,NEWS,43576,536,4.36,38.95,80.24,24.05,32.7,84.8,1,0,MEDIUM,MEDIUM,0,0,0,0,MEDIUM,ADVANCED,99.9,0,SEASONAL,0,0,1,2,8
WH-03392,PLANNED,SAAS,1536334,3725,10.69,663.67,1068.51,159.34,22.9,,0,0,HIGH,HIGH,0,0,0,0,MEDIUM,INTERMEDIATE,99.95,1,WEEKEND,0,0,1,32,64
WH-03393,LIVE_URL,ECOMMERCE,693870,3033,15.16,766.34,2383.31,149.36,99.4,74.2,1,0,HIGH,HIGH,0,0,0,0,RAPID,INTERMEDIATE,99.9,0,EVENT_DRIVEN,0,0,1,32,64
WH-03394,PLANNED,SAAS,673768,5707,21.34,2029.79,3105.58,318.2,260.2,,0,0,HIGH,HIGH,0,0,0,1,MEDIUM,BEGINNER,99.95,1,NORMAL,0,1,1,32,64
WH-03395,PLANNED,CORPORATE,22066,75,1.94,2.42,3.23,17.98,121.0,,0,1,LOW,MEDIUM,0,0,1,1,MEDIUM,INTERMEDIATE,99.5,0,WEEKEND,0,0,1,1,4
WH-03396,LIVE_URL,PORTFOLIO,613,6,3.71,0.37,0.86,26.82,19.3,,0,0,LOW,LOW,0,0,0,0,SLOW,BEGINNER,99.5,0,SEASONAL,0,0,0,1,4
WH-03397,LIVE_URL,CORPORATE,39398,7,4.36,0.51,0.6,10.27,48.8,71.5,1,0,LOW,LOW,0,0,0,0,MEDIUM,ADVANCED,99.9,0,NORMAL,0,0,0,1,4
WH-03398,LIVE_URL,COMMUNITY,7530,22,7.3,2.68,7.66,72.29,219.6,64.6,1,0,HIGH,MEDIUM,1,10,1,0,MEDIUM,BEGINNER,99.5,0,EVENT_DRIVEN,0,0,0,2,8
WH-03399,LIVE_URL,SAAS,18224,31,20.88,10.79,17.15,26.9,96.8,79.2,1,0,VERY_HIGH,HIGH,0,0,1,0,MEDIUM,BEGINNER,BASIC,0,WEEKEND,0,0,0,1,16
WH-03400,NEW_IDEA,SAAS,145068,208,21.55,74.71,140.45,43.81,97.3,,0,1,HIGH,HIGH,0,0,0,0,SLOW,INTERMEDIATE,99.5,0,BUSINESS_HOURS,0,0,1,8,16
WH-03401,PLANNED,MARKETPLACE,460312,3616,19.19,1156.52,3006.95,453.55,594.5,,0,1,HIGH,VERY_HIGH,1,3065,0,1,MEDIUM,INTERMEDIATE,99.95,1,SEASONAL,0,0,1,32,64
WH-03402,NEW_IDEA,SAAS,363573,4100,20.27,1385.12,2797.94,678.45,102.7,,0,0,HIGH,HIGH,0,0,1,0,RAPID,INTERMEDIATE,99.5,0,EVENING,0,1,1,32,64
WH-03403,PLANNED,API_SERVICE,199260,3289,32.02,1755.23,4686.46,1647.11,178.2,,0,0,HIGH,VERY_HIGH,0,0,1,0,RAPID,ADVANCED,99.95,1,SEASONAL,0,0,1,32,64
WH-03404,LIVE_URL,API_SERVICE,755651,2569,12.8,548.05,1348.21,234.56,69.1,88.5,1,1,MEDIUM,VERY_HIGH,0,0,1,0,MEDIUM,ADVANCED,99.9,0,EVENT_DRIVEN,0,0,1,32,64
WH-03405,PLANNED,EDUCATION,30277,87,4.98,7.22,21.01,23.52,32.0,,0,1,MEDIUM,MEDIUM,0,0,1,0,SLOW,BEGINNER,99.9,0,EVENT_DRIVEN,0,0,0,1,4
WH-03406,LIVE_URL,BLOG,3455,9,1.81,0.27,0.49,8.0,54.8,60.7,1,0,LOW,LOW,0,0,0,0,RAPID,BEGINNER,99.5,0,WEEKEND,0,0,0,2,4
WH-03407,PLANNED,ECOMMERCE,730779,2555,10.26,436.9,537.39,108.98,48.1,,0,0,HIGH,HIGH,0,0,0,0,SLOW,BEGINNER,99.9,0,NORMAL,0,0,1,32,64
WH-03408,LIVE_URL,CORPORATE,39791,132,1.6,3.52,4.4,13.09,66.9,83.7,1,0,LOW,MEDIUM,0,0,0,0,MEDIUM,INTERMEDIATE,99.9,0,NORMAL,0,0,1,2,4
WH-03409,NEW_IDEA,API_SERVICE,1448940,4901,18.62,1520.94,1794.71,689.79,17.9,,0,1,MEDIUM,VERY_HIGH,0,0,1,0,MEDIUM,ADVANCED,99.9,0,NORMAL,0,1,0,32,64
WH-03410,NEW_IDEA,INTERNAL_BUSINESS,12469,12,4.7,0.94,1.34,22.67,73.7,,0,1,MEDIUM,MEDIUM,0,0,0,0,SLOW,ADVANCED,99.95,1,EVENING,0,0,0,2,8
WH-03411,LIVE_URL,INTERNAL_BUSINESS,276,2,6.46,0.22,0.29,41.36,116.5,97.3,1,0,MEDIUM,MEDIUM,0,0,0,0,RAPID,INTERMEDIATE,99.95,1,NORMAL,0,0,0,2,8
WH-03412,NEW_IDEA,PORTFOLIO,1666,9,3.69,0.55,0.97,18.5,75.6,,0,1,LOW,LOW,0,0,1,0,SLOW,ADVANCED,99.99,1,SEASONAL,0,0,1,2,4
WH-03413,PLANNED,SAAS,10279,140,20.79,48.51,72.77,19.69,91.5,,0,1,MEDIUM,HIGH,0,0,1,1,STABLE,BEGINNER,99.9,0,BUSINESS_HOURS,0,0,0,4,8
WH-03414,PLANNED,ECOMMERCE,766244,2442,17.46,710.62,2544.03,666.93,21.6,,0,1,HIGH,MEDIUM,0,0,0,0,STABLE,INTERMEDIATE,99.95,1,EVENT_DRIVEN,1,1,1,32,64
WH-03415,LIVE_URL,ECOMMERCE,881237,168,14.65,41.02,63.17,14.11,225.8,79.0,1,0,VERY_HIGH,HIGH,0,0,0,0,SLOW,ADVANCED,99.9,0,NORMAL,0,0,1,4,16
WH-03416,PLANNED,EDUCATION,434547,30,11.29,5.64,14.62,14.4,45.5,,0,0,LOW,MEDIUM,0,0,0,0,RAPID,ADVANCED,99.95,1,SEASONAL,0,0,0,2,4
WH-03417,NEW_IDEA,SAAS,76405,1834,22.37,683.78,2735.11,226.36,359.3,,0,1,HIGH,HIGH,0,0,1,1,SLOW,ADVANCED,99.9,0,EVENT_DRIVEN,0,0,0,32,64
WH-03418,PLANNED,ECOMMERCE,564758,790,11.24,147.99,219.03,27.03,43.8,,0,0,HIGH,MEDIUM,0,0,1,0,RAPID,INTERMEDIATE,99.95,1,BUSINESS_HOURS,0,0,0,16,32
WH-03419,LIVE_URL,SAAS,14004,121,22.96,46.3,83.81,43.34,484.1,48.7,1,0,HIGH,VERY_HIGH,0,0,1,1,MEDIUM,BEGINNER,99.5,0,BUSINESS_HOURS,0,0,1,8,16
WH-03420,PLANNED,SAAS,64945,1265,14.12,297.7,416.78,126.13,87.4,,0,0,HIGH,HIGH,1,445,0,0,SLOW,BEGINNER,99.9,0,NORMAL,0,0,1,32,64
WH-03421,LIVE_URL,ECOMMERCE,24837,116,10.39,20.09,29.13,99.72,117.4,45.6,1,0,HIGH,HIGH,0,0,1,0,STABLE,BEGINNER,99.95,1,EVENING,0,0,1,2,8
WH-03422,NEW_IDEA,API_SERVICE,881059,4109,29.87,2045.6,3866.18,398.24,118.0,,0,0,MEDIUM,VERY_HIGH,0,0,1,1,STABLE,BEGINNER,99.9,0,BUSINESS_HOURS,0,1,0,32,64
WH-03423,PLANNED,SAAS,454957,4028,19.33,1297.69,3140.4,433.46,327.1,,0,0,HIGH,HIGH,0,0,0,1,MEDIUM,ADVANCED,99.9,0,EVENT_DRIVEN,0,0,1,32,64
WH-03424,LIVE_URL,NEWS,882430,1076,5.16,92.54,249.85,92.78,24.6,,0,0,MEDIUM,MEDIUM,0,0,0,0,STABLE,INTERMEDIATE,99.99,1,SEASONAL,0,0,0,8,16
WH-03425,PLANNED,MARKETPLACE,57261,697,18.98,220.48,738.62,59.85,1188.4,,0,0,HIGH,HIGH,0,0,0,1,RAPID,INTERMEDIATE,99.95,1,SEASONAL,0,0,0,32,64
WH-03426,NEW_IDEA,API_SERVICE,280315,6033,11.01,1107.06,2391.24,346.74,11.7,,0,0,MEDIUM,VERY_HIGH,0,0,1,0,RAPID,BEGINNER,99.95,1,EVENT_DRIVEN,0,0,0,32,64
WH-03427,LIVE_URL,PORTFOLIO,912,7,3.31,0.39,0.64,25.76,23.7,,0,1,LOW,LOW,0,0,0,0,STABLE,INTERMEDIATE,BASIC,0,WEEKEND,0,0,0,2,4
WH-03428,LIVE_URL,NEWS,23396,632,2.67,28.12,36.0,39.72,53.8,80.3,1,0,MEDIUM,MEDIUM,0,0,1,0,RAPID,ADVANCED,BASIC,0,NORMAL,0,0,0,1,8
WH-03429,LIVE_URL,NEWS,373399,2060,3.84,131.84,164.8,51.18,39.3,76.4,1,0,LOW,MEDIUM,0,0,1,0,MEDIUM,BEGINNER,99.5,0,NORMAL,0,0,0,4,8
WH-03430,PLANNED,BLOG,31148,110,4.91,9.0,35.92,18.58,59.0,,0,1,LOW,LOW,0,0,0,0,STABLE,INTERMEDIATE,99.9,0,EVENT_DRIVEN,0,0,0,2,4
WH-03431,NEW_IDEA,MARKETPLACE,176895,51,14.82,12.6,19.65,21.65,122.8,,0,0,HIGH,VERY_HIGH,0,0,0,1,STABLE,INTERMEDIATE,99.99,1,WEEKEND,0,0,0,2,8
WH-03432,PLANNED,ECOMMERCE,45707,67,12.17,13.59,16.31,122.17,1003.1,,0,0,HIGH,VERY_HIGH,0,0,0,1,RAPID,INTERMEDIATE,99.9,0,NORMAL,0,0,1,2,8
WH-03433,NEW_IDEA,SAAS,14065,51,23.42,19.91,24.49,22.03,75.6,,0,0,MEDIUM,HIGH,0,0,1,0,SLOW,ADVANCED,99.9,0,NORMAL,0,0,1,2,8
WH-03434,NEW_IDEA,BLOG,27555,8,1.71,0.23,0.68,22.73,10.0,,0,0,LOW,LOW,0,0,0,0,MEDIUM,INTERMEDIATE,99.9,0,SEASONAL,0,0,0,1,4
WH-03435,LIVE_URL,EDUCATION,33980,379,6.48,40.93,58.12,31.64,84.4,59.3,1,1,MEDIUM,MEDIUM,0,0,0,1,MEDIUM,INTERMEDIATE,99.5,0,WEEKEND,0,0,0,2,8
WH-03436,PLANNED,MARKETPLACE,179827,370,18.72,115.44,223.95,107.55,58.6,,0,0,HIGH,HIGH,0,0,0,0,RAPID,ADVANCED,99.99,1,BUSINESS_HOURS,0,0,0,16,32
WH-03437,PLANNED,SAAS,206227,1000,11.32,188.67,294.32,185.35,69.2,,0,1,HIGH,VERY_HIGH,0,0,0,0,SLOW,ADVANCED,99.9,0,BUSINESS_HOURS,0,0,1,16,32
WH-03438,NEW_IDEA,SAAS,633421,271,14.97,67.61,98.04,15.05,68.7,,0,0,VERY_HIGH,HIGH,1,92,0,0,MEDIUM,BEGINNER,99.9,0,WEEKEND,0,0,0,8,16
WH-03439,LIVE_URL,COMMUNITY,9956,68,12.74,14.44,16.75,19.07,15.6,91.0,1,1,LOW,MEDIUM,0,0,1,0,MEDIUM,INTERMEDIATE,BASIC,0,NORMAL,0,0,0,2,4
WH-03440,PLANNED,MARKETPLACE,240029,2252,17.19,645.2,1393.63,399.7,1774.2,,0,0,VERY_HIGH,HIGH,0,0,1,1,MEDIUM,INTERMEDIATE,99.9,0,EVENT_DRIVEN,0,1,0,32,64
WH-03441,NEW_IDEA,SAAS,1386950,2819,22.48,1056.19,2091.25,251.69,117.0,,0,0,HIGH,VERY_HIGH,0,0,1,0,SLOW,BEGINNER,99.95,1,BUSINESS_HOURS,0,1,1,32,64
WH-03442,PLANNED,MEDIA_STREAMING,49067,273,2.9,13.19,49.09,18.7,128.2,,0,1,MEDIUM,MEDIUM,0,0,1,1,MEDIUM,INTERMEDIATE,99.9,0,EVENT_DRIVEN,0,0,1,2,8
WH-03443,LIVE_URL,SAAS,98501,273,13.36,60.79,159.26,28.93,14.6,76.2,1,1,MEDIUM,HIGH,0,0,1,0,STABLE,ADVANCED,99.95,1,SEASONAL,0,0,1,8,16
WH-03444,PLANNED,API_SERVICE,506570,3050,30.72,1561.6,2186.24,228.19,27.4,,0,0,HIGH,VERY_HIGH,1,2500,1,0,SLOW,ADVANCED,99.9,0,WEEKEND,0,0,1,32,64
WH-03445,LIVE_URL,ECOMMERCE,67113,320,5.07,27.04,95.72,16.53,20.0,81.7,1,0,HIGH,HIGH,0,0,1,0,STABLE,INTERMEDIATE,99.95,1,EVENT_DRIVEN,0,0,0,8,16
WH-03446,NEW_IDEA,SAAS,256546,1794,12.06,360.59,706.76,65.53,138.3,,0,0,HIGH,HIGH,0,0,0,0,SLOW,BEGINNER,99.5,0,EVENING,0,0,1,32,64
WH-03447,LIVE_URL,INTERNAL_BUSINESS,261,3,5.46,0.27,0.4,20.8,115.3,85.1,1,0,MEDIUM,MEDIUM,0,0,0,0,STABLE,INTERMEDIATE,99.95,1,BUSINESS_HOURS,0,0,0,2,4
WH-03448,NEW_IDEA,EDUCATION,16006,404,5.72,38.51,100.14,25.45,221.6,,0,1,MEDIUM,LOW,1,165,0,1,MEDIUM,BEGINNER,99.9,0,SEASONAL,0,0,0,4,8
WH-03449,LIVE_URL,BLOG,39153,92,4.23,6.49,8.69,35.91,116.1,91.4,1,1,LOW,LOW,0,0,0,1,MEDIUM,INTERMEDIATE,99.9,0,NORMAL,0,0,0,1,4
WH-03450,PLANNED,CORPORATE,3907,8,5.89,0.79,2.69,21.14,79.9,,0,1,LOW,LOW,0,0,0,0,RAPID,ADVANCED,BASIC,0,EVENT_DRIVEN,0,0,0,1,4
WH-03451,LIVE_URL,BLOG,2538,7,3.33,0.39,0.72,35.41,24.4,50.6,1,0,LOW,LOW,0,0,0,0,RAPID,INTERMEDIATE,99.99,1,EVENING,0,0,0,2,4
WH-03452,NEW_IDEA,SAAS,18935,155,21.87,56.5,81.92,18.39,87.3,,0,0,HIGH,HIGH,0,0,0,1,SLOW,ADVANCED,99.9,0,NORMAL,0,0,0,8,16
WH-03453,LIVE_URL,EDUCATION,133093,247,8.41,34.62,49.51,92.6,443.5,50.7,1,1,HIGH,HIGH,0,0,0,1,SLOW,INTERMEDIATE,99.95,1,NORMAL,0,0,0,4,8
WH-03454,LIVE_URL,ECOMMERCE,73225,193,16.29,52.4,117.37,32.31,225.1,55.9,1,0,HIGH,HIGH,0,0,1,1,STABLE,INTERMEDIATE,99.9,0,EVENT_DRIVEN,0,0,1,8,16
WH-03455,NEW_IDEA,SAAS,167425,1289,9.52,204.52,304.74,70.07,15.9,,0,1,HIGH,HIGH,1,930,1,0,MEDIUM,BEGINNER,99.95,1,BUSINESS_HOURS,0,1,1,16,32
WH-03456,PLANNED,SAAS,1793539,6795,14.34,1624.01,2224.89,416.91,18.8,,0,0,HIGH,HIGH,0,0,0,0,STABLE,BEGINNER,99.5,0,WEEKEND,1,1,1,32,64
WH-03457,LIVE_URL,ECOMMERCE,25703,498,12.43,103.17,149.6,45.11,142.2,77.4,1,0,VERY_HIGH,VERY_HIGH,0,0,0,0,RAPID,INTERMEDIATE,BASIC,0,NORMAL,0,0,1,8,16
WH-03458,PLANNED,CORPORATE,34878,47,2.98,2.33,5.07,23.45,52.0,,0,1,LOW,LOW,0,0,0,0,RAPID,INTERMEDIATE,99.9,0,SEASONAL,0,0,1,2,4
WH-03459,LIVE_URL,SAAS,14679,192,22.05,70.56,103.02,9.31,72.5,55.0,1,1,MEDIUM,HIGH,0,0,1,0,RAPID,BEGINNER,99.9,0,NORMAL,0,0,0,8,16
WH-03460,NEW_IDEA,PORTFOLIO,29802,16,3.42,0.91,1.63,8.0,43.4,,0,0,LOW,LOW,0,0,1,0,MEDIUM,BEGINNER,99.9,0,EVENING,0,0,0,1,4
WH-03461,LIVE_URL,SAAS,306855,60,13.91,13.91,32.83,16.75,37.4,84.2,1,0,MEDIUM,VERY_HIGH,0,0,1,0,STABLE,BEGINNER,99.9,0,SEASONAL,0,0,1,2,8
WH-03462,PLANNED,MARKETPLACE,391074,1124,11.54,216.18,551.27,70.34,99.8,,0,1,HIGH,HIGH,1,920,1,0,STABLE,INTERMEDIATE,99.9,0,EVENT_DRIVEN,0,0,0,32,64
WH-03463,LIVE_URL,ECOMMERCE,331813,267,8.15,36.27,76.16,15.52,41.0,39.5,1,1,HIGH,HIGH,0,0,1,0,MEDIUM,ADVANCED,99.95,1,EVENT_DRIVEN,0,0,1,4,8
WH-03464,LIVE_URL,ECOMMERCE,355846,3146,11.16,585.16,754.85,112.67,70.2,67.3,1,1,HIGH,HIGH,0,0,1,0,RAPID,INTERMEDIATE,99.9,0,NORMAL,0,1,1,32,64
WH-03465,LIVE_URL,EDUCATION,215308,22,7.36,2.7,4.02,54.78,54.0,59.3,1,0,LOW,LOW,0,0,1,0,MEDIUM,ADVANCED,99.95,1,NORMAL,0,0,1,2,4
WH-03466,LIVE_URL,MARKETPLACE,19276,484,15.9,128.26,211.63,31.1,70.0,69.6,1,0,HIGH,HIGH,0,0,0,0,MEDIUM,INTERMEDIATE,99.5,0,BUSINESS_HOURS,0,0,0,16,32
WH-03467,PLANNED,ECOMMERCE,142068,282,8.35,39.24,57.69,56.7,93.6,,0,0,HIGH,HIGH,0,0,0,0,MEDIUM,BEGINNER,99.9,0,NORMAL,0,0,0,4,8
WH-03468,NEW_IDEA,CORPORATE,57093,12,2.87,0.57,0.88,8.0,68.5,,0,0,LOW,LOW,0,0,0,0,MEDIUM,INTERMEDIATE,99.9,0,EVENING,0,0,1,1,4
WH-03469,LIVE_URL,NEWS,1308869,6169,7.52,773.18,2883.97,411.4,67.0,93.0,1,1,MEDIUM,MEDIUM,0,0,0,1,RAPID,BEGINNER,99.9,0,EVENT_DRIVEN,0,1,0,32,64
WH-03470,PLANNED,ECOMMERCE,10211,191,16.88,53.73,131.65,120.39,160.8,,0,0,HIGH,HIGH,0,0,1,0,MEDIUM,ADVANCED,99.5,0,EVENT_DRIVEN,0,0,1,8,16
WH-03471,LIVE_URL,SAAS,348409,3936,14.69,963.66,2023.69,373.58,88.0,72.2,1,0,HIGH,VERY_HIGH,0,0,0,0,MEDIUM,ADVANCED,99.9,0,SEASONAL,0,0,0,32,64
WH-03472,PLANNED,MEDIA_STREAMING,489864,131,5.02,10.96,42.75,15.12,91.5,,0,0,MEDIUM,HIGH,1,97,0,1,STABLE,INTERMEDIATE,99.9,0,EVENT_DRIVEN,0,0,0,2,8
WH-03473,NEW_IDEA,SAAS,1084601,3733,15.87,987.38,2675.8,472.79,106.8,,0,0,HIGH,MEDIUM,1,1835,1,0,MEDIUM,BEGINNER,BASIC,0,SEASONAL,0,0,1,32,64
WH-03474,LIVE_URL,ECOMMERCE,13465,268,12.75,56.95,116.75,75.17,41.8,89.2,1,0,HIGH,HIGH,1,207,0,0,STABLE,INTERMEDIATE,99.5,0,WEEKEND,0,0,1,8,16
WH-03475,PLANNED,MARKETPLACE,65770,334,10.02,55.78,103.75,35.39,109.5,,0,1,HIGH,VERY_HIGH,0,0,0,1,MEDIUM,BEGINNER,99.95,1,EVENING,0,0,1,8,16
WH-03476,LIVE_URL,SAAS,76761,1041,10.62,184.26,576.72,151.52,34.1,91.4,1,1,HIGH,VERY_HIGH,0,0,0,0,MEDIUM,ADVANCED,99.5,0,SEASONAL,0,0,1,32,64
WH-03477,LIVE_URL,NEWS,24182,110,3.49,6.4,10.05,27.79,10.0,68.3,1,0,LOW,HIGH,0,0,0,0,SLOW,INTERMEDIATE,BASIC,0,BUSINESS_HOURS,0,1,0,2,4
WH-03478,LIVE_URL,SAAS,1302735,5487,10.36,947.42,1951.69,380.08,178.6,58.1,1,0,HIGH,HIGH,0,0,0,0,SLOW,INTERMEDIATE,99.9,0,WEEKEND,1,0,1,32,64
WH-03479,NEW_IDEA,MARKETPLACE,754638,5025,10.03,840.01,2352.03,206.9,43.6,,0,1,VERY_HIGH,VERY_HIGH,1,3361,1,0,STABLE,INTERMEDIATE,99.95,1,EVENT_DRIVEN,0,1,0,32,64
WH-03480,NEW_IDEA,NEWS,141680,909,8.81,133.47,233.58,44.1,125.6,,0,1,MEDIUM,MEDIUM,0,0,0,1,MEDIUM,ADVANCED,99.9,0,BUSINESS_HOURS,0,0,0,8,16
WH-03481,PLANNED,INTERNAL_BUSINESS,21639,193,4.33,13.93,42.2,18.98,36.3,,0,0,MEDIUM,MEDIUM,0,0,0,0,MEDIUM,INTERMEDIATE,99.5,0,EVENT_DRIVEN,0,0,0,2,8
WH-03482,PLANNED,CORPORATE,22917,32,5.79,3.09,4.48,16.45,64.0,,0,0,LOW,LOW,0,0,0,0,RAPID,BEGINNER,BASIC,0,NORMAL,0,0,1,1,4
WH-03483,PLANNED,COMMUNITY,15068,116,9.5,18.37,39.49,23.26,249.1,,0,0,HIGH,MEDIUM,0,0,0,1,SLOW,BEGINNER,99.9,0,WEEKEND,0,0,0,2,8
WH-03484,LIVE_URL,MEDIA_STREAMING,103332,2448,3.18,129.74,182.94,126.75,156.9,64.7,1,1,MEDIUM,MEDIUM,0,0,1,1,MEDIUM,INTERMEDIATE,99.9,0,NORMAL,0,0,1,8,16
WH-03485,PLANNED,EDUCATION,13610,303,7.43,37.52,49.15,32.24,99.0,,0,1,MEDIUM,MEDIUM,0,0,0,1,MEDIUM,INTERMEDIATE,99.95,1,NORMAL,0,0,0,2,8
WH-03486,PLANNED,API_SERVICE,795314,4935,24.45,2011.01,4062.25,530.05,42.6,,0,1,MEDIUM,VERY_HIGH,0,0,1,0,STABLE,BEGINNER,99.9,0,SEASONAL,0,1,0,32,64
WH-03487,NEW_IDEA,INTERNAL_BUSINESS,196,2,5.33,0.18,0.25,67.42,144.0,,0,0,MEDIUM,MEDIUM,0,0,0,0,RAPID,INTERMEDIATE,99.5,0,EVENING,0,0,0,2,4
WH-03488,LIVE_URL,CORPORATE,3195,7,4.98,0.58,0.68,23.46,263.9,65.3,1,1,LOW,LOW,0,0,1,1,MEDIUM,ADVANCED,99.95,1,NORMAL,0,0,0,2,8
WH-03489,NEW_IDEA,API_SERVICE,272776,4052,19.93,1345.94,2274.64,380.97,14.4,,0,1,MEDIUM,VERY_HIGH,0,0,1,0,RAPID,BEGINNER,99.95,1,BUSINESS_HOURS,0,1,1,32,64
WH-03490,PLANNED,BLOG,62753,13,4.66,1.01,1.62,46.49,27.6,,0,1,LOW,LOW,0,0,1,0,RAPID,INTERMEDIATE,99.9,0,BUSINESS_HOURS,0,0,0,2,4
WH-03491,LIVE_URL,BLOG,5693,34,2.94,1.67,5.83,22.31,10.0,76.2,1,1,LOW,LOW,0,0,0,0,SLOW,BEGINNER,99.5,0,SEASONAL,0,0,0,2,4
WH-03492,LIVE_URL,MARKETPLACE,170360,2162,17.26,621.94,2568.59,385.93,276.2,48.6,1,0,HIGH,HIGH,0,0,1,1,MEDIUM,BEGINNER,99.5,0,EVENT_DRIVEN,1,0,1,32,64
WH-03493,NEW_IDEA,EDUCATION,290593,295,11.45,56.3,86.7,15.63,82.7,,0,0,MEDIUM,MEDIUM,0,0,0,0,MEDIUM,INTERMEDIATE,99.99,1,NORMAL,0,1,0,4,8
WH-03494,PLANNED,ECOMMERCE,113668,33,12.36,6.8,22.77,26.09,64.1,,0,0,HIGH,HIGH,0,0,1,0,SLOW,ADVANCED,99.95,1,EVENT_DRIVEN,0,0,1,2,8
WH-03495,PLANNED,BLOG,21526,42,2.67,1.87,6.06,22.08,28.2,,0,0,LOW,LOW,0,0,1,0,RAPID,ADVANCED,99.9,0,SEASONAL,0,0,0,2,4
WH-03496,LIVE_URL,SAAS,19746,185,9.07,27.97,96.48,44.71,52.7,89.8,1,0,HIGH,HIGH,1,99,0,0,MEDIUM,INTERMEDIATE,99.9,0,SEASONAL,0,0,1,8,16
WH-03497,LIVE_URL,BLOG,47925,65,2.24,2.43,8.81,13.68,22.2,72.7,1,0,LOW,LOW,0,0,0,0,RAPID,INTERMEDIATE,BASIC,0,EVENT_DRIVEN,0,0,1,1,4
WH-03498,PLANNED,PORTFOLIO,13837,30,3.71,1.85,2.88,9.53,16.7,,0,1,LOW,LOW,0,0,0,0,STABLE,ADVANCED,99.5,0,NORMAL,0,0,0,2,4
WH-03499,PLANNED,INTERNAL_BUSINESS,3054,33,9.91,5.45,7.09,40.42,27.5,,0,0,MEDIUM,LOW,0,0,0,0,MEDIUM,BEGINNER,99.9,0,NORMAL,0,0,0,1,4
WH-03500,NEW_IDEA,EDUCATION,57912,554,5.73,52.91,75.13,90.36,38.3,,0,0,HIGH,MEDIUM,0,0,0,0,MEDIUM,INTERMEDIATE,99.95,1,NORMAL,0,0,1,4,8
WH-03501,PLANNED,ECOMMERCE,50310,186,5.76,17.86,27.32,52.85,342.7,,0,1,HIGH,VERY_HIGH,0,0,0,1,SLOW,ADVANCED,99.9,0,NORMAL,0,0,1,2,8
WH-03502,PLANNED,SAAS,342393,3807,13.1,831.19,2526.83,518.51,40.5,,0,1,HIGH,HIGH,1,1142,0,0,STABLE,BEGINNER,99.95,1,SEASONAL,0,0,0,32,64
WH-03503,LIVE_URL,MARKETPLACE,242906,2010,15.49,518.92,1198.69,103.71,363.9,64.4,1,1,HIGH,HIGH,1,1513,0,1,MEDIUM,INTERMEDIATE,99.9,0,SEASONAL,1,1,0,32,64
WH-03504,PLANNED,API_SERVICE,295300,3342,25.88,1441.52,2580.31,780.54,14.1,,0,0,MEDIUM,VERY_HIGH,0,0,0,0,MEDIUM,BEGINNER,99.99,1,EVENING,1,0,0,32,64
WH-03505,PLANNED,PORTFOLIO,1557,16,3.01,0.8,1.03,9.72,10.1,,0,1,LOW,LOW,0,0,0,0,MEDIUM,ADVANCED,99.99,1,WEEKEND,0,0,0,2,4
WH-03506,NEW_IDEA,SAAS,439010,2035,23.37,792.63,1490.15,197.89,27.2,,0,0,HIGH,HIGH,0,0,1,0,SLOW,BEGINNER,99.99,1,SEASONAL,0,1,0,32,64
WH-03507,PLANNED,SAAS,608660,29,14.13,6.83,9.9,18.8,30.8,,0,1,HIGH,HIGH,0,0,0,0,MEDIUM,BEGINNER,99.5,0,NORMAL,0,0,0,1,8
WH-03508,PLANNED,SAAS,655910,5894,9.11,894.91,1888.25,262.46,72.7,,0,1,VERY_HIGH,HIGH,0,0,0,0,MEDIUM,ADVANCED,99.9,0,EVENT_DRIVEN,0,1,0,32,64
WH-03509,PLANNED,SAAS,968188,6623,10.82,1194.35,2496.19,231.22,119.2,,0,0,HIGH,HIGH,0,0,0,0,MEDIUM,ADVANCED,99.5,0,WEEKEND,0,0,1,32,64
WH-03510,LIVE_URL,API_SERVICE,68849,454,10.06,76.12,240.54,48.49,20.8,94.8,1,1,MEDIUM,HIGH,1,139,0,0,STABLE,INTERMEDIATE,99.95,1,SEASONAL,0,0,0,16,32
WH-03511,LIVE_URL,API_SERVICE,90917,1918,24.55,784.78,1561.72,141.89,62.7,79.7,1,0,LOW,VERY_HIGH,0,0,0,0,RAPID,INTERMEDIATE,99.9,0,EVENING,0,1,1,32,32
WH-03512,LIVE_URL,MARKETPLACE,251604,5223,14.42,1255.26,3213.47,627.03,171.7,45.9,1,1,VERY_HIGH,MEDIUM,0,0,1,1,SLOW,INTERMEDIATE,99.9,0,EVENT_DRIVEN,1,1,1,32,64
WH-03513,LIVE_URL,API_SERVICE,85938,60,18.82,18.82,34.63,45.58,57.5,98.5,1,0,HIGH,HIGH,0,0,0,0,RAPID,INTERMEDIATE,99.9,0,WEEKEND,0,0,0,2,8
WH-03514,PLANNED,PORTFOLIO,1123,3,1.61,0.08,0.27,28.32,45.8,,0,0,LOW,LOW,0,0,1,0,MEDIUM,BEGINNER,99.5,0,EVENT_DRIVEN,0,0,1,1,4
WH-03515,LIVE_URL,MARKETPLACE,88477,1714,11.98,342.23,1187.53,302.39,115.2,66.3,1,1,HIGH,HIGH,0,0,1,0,MEDIUM,INTERMEDIATE,99.99,1,EVENT_DRIVEN,0,0,0,32,64
WH-03516,PLANNED,MARKETPLACE,761402,3426,9.57,546.45,2153.0,442.29,24.8,,0,1,MEDIUM,MEDIUM,0,0,1,0,MEDIUM,ADVANCED,99.9,0,EVENT_DRIVEN,0,1,0,32,64
WH-03517,PLANNED,SAAS,1637869,938,16.91,264.36,859.17,124.9,79.6,,0,0,VERY_HIGH,HIGH,1,475,0,0,MEDIUM,INTERMEDIATE,99.95,1,SEASONAL,0,0,1,32,64
WH-03518,LIVE_URL,SAAS,411913,190,12.79,40.5,57.51,34.87,91.6,89.4,1,0,HIGH,HIGH,0,0,1,0,SLOW,ADVANCED,99.9,0,BUSINESS_HOURS,0,1,1,4,8
WH-03519,PLANNED,INTERNAL_BUSINESS,302,4,5.97,0.4,0.5,14.05,97.4,,0,0,MEDIUM,LOW,0,0,0,1,RAPID,BEGINNER,99.9,0,NORMAL,0,0,0,1,8
WH-03520,LIVE_URL,COMMUNITY,65661,1069,12.47,222.17,451.01,225.78,19.1,,0,0,MEDIUM,LOW,0,0,0,0,STABLE,INTERMEDIATE,99.5,0,WEEKEND,0,0,1,16,32
WH-03521,LIVE_URL,NEWS,148154,567,6.34,59.91,76.69,17.95,73.8,88.7,1,1,MEDIUM,LOW,0,0,1,0,SLOW,INTERMEDIATE,99.95,1,NORMAL,0,0,1,4,8
WH-03522,NEW_IDEA,ECOMMERCE,438345,230,9.21,35.3,73.08,19.59,58.5,,0,1,VERY_HIGH,HIGH,0,0,1,0,MEDIUM,INTERMEDIATE,99.9,0,EVENING,0,1,0,8,16
WH-03523,NEW_IDEA,SAAS,1308266,2136,17.74,631.54,1092.57,173.0,16.6,,0,1,HIGH,VERY_HIGH,0,0,0,0,SLOW,ADVANCED,99.9,0,BUSINESS_HOURS,1,0,0,32,64
WH-03524,PLANNED,ECOMMERCE,101180,220,12.2,44.73,68.89,55.76,84.2,,0,1,VERY_HIGH,MEDIUM,0,0,0,0,MEDIUM,BEGINNER,99.95,1,NORMAL,0,0,1,4,16
WH-03525,LIVE_URL,INTERNAL_BUSINESS,6486,61,3.94,4.01,6.61,37.13,223.8,82.8,1,1,MEDIUM,MEDIUM,0,0,0,1,MEDIUM,INTERMEDIATE,99.5,0,WEEKEND,0,0,0,1,8
WH-03526,NEW_IDEA,SAAS,37194,1059,19.66,347.0,1086.11,148.09,19.1,,0,1,MEDIUM,HIGH,0,0,1,0,SLOW,ADVANCED,99.9,0,SEASONAL,0,0,0,32,64
WH-03527,LIVE_URL,API_SERVICE,1128662,5587,32.0,2979.73,10339.67,886.97,31.9,,0,0,HIGH,HIGH,0,0,0,0,MEDIUM,BEGINNER,99.9,0,SEASONAL,0,0,0,32,64
WH-03528,NEW_IDEA,API_SERVICE,1074023,3475,18.29,1059.3,3188.48,207.78,17.3,,0,1,MEDIUM,VERY_HIGH,0,0,1,0,STABLE,INTERMEDIATE,99.5,0,EVENT_DRIVEN,0,1,0,32,64
WH-03529,PLANNED,BLOG,56865,6,1.52,0.15,0.47,12.64,67.5,,0,0,LOW,LOW,0,0,0,0,SLOW,BEGINNER,99.95,1,SEASONAL,0,0,1,2,4
WH-03530,LIVE_URL,ECOMMERCE,202520,3037,9.66,488.96,1682.01,281.52,212.9,70.5,1,0,HIGH,MEDIUM,0,0,1,0,SLOW,INTERMEDIATE,99.5,0,EVENT_DRIVEN,0,1,1,32,64
WH-03531,LIVE_URL,MARKETPLACE,50769,54,13.01,11.71,13.93,20.11,48.6,61.4,1,0,HIGH,HIGH,0,0,0,0,SLOW,BEGINNER,99.9,0,NORMAL,0,0,1,2,8
WH-03532,PLANNED,MARKETPLACE,520574,781,17.04,221.8,399.25,50.96,23.8,,0,1,MEDIUM,MEDIUM,0,0,1,0,RAPID,ADVANCED,99.9,0,EVENING,1,0,0,16,32
WH-03533,LIVE_URL,CORPORATE,4064,26,4.11,1.78,2.42,16.17,47.1,71.2,1,0,LOW,LOW,0,0,0,0,STABLE,ADVANCED,99.9,0,EVENING,0,0,1,2,4
WH-03534,NEW_IDEA,API_SERVICE,75597,631,12.58,132.3,157.44,66.0,21.6,,0,1,MEDIUM,VERY_HIGH,0,0,1,0,SLOW,BEGINNER,99.95,1,NORMAL,0,0,0,16,32
WH-03535,LIVE_URL,API_SERVICE,1419181,3514,20.85,1221.12,1660.72,195.56,73.2,96.0,1,1,MEDIUM,VERY_HIGH,0,0,1,0,MEDIUM,ADVANCED,99.9,0,NORMAL,0,1,0,32,64
WH-03536,LIVE_URL,MEDIA_STREAMING,34394,677,6.65,75.03,109.55,35.78,232.2,71.5,1,1,LOW,MEDIUM,0,0,0,1,SLOW,BEGINNER,99.9,0,BUSINESS_HOURS,1,0,0,8,8
WH-03537,LIVE_URL,SAAS,1178617,3827,15.65,998.21,3643.46,893.16,180.1,60.9,1,0,HIGH,HIGH,0,0,1,0,MEDIUM,BEGINNER,99.95,1,EVENT_DRIVEN,0,0,1,32,64
WH-03538,LIVE_URL,SAAS,886379,4765,14.79,1174.57,3476.73,747.41,269.8,85.8,1,0,HIGH,HIGH,0,0,1,0,SLOW,INTERMEDIATE,99.95,1,SEASONAL,0,1,0,32,64
WH-03539,LIVE_URL,SAAS,572663,6651,23.78,2636.01,4402.14,524.22,185.8,55.6,1,1,HIGH,MEDIUM,0,0,1,0,RAPID,BEGINNER,99.9,0,BUSINESS_HOURS,0,0,0,32,64
WH-03540,LIVE_URL,SAAS,275217,2917,13.89,675.29,2741.66,467.59,272.6,51.8,1,0,HIGH,HIGH,0,0,0,0,SLOW,ADVANCED,99.9,0,EVENT_DRIVEN,0,0,1,32,64
WH-03541,PLANNED,MEDIA_STREAMING,78578,64,3.77,4.02,8.04,93.92,32.2,,0,1,LOW,MEDIUM,0,0,0,1,STABLE,BEGINNER,99.95,1,SEASONAL,0,0,0,2,4
WH-03542,PLANNED,PORTFOLIO,19036,16,1.75,0.47,0.75,11.05,57.4,,0,0,LOW,MEDIUM,0,0,0,0,MEDIUM,BEGINNER,99.95,1,WEEKEND,0,0,0,2,4
WH-03543,PLANNED,API_SERVICE,580441,2254,18.78,705.5,1312.23,443.04,20.7,,0,1,MEDIUM,VERY_HIGH,0,0,1,0,RAPID,INTERMEDIATE,99.9,0,BUSINESS_HOURS,1,0,0,32,64
WH-03544,PLANNED,NEWS,71523,89,3.79,5.62,20.86,18.6,38.7,,0,0,LOW,LOW,0,0,0,0,RAPID,BEGINNER,99.95,1,EVENT_DRIVEN,0,0,0,2,4
WH-03545,NEW_IDEA,API_SERVICE,519564,2221,18.47,683.7,1955.38,439.46,38.7,,0,0,HIGH,VERY_HIGH,0,0,1,0,RAPID,BEGINNER,99.9,0,EVENT_DRIVEN,1,0,0,32,64
WH-03546,LIVE_URL,PORTFOLIO,3995,9,1.2,0.18,0.24,8.0,62.9,86.2,1,0,LOW,MEDIUM,0,0,0,0,MEDIUM,INTERMEDIATE,99.9,0,NORMAL,0,0,0,1,4
WH-03547,NEW_IDEA,INTERNAL_BUSINESS,26208,134,6.05,13.51,17.7,12.89,14.5,,0,1,MEDIUM,LOW,1,92,0,0,MEDIUM,BEGINNER,99.95,1,NORMAL,0,0,0,2,8
WH-03548,LIVE_URL,ECOMMERCE,306483,2125,17.7,626.88,1354.05,295.01,47.6,48.9,1,1,HIGH,HIGH,0,0,0,0,SLOW,INTERMEDIATE,99.99,1,SEASONAL,0,0,1,32,64
WH-03549,NEW_IDEA,API_SERVICE,146479,3183,30.54,1620.15,2673.24,140.52,13.2,,0,1,LOW,VERY_HIGH,1,1115,1,0,STABLE,INTERMEDIATE,BASIC,0,BUSINESS_HOURS,0,1,0,32,32
WH-03550,LIVE_URL,SAAS,17344,451,12.02,90.35,309.9,69.86,57.9,56.3,1,0,HIGH,HIGH,0,0,1,0,MEDIUM,BEGINNER,99.95,1,EVENT_DRIVEN,0,0,1,16,32
WH-03551,PLANNED,ECOMMERCE,36042,176,10.82,31.74,57.45,112.14,952.4,,0,0,HIGH,VERY_HIGH,0,0,1,1,STABLE,INTERMEDIATE,99.5,0,EVENING,0,0,0,4,8
WH-03552,PLANNED,SAAS,43925,93,6.21,9.63,13.76,18.46,31.2,,0,1,HIGH,HIGH,0,0,0,0,MEDIUM,BEGINNER,99.9,0,BUSINESS_HOURS,0,1,1,2,8
WH-03553,PLANNED,CORPORATE,4679,6,1.61,0.16,0.31,20.88,55.2,,0,1,LOW,LOW,0,0,0,0,RAPID,INTERMEDIATE,99.5,0,WEEKEND,0,0,0,1,4
WH-03554,LIVE_URL,INTERNAL_BUSINESS,1035,22,7.12,2.61,6.32,18.38,22.5,90.5,1,0,MEDIUM,HIGH,1,10,0,0,SLOW,INTERMEDIATE,99.9,0,EVENT_DRIVEN,0,0,0,1,4
WH-03555,PLANNED,MARKETPLACE,890812,658,15.4,168.89,236.44,53.01,117.6,,0,0,HIGH,HIGH,0,0,1,1,RAPID,BEGINNER,99.99,1,NORMAL,0,0,0,16,32
WH-03556,PLANNED,NEWS,43132,870,5.95,86.28,132.0,107.78,107.5,,0,0,HIGH,MEDIUM,0,0,1,0,SLOW,ADVANCED,99.5,0,NORMAL,0,0,1,4,16
WH-03557,PLANNED,SAAS,964965,5785,18.97,1829.02,5157.85,245.02,40.6,,0,0,MEDIUM,HIGH,0,0,1,0,MEDIUM,INTERMEDIATE,99.95,1,SEASONAL,0,1,1,32,64
WH-03558,PLANNED,ECOMMERCE,80520,441,16.81,123.55,254.52,172.89,88.3,,0,0,HIGH,HIGH,0,0,1,0,MEDIUM,ADVANCED,99.95,1,EVENING,0,0,0,16,32
WH-03559,LIVE_URL,EDUCATION,10888,17,3.18,0.9,2.87,23.29,39.8,67.1,1,0,MEDIUM,HIGH,1,11,0,0,SLOW,BEGINNER,99.9,0,SEASONAL,0,0,1,2,8
WH-03560,PLANNED,MEDIA_STREAMING,62357,475,3.61,28.58,43.73,29.22,714.4,,0,1,MEDIUM,MEDIUM,0,0,0,1,MEDIUM,BEGINNER,BASIC,0,BUSINESS_HOURS,0,0,0,2,8
WH-03561,PLANNED,INTERNAL_BUSINESS,23003,10,2.06,0.34,1.08,29.6,64.3,,0,1,MEDIUM,MEDIUM,0,0,1,0,STABLE,BEGINNER,99.9,0,SEASONAL,0,0,0,2,8
WH-03562,LIVE_URL,API_SERVICE,27729,48,9.66,7.73,11.13,31.71,18.3,74.4,1,0,MEDIUM,VERY_HIGH,0,0,1,0,MEDIUM,ADVANCED,99.95,1,WEEKEND,0,0,0,2,8
WH-03563,PLANNED,MEDIA_STREAMING,65308,1208,7.78,156.64,200.5,67.88,171.2,,0,1,MEDIUM,MEDIUM,1,332,0,1,STABLE,INTERMEDIATE,99.9,0,NORMAL,0,0,0,8,16
WH-03564,PLANNED,SAAS,10896,300,8.39,41.95,163.61,19.27,24.7,,0,0,HIGH,HIGH,1,225,1,0,MEDIUM,INTERMEDIATE,99.5,0,EVENT_DRIVEN,0,0,1,16,32
WH-03565,PLANNED,BLOG,29352,69,1.63,1.87,2.32,12.75,48.1,,0,0,LOW,LOW,0,0,1,0,MEDIUM,INTERMEDIATE,99.5,0,NORMAL,0,0,1,2,4
WH-03566,PLANNED,CORPORATE,99713,76,3.22,4.08,13.91,37.75,19.0,,0,0,LOW,LOW,0,0,0,0,RAPID,BEGINNER,99.95,1,SEASONAL,0,0,0,2,4
WH-03567,LIVE_URL,SAAS,1139723,5816,15.18,1471.45,2942.9,354.04,59.2,46.6,1,1,MEDIUM,HIGH,0,0,1,0,MEDIUM,ADVANCED,99.99,1,BUSINESS_HOURS,0,1,1,32,64
WH-03568,LIVE_URL,SAAS,32048,141,20.27,47.63,178.15,36.76,43.7,68.5,1,1,HIGH,HIGH,1,67,0,0,MEDIUM,INTERMEDIATE,99.95,1,EVENT_DRIVEN,0,0,1,8,16
WH-03569,PLANNED,INTERNAL_BUSINESS,131,2,5.05,0.17,0.2,70.78,95.1,,0,0,MEDIUM,LOW,0,0,0,0,MEDIUM,INTERMEDIATE,99.5,0,NORMAL,0,0,0,2,4
WH-03570,LIVE_URL,SAAS,1046465,5483,18.02,1646.73,5220.13,513.77,102.6,98.6,1,1,HIGH,MEDIUM,1,1421,1,0,RAPID,INTERMEDIATE,99.9,0,SEASONAL,0,0,1,32,64
WH-03571,LIVE_URL,ECOMMERCE,13366,206,11.91,40.89,65.83,41.87,214.6,92.2,1,1,HIGH,MEDIUM,0,0,1,0,RAPID,INTERMEDIATE,99.99,1,BUSINESS_HOURS,0,1,1,4,8
WH-03572,PLANNED,SAAS,1400149,2383,23.03,914.67,2652.56,358.02,52.9,,0,0,HIGH,HIGH,0,0,0,0,SLOW,INTERMEDIATE,99.95,1,SEASONAL,0,0,1,32,64
WH-03573,LIVE_URL,COMMUNITY,7408,124,13.3,27.49,48.93,26.15,18.2,81.8,1,0,MEDIUM,MEDIUM,0,0,0,0,MEDIUM,BEGINNER,99.5,0,BUSINESS_HOURS,0,0,0,2,8
WH-03574,LIVE_URL,COMMUNITY,245222,185,13.19,40.67,128.92,24.3,69.6,98.2,1,1,MEDIUM,LOW,0,0,0,0,SLOW,INTERMEDIATE,99.95,1,EVENT_DRIVEN,0,0,0,4,8
WH-03575,LIVE_URL,SAAS,1266303,3152,23.9,1255.55,1971.21,414.49,32.0,75.0,1,1,MEDIUM,VERY_HIGH,1,1666,0,0,MEDIUM,INTERMEDIATE,99.5,0,EVENING,0,1,0,32,64
WH-03576,LIVE_URL,CORPORATE,6072,64,3.3,3.52,13.62,29.56,163.3,56.8,1,0,LOW,LOW,0,0,0,1,MEDIUM,INTERMEDIATE,99.9,0,EVENT_DRIVEN,0,0,0,2,4
WH-03577,PLANNED,PORTFOLIO,8861,15,1.5,0.38,0.6,54.83,66.9,,0,0,LOW,LOW,0,0,0,0,MEDIUM,BEGINNER,99.9,0,BUSINESS_HOURS,0,0,0,1,4
WH-03578,LIVE_URL,CORPORATE,4389,13,1.74,0.38,0.53,13.68,13.1,85.1,1,0,LOW,LOW,0,0,0,0,MEDIUM,BEGINNER,99.9,0,NORMAL,0,0,0,1,4
WH-03579,PLANNED,CORPORATE,9722,18,5.26,1.58,2.76,20.51,28.5,,0,0,LOW,MEDIUM,0,0,0,0,RAPID,INTERMEDIATE,99.9,0,BUSINESS_HOURS,0,0,0,1,4
WH-03580,LIVE_URL,CORPORATE,3205,6,4.17,0.42,1.36,31.3,22.3,83.7,1,0,LOW,LOW,0,0,0,0,STABLE,BEGINNER,99.95,1,SEASONAL,0,0,0,2,4
WH-03581,LIVE_URL,CORPORATE,16717,29,2.52,1.22,1.9,8.0,12.3,85.8,1,0,LOW,MEDIUM,0,0,0,0,MEDIUM,INTERMEDIATE,99.9,0,EVENING,0,0,0,2,4
WH-03582,PLANNED,BLOG,32341,14,3.79,0.88,2.73,21.22,47.1,,0,1,LOW,LOW,0,0,0,0,MEDIUM,ADVANCED,99.5,0,EVENT_DRIVEN,0,0,1,2,4
WH-03583,LIVE_URL,ECOMMERCE,608560,1987,6.19,204.99,614.98,164.43,877.8,94.9,1,1,HIGH,HIGH,0,0,1,1,STABLE,INTERMEDIATE,99.95,1,EVENT_DRIVEN,0,0,1,32,64
WH-03584,LIVE_URL,CORPORATE,63601,7,2.79,0.33,0.6,8.76,25.2,,0,0,LOW,MEDIUM,0,0,0,0,MEDIUM,ADVANCED,99.9,0,BUSINESS_HOURS,0,0,1,2,4
WH-03585,PLANNED,SAAS,43614,594,20.87,206.61,260.33,39.28,185.1,,0,1,HIGH,HIGH,0,0,1,0,MEDIUM,BEGINNER,99.95,1,NORMAL,0,0,1,16,32
WH-03586,PLANNED,SAAS,33368,57,20.27,19.26,73.75,36.13,21.7,,0,0,HIGH,VERY_HIGH,0,0,1,0,RAPID,BEGINNER,99.9,0,EVENT_DRIVEN,0,0,1,8,16
WH-03587,PLANNED,MARKETPLACE,465376,4405,16.21,1190.08,2475.38,432.6,52.3,,0,1,HIGH,HIGH,0,0,1,0,STABLE,ADVANCED,99.99,1,EVENING,0,0,0,32,64
WH-03588,LIVE_URL,API_SERVICE,43189,672,26.11,292.43,815.89,122.46,23.3,91.0,1,1,MEDIUM,VERY_HIGH,0,0,1,0,SLOW,INTERMEDIATE,99.9,0,SEASONAL,0,1,0,32,64
WH-03589,NEW_IDEA,MARKETPLACE,1014583,2453,12.24,500.41,2006.65,156.85,64.6,,0,0,HIGH,VERY_HIGH,0,0,1,0,SLOW,INTERMEDIATE,99.95,1,EVENT_DRIVEN,0,1,1,32,64
WH-03590,LIVE_URL,CORPORATE,5434,35,3.4,1.98,3.69,20.66,59.1,72.2,1,0,LOW,LOW,0,0,0,0,SLOW,INTERMEDIATE,99.95,1,EVENING,0,0,1,2,4
WH-03591,LIVE_URL,BLOG,7953,19,1.8,0.57,0.88,38.47,62.7,70.3,1,0,LOW,LOW,0,0,1,0,STABLE,BEGINNER,99.9,0,WEEKEND,0,1,0,2,4
WH-03592,LIVE_URL,SAAS,43628,31,17.16,8.87,17.47,22.97,188.1,70.8,1,0,VERY_HIGH,HIGH,0,0,0,0,SLOW,BEGINNER,99.95,1,BUSINESS_HOURS,0,0,1,2,16
WH-03593,LIVE_URL,SAAS,96947,618,21.95,226.09,599.13,44.57,20.4,55.2,1,1,MEDIUM,HIGH,0,0,0,0,SLOW,INTERMEDIATE,99.95,1,EVENT_DRIVEN,0,0,0,32,64
WH-03594,LIVE_URL,SAAS,36966,653,15.38,167.39,386.66,86.97,19.5,63.0,1,0,MEDIUM,MEDIUM,0,0,1,0,SLOW,INTERMEDIATE,99.9,0,SEASONAL,0,0,0,16,32
WH-03595,LIVE_URL,CORPORATE,86468,7,4.08,0.48,0.9,11.08,34.2,56.4,1,0,LOW,LOW,0,0,0,0,RAPID,INTERMEDIATE,99.95,1,BUSINESS_HOURS,0,0,0,2,4
WH-03596,PLANNED,MARKETPLACE,177142,3744,19.58,1221.79,2541.33,273.87,50.5,,0,1,HIGH,MEDIUM,0,0,1,0,MEDIUM,BEGINNER,99.9,0,EVENT_DRIVEN,0,1,0,32,64
WH-03597,LIVE_URL,SAAS,913904,4861,17.66,1430.75,2203.36,200.99,43.4,77.2,1,1,VERY_HIGH,HIGH,0,0,1,0,MEDIUM,BEGINNER,99.95,1,BUSINESS_HOURS,0,0,0,32,64
WH-03598,PLANNED,CORPORATE,6848,9,5.06,0.76,1.43,15.92,67.4,,0,1,LOW,LOW,0,0,0,0,MEDIUM,ADVANCED,99.95,1,BUSINESS_HOURS,0,0,0,2,4
WH-03599,PLANNED,API_SERVICE,5473,124,22.41,46.31,69.93,12.8,49.6,,0,1,MEDIUM,VERY_HIGH,0,0,0,0,MEDIUM,ADVANCED,99.9,0,NORMAL,0,0,1,4,8
WH-03600,LIVE_URL,SAAS,1734113,6000,17.3,1730.0,4636.4,589.85,140.2,77.3,1,1,HIGH,HIGH,1,4401,1,0,STABLE,INTERMEDIATE,99.95,1,EVENT_DRIVEN,0,0,0,32,64
WH-03601,PLANNED,API_SERVICE,186419,582,31.35,304.1,437.9,125.79,86.4,,0,0,MEDIUM,VERY_HIGH,0,0,1,0,MEDIUM,ADVANCED,99.99,1,NORMAL,1,0,0,32,64
WH-03602,LIVE_URL,SAAS,318083,6489,14.83,1603.86,2373.72,388.62,187.5,74.8,1,1,HIGH,VERY_HIGH,0,0,1,0,MEDIUM,BEGINNER,99.99,1,BUSINESS_HOURS,0,1,1,32,64
WH-03603,NEW_IDEA,NEWS,44492,163,8.97,24.37,42.89,22.81,35.5,,0,1,MEDIUM,MEDIUM,0,0,1,0,RAPID,INTERMEDIATE,99.99,1,BUSINESS_HOURS,0,1,0,2,8
WH-03604,LIVE_URL,COMMUNITY,86934,460,4.15,31.82,86.54,30.02,24.2,64.7,1,0,MEDIUM,MEDIUM,1,116,0,0,RAPID,INTERMEDIATE,99.9,0,SEASONAL,0,0,0,4,8
WH-03605,LIVE_URL,PORTFOLIO,13631,10,2.62,0.44,0.57,20.81,12.8,76.4,1,0,LOW,MEDIUM,0,0,0,0,MEDIUM,BEGINNER,BASIC,0,WEEKEND,0,1,0,2,4
WH-03606,PLANNED,INTERNAL_BUSINESS,3776,18,4.48,1.34,1.77,19.36,64.7,,0,0,MEDIUM,MEDIUM,0,0,0,0,RAPID,BEGINNER,99.95,1,BUSINESS_HOURS,0,0,0,2,8
WH-03607,LIVE_URL,NEWS,536459,97,2.9,4.69,6.61,25.37,48.9,63.8,1,1,MEDIUM,HIGH,0,0,1,0,RAPID,ADVANCED,99.95,1,BUSINESS_HOURS,0,0,0,2,8
WH-03608,NEW_IDEA,ECOMMERCE,50668,382,11.54,73.47,127.11,48.6,22.8,,0,1,HIGH,HIGH,0,0,1,0,MEDIUM,BEGINNER,99.5,0,EVENING,0,0,1,8,16
WH-03609,LIVE_URL,SAAS,833379,3578,23.95,1428.22,2542.23,506.1,32.6,63.9,1,0,HIGH,HIGH,0,0,0,0,RAPID,INTERMEDIATE,99.99,1,BUSINESS_HOURS,0,1,1,32,64
WH-03610,NEW_IDEA,BLOG,3281,8,4.42,0.59,1.08,19.87,22.8,,0,1,LOW,LOW,0,0,0,0,SLOW,INTERMEDIATE,99.9,0,BUSINESS_HOURS,0,0,0,1,4
WH-03611,NEW_IDEA,SAAS,98796,79,9.3,12.25,15.06,10.63,104.9,,0,0,HIGH,HIGH,0,0,1,0,RAPID,INTERMEDIATE,99.95,1,NORMAL,0,0,0,2,8
WH-03612,LIVE_URL,NEWS,20507,77,6.74,8.65,17.56,100.14,532.3,76.5,1,0,MEDIUM,HIGH,0,0,0,1,MEDIUM,BEGINNER,99.5,0,WEEKEND,0,0,0,2,4
WH-03613,LIVE_URL,BLOG,40675,35,4.61,2.69,4.89,15.66,69.8,89.3,1,1,LOW,LOW,0,0,0,0,MEDIUM,BEGINNER,99.9,0,BUSINESS_HOURS,0,0,0,1,4
WH-03614,PLANNED,BLOG,3883,6,2.21,0.22,0.92,43.8,17.8,,0,1,LOW,LOW,0,0,0,0,SLOW,INTERMEDIATE,99.5,0,EVENT_DRIVEN,0,0,1,1,4
WH-03615,PLANNED,API_SERVICE,1352203,6219,27.75,2876.29,3624.12,634.21,61.4,,0,1,MEDIUM,VERY_HIGH,1,5092,0,0,SLOW,ADVANCED,99.99,1,NORMAL,1,1,0,32,64
WH-03616,LIVE_URL,SAAS,333405,3693,19.29,1187.3,3573.77,767.63,387.4,46.8,1,1,MEDIUM,HIGH,0,0,1,1,STABLE,INTERMEDIATE,99.95,1,SEASONAL,1,0,0,32,64
WH-03617,PLANNED,API_SERVICE,787442,4211,23.06,1618.43,3787.12,839.81,21.0,,0,0,MEDIUM,VERY_HIGH,0,0,0,0,SLOW,INTERMEDIATE,99.95,1,EVENT_DRIVEN,0,0,1,32,64
WH-03618,PLANNED,EDUCATION,299872,29,8.47,4.09,5.65,17.46,29.3,,0,0,MEDIUM,MEDIUM,1,10,0,0,MEDIUM,BEGINNER,99.95,1,EVENING,0,0,0,2,8
WH-03619,NEW_IDEA,ECOMMERCE,53443,41,6.16,4.21,11.83,24.03,52.7,,0,0,VERY_HIGH,VERY_HIGH,0,0,0,0,RAPID,INTERMEDIATE,99.95,1,EVENT_DRIVEN,0,1,0,2,16
WH-03620,PLANNED,BLOG,4257,48,3.7,2.96,8.41,9.27,172.2,,0,1,LOW,LOW,0,0,0,1,STABLE,BEGINNER,BASIC,0,EVENT_DRIVEN,0,0,1,2,4
WH-03621,NEW_IDEA,SAAS,31156,166,19.95,55.2,81.14,58.71,233.9,,0,0,VERY_HIGH,HIGH,1,50,1,0,MEDIUM,BEGINNER,99.95,1,NORMAL,0,0,1,8,16
WH-03622,PLANNED,EDUCATION,51312,32,9.1,4.85,16.45,34.55,178.7,,0,1,MEDIUM,HIGH,0,0,0,1,MEDIUM,ADVANCED,99.95,1,SEASONAL,0,0,0,2,8
WH-03623,LIVE_URL,SAAS,473540,3334,11.61,645.13,2683.74,421.16,240.9,84.0,1,1,HIGH,MEDIUM,0,0,0,0,RAPID,BEGINNER,99.9,0,EVENT_DRIVEN,0,1,1,32,64
WH-03624,PLANNED,SAAS,109758,206,10.91,37.46,56.19,32.99,210.9,,0,0,VERY_HIGH,VERY_HIGH,0,0,1,0,SLOW,BEGINNER,99.9,0,NORMAL,0,0,0,4,16
WH-03625,NEW_IDEA,CORPORATE,14433,9,5.4,0.81,1.4,18.03,58.2,,0,0,LOW,LOW,0,0,1,0,RAPID,BEGINNER,99.5,0,SEASONAL,0,0,0,2,4
WH-03626,PLANNED,SAAS,16352,194,23.86,77.15,293.16,26.44,38.2,,0,1,MEDIUM,HIGH,0,0,1,0,MEDIUM,INTERMEDIATE,99.5,0,EVENT_DRIVEN,0,0,1,16,32
WH-03627,PLANNED,ECOMMERCE,73704,193,17.48,56.23,181.05,29.95,53.2,,0,0,HIGH,HIGH,0,0,0,0,SLOW,BEGINNER,BASIC,0,SEASONAL,0,0,1,8,16
WH-03628,LIVE_URL,SAAS,120900,70,9.03,10.53,33.19,18.14,180.2,92.5,1,0,HIGH,MEDIUM,0,0,1,0,SLOW,BEGINNER,99.95,1,SEASONAL,0,0,0,2,16
WH-03629,LIVE_URL,CORPORATE,114702,147,1.94,4.75,5.61,27.9,10.0,65.0,1,0,LOW,LOW,0,0,0,0,MEDIUM,INTERMEDIATE,BASIC,0,NORMAL,0,0,1,2,4
WH-03630,LIVE_URL,NEWS,269244,244,6.03,24.52,31.63,52.54,49.7,66.5,1,0,LOW,MEDIUM,0,0,0,0,STABLE,ADVANCED,99.95,1,NORMAL,0,0,0,2,4
WH-03631,NEW_IDEA,API_SERVICE,19439,69,16.22,18.65,24.81,13.11,71.4,,0,0,MEDIUM,VERY_HIGH,0,0,0,0,RAPID,INTERMEDIATE,99.9,0,EVENING,0,0,0,2,4
WH-03632,PLANNED,BLOG,2180,13,2.82,0.61,1.11,26.81,17.5,,0,1,LOW,LOW,0,0,0,0,SLOW,BEGINNER,99.9,0,EVENING,0,1,0,2,4
WH-03633,PLANNED,SAAS,99396,51,10.85,9.22,27.02,34.15,41.0,,0,0,HIGH,MEDIUM,1,29,1,0,MEDIUM,INTERMEDIATE,BASIC,0,SEASONAL,0,0,1,2,8
WH-03634,NEW_IDEA,COMMUNITY,49090,300,5.79,28.95,38.5,47.42,18.6,,0,1,MEDIUM,MEDIUM,0,0,0,0,MEDIUM,BEGINNER,99.9,0,NORMAL,0,0,0,1,4
WH-03635,NEW_IDEA,BLOG,3584,12,3.88,0.78,1.18,8.0,15.2,,0,0,LOW,LOW,0,0,0,0,SLOW,INTERMEDIATE,99.9,0,NORMAL,0,0,1,2,4
WH-03636,LIVE_URL,INTERNAL_BUSINESS,3973,12,4.22,0.84,1.22,10.06,24.3,89.2,1,0,HIGH,LOW,0,0,0,0,MEDIUM,ADVANCED,99.9,0,BUSINESS_HOURS,0,0,0,2,8
WH-03637,NEW_IDEA,API_SERVICE,323391,239,30.21,120.34,256.32,51.78,25.6,,0,0,MEDIUM,VERY_HIGH,0,0,0,0,RAPID,ADVANCED,BASIC,0,SEASONAL,0,0,0,16,32
WH-03638,NEW_IDEA,SAAS,267092,3298,10.46,574.95,994.67,254.05,68.3,,0,1,MEDIUM,HIGH,0,0,0,0,SLOW,ADVANCED,99.9,0,BUSINESS_HOURS,0,1,0,32,64
WH-03639,LIVE_URL,BLOG,2371,16,3.05,0.81,0.98,51.19,10.0,69.8,1,0,LOW,LOW,0,0,1,0,STABLE,BEGINNER,99.95,1,NORMAL,0,0,0,2,4
WH-03640,PLANNED,SAAS,294540,2545,19.41,823.31,1350.22,757.97,182.7,,0,0,HIGH,VERY_HIGH,1,1406,0,0,RAPID,INTERMEDIATE,99.95,1,BUSINESS_HOURS,0,1,1,32,64
WH-03641,NEW_IDEA,SAAS,19226,329,10.0,54.83,121.18,17.39,28.8,,0,0,MEDIUM,HIGH,0,0,0,0,MEDIUM,BEGINNER,99.9,0,EVENT_DRIVEN,0,0,0,8,16
WH-03642,PLANNED,SAAS,246105,5421,20.58,1859.4,2156.91,168.95,114.1,,0,1,HIGH,MEDIUM,0,0,0,0,SLOW,INTERMEDIATE,99.9,0,NORMAL,0,0,0,32,64
WH-03643,NEW_IDEA,SAAS,654533,26,19.22,8.33,24.99,25.2,17.0,,0,1,MEDIUM,MEDIUM,0,0,1,0,SLOW,INTERMEDIATE,99.9,0,SEASONAL,0,0,1,1,8
WH-03644,LIVE_URL,SAAS,556065,2695,22.75,1021.85,3372.12,1286.72,114.8,,0,0,VERY_HIGH,HIGH,0,0,0,0,SLOW,BEGINNER,99.95,1,EVENT_DRIVEN,0,0,1,32,64
WH-03645,LIVE_URL,PORTFOLIO,957,17,3.64,1.03,1.59,14.39,74.2,72.3,1,0,LOW,LOW,0,0,0,0,MEDIUM,INTERMEDIATE,99.9,0,NORMAL,0,0,1,2,4
WH-03646,NEW_IDEA,MARKETPLACE,24600,384,19.1,122.24,145.47,39.05,156.7,,0,0,HIGH,HIGH,1,158,1,0,RAPID,INTERMEDIATE,99.99,1,NORMAL,0,0,1,16,32
WH-03647,LIVE_URL,API_SERVICE,124838,2088,31.44,1094.11,1958.46,194.85,17.1,76.1,1,1,MEDIUM,VERY_HIGH,0,0,1,0,RAPID,INTERMEDIATE,99.95,1,EVENING,0,0,0,32,64
WH-03648,PLANNED,PORTFOLIO,15538,5,2.08,0.17,0.33,10.6,16.9,,0,0,LOW,LOW,0,0,0,0,STABLE,INTERMEDIATE,99.99,1,BUSINESS_HOURS,0,0,0,2,4
WH-03649,LIVE_URL,EDUCATION,60126,449,10.74,80.37,102.07,85.94,39.1,73.8,1,0,HIGH,LOW,0,0,1,0,RAPID,INTERMEDIATE,99.9,0,NORMAL,0,0,1,4,8
WH-03650,LIVE_URL,ECOMMERCE,36893,1022,14.32,243.92,436.61,66.05,75.3,60.8,1,1,HIGH,HIGH,1,525,0,0,STABLE,BEGINNER,BASIC,0,SEASONAL,0,0,1,32,64
WH-03651,PLANNED,ECOMMERCE,370680,1228,8.14,166.6,198.25,26.36,304.5,,0,1,HIGH,HIGH,0,0,0,1,SLOW,INTERMEDIATE,99.9,0,NORMAL,0,0,0,16,32
WH-03652,PLANNED,API_SERVICE,41522,184,29.59,90.74,168.78,53.44,24.0,,0,1,MEDIUM,VERY_HIGH,0,0,1,0,SLOW,ADVANCED,99.95,1,SEASONAL,0,0,1,16,32
WH-03653,LIVE_URL,SAAS,54383,380,19.92,126.16,171.58,81.42,765.2,65.0,1,0,HIGH,HIGH,0,0,1,1,RAPID,ADVANCED,99.95,1,NORMAL,0,0,1,16,32
WH-03654,PLANNED,CORPORATE,12309,45,2.06,1.55,2.83,16.74,163.3,,0,0,LOW,LOW,0,0,0,1,SLOW,INTERMEDIATE,99.9,0,WEEKEND,0,0,0,1,4
WH-03655,LIVE_URL,SAAS,1079596,5543,15.15,1399.61,1777.5,263.81,812.5,37.9,1,1,HIGH,HIGH,0,0,1,1,STABLE,ADVANCED,99.95,1,NORMAL,0,1,1,32,64
WH-03656,PLANNED,NEWS,248363,5888,8.35,819.41,999.68,267.66,77.2,,0,0,MEDIUM,MEDIUM,0,0,0,0,SLOW,INTERMEDIATE,BASIC,0,NORMAL,0,0,0,32,64
WH-03657,LIVE_URL,SAAS,725308,284,18.14,85.86,167.43,22.25,42.5,53.4,1,0,HIGH,HIGH,0,0,1,0,STABLE,ADVANCED,99.9,0,WEEKEND,0,0,0,16,32
WH-03658,PLANNED,SAAS,268024,1474,12.68,311.51,426.76,96.04,72.9,,0,1,HIGH,MEDIUM,1,459,1,0,MEDIUM,INTERMEDIATE,99.95,1,NORMAL,0,0,1,32,64
WH-03659,LIVE_URL,PORTFOLIO,2333,21,2.36,0.83,2.09,23.8,67.3,98.0,1,0,LOW,LOW,0,0,0,0,STABLE,BEGINNER,99.5,0,EVENT_DRIVEN,0,0,0,2,4
WH-03660,PLANNED,ECOMMERCE,272274,183,11.93,36.39,132.81,30.21,179.9,,0,1,HIGH,VERY_HIGH,0,0,0,0,RAPID,INTERMEDIATE,99.9,0,EVENT_DRIVEN,0,0,1,8,16
WH-03661,PLANNED,CORPORATE,9168,17,1.59,0.45,0.71,19.1,72.3,,0,0,LOW,MEDIUM,0,0,0,0,RAPID,INTERMEDIATE,99.5,0,BUSINESS_HOURS,0,0,1,2,4
WH-03662,LIVE_URL,SAAS,559098,3528,8.63,507.44,639.38,104.16,26.4,43.5,1,1,HIGH,HIGH,0,0,1,0,SLOW,INTERMEDIATE,99.9,0,NORMAL,0,0,0,32,64
WH-03663,PLANNED,NEWS,1262187,1354,4.1,92.52,153.59,76.16,136.4,,0,1,MEDIUM,MEDIUM,0,0,0,1,RAPID,INTERMEDIATE,99.5,0,EVENING,0,0,1,4,8
WH-03664,LIVE_URL,MARKETPLACE,342482,3456,15.25,878.4,2960.21,612.77,241.8,58.3,1,0,VERY_HIGH,VERY_HIGH,1,2278,0,0,MEDIUM,BEGINNER,99.95,1,SEASONAL,0,0,0,32,64
WH-03665,NEW_IDEA,CORPORATE,2701,23,2.21,0.85,2.81,49.05,20.4,,0,0,LOW,LOW,0,0,0,0,STABLE,BEGINNER,99.99,1,SEASONAL,0,0,1,2,4
WH-03666,PLANNED,PORTFOLIO,4596,15,3.43,0.86,1.22,15.32,77.0,,0,1,LOW,LOW,0,0,0,1,STABLE,BEGINNER,99.9,0,WEEKEND,0,0,0,2,4
WH-03667,NEW_IDEA,API_SERVICE,1006701,2901,32.92,1591.68,2371.61,853.23,12.1,,0,1,MEDIUM,HIGH,1,1515,1,0,MEDIUM,BEGINNER,99.9,0,BUSINESS_HOURS,0,0,0,32,64
WH-03668,PLANNED,INTERNAL_BUSINESS,2227,44,2.23,1.64,2.04,22.25,79.6,,0,0,MEDIUM,MEDIUM,0,0,0,0,MEDIUM,INTERMEDIATE,99.9,0,WEEKEND,0,0,1,2,4
WH-03669,PLANNED,MARKETPLACE,1079561,3528,9.73,572.12,2071.09,854.62,79.5,,0,0,HIGH,HIGH,0,0,1,0,RAPID,INTERMEDIATE,99.95,1,EVENT_DRIVEN,0,1,1,32,64
WH-03670,LIVE_URL,ECOMMERCE,141794,71,16.04,18.98,23.16,18.47,725.0,64.6,1,1,HIGH,HIGH,0,0,1,1,SLOW,INTERMEDIATE,99.5,0,NORMAL,0,0,1,1,8
WH-03671,LIVE_URL,SAAS,128806,2576,16.01,687.36,2123.95,322.46,26.1,64.1,1,0,HIGH,HIGH,0,0,1,0,STABLE,INTERMEDIATE,99.9,0,SEASONAL,1,1,0,32,64
WH-03672,NEW_IDEA,NEWS,1353530,4266,8.08,574.49,712.37,237.79,112.8,,0,1,MEDIUM,HIGH,0,0,0,0,MEDIUM,INTERMEDIATE,99.5,0,NORMAL,0,0,0,32,64
WH-03673,PLANNED,SAAS,130576,471,21.35,167.6,289.94,115.97,68.5,,0,0,HIGH,MEDIUM,1,333,0,0,SLOW,INTERMEDIATE,99.95,1,BUSINESS_HOURS,0,0,1,16,32
WH-03674,LIVE_URL,API_SERVICE,80464,1601,28.16,751.4,1540.38,312.11,114.6,83.8,1,1,HIGH,VERY_HIGH,1,1110,0,0,STABLE,ADVANCED,99.99,1,SEASONAL,0,1,1,32,64
WH-03675,LIVE_URL,EDUCATION,147376,109,9.82,17.84,26.58,12.83,22.2,69.0,1,0,MEDIUM,MEDIUM,0,0,0,0,STABLE,BEGINNER,99.9,0,NORMAL,0,0,1,1,8
WH-03676,PLANNED,MARKETPLACE,885860,2447,9.99,407.43,708.92,122.2,36.3,,0,1,HIGH,VERY_HIGH,0,0,0,0,MEDIUM,BEGINNER,99.95,1,BUSINESS_HOURS,0,0,0,32,64
WH-03677,NEW_IDEA,SAAS,152509,2638,21.29,936.05,3407.22,415.84,57.5,,0,0,HIGH,VERY_HIGH,0,0,0,0,RAPID,BEGINNER,99.9,0,EVENT_DRIVEN,0,0,1,32,64
WH-03678,LIVE_URL,MARKETPLACE,787380,4043,15.14,1020.18,1856.73,378.81,41.2,75.4,1,1,MEDIUM,HIGH,1,2747,1,0,RAPID,ADVANCED,99.5,0,BUSINESS_HOURS,0,1,1,32,64
WH-03679,LIVE_URL,CORPORATE,21712,35,5.84,3.41,4.94,44.5,40.0,59.2,1,0,LOW,LOW,0,0,0,0,MEDIUM,INTERMEDIATE,99.95,1,BUSINESS_HOURS,0,0,0,2,4
WH-03680,PLANNED,SAAS,1711524,5172,19.33,1666.25,2665.99,467.47,51.5,,0,0,HIGH,HIGH,0,0,1,0,MEDIUM,ADVANCED,99.95,1,BUSINESS_HOURS,1,0,1,32,64
WH-03681,LIVE_URL,CORPORATE,4982,6,3.18,0.32,0.59,24.87,27.2,61.5,1,0,LOW,MEDIUM,0,0,0,0,SLOW,INTERMEDIATE,BASIC,0,WEEKEND,0,0,1,1,4
WH-03682,PLANNED,PORTFOLIO,5009,4,2.06,0.14,0.44,22.2,13.3,,0,1,LOW,LOW,0,0,0,0,RAPID,BEGINNER,99.9,0,EVENT_DRIVEN,0,0,0,1,4
WH-03683,NEW_IDEA,SAAS,1291816,6153,17.0,1743.35,2737.06,592.03,83.9,,0,1,HIGH,HIGH,0,0,1,0,MEDIUM,BEGINNER,99.95,1,BUSINESS_HOURS,1,0,0,32,64
WH-03684,LIVE_URL,BLOG,17523,37,2.22,1.37,2.67,22.91,76.7,73.2,1,0,LOW,LOW,0,0,0,0,MEDIUM,INTERMEDIATE,99.5,0,BUSINESS_HOURS,0,1,0,2,4
WH-03685,LIVE_URL,ECOMMERCE,121758,76,16.93,21.44,76.13,26.97,156.3,80.2,1,0,HIGH,HIGH,0,0,1,0,SLOW,INTERMEDIATE,99.95,1,EVENT_DRIVEN,0,0,1,8,16
WH-03686,LIVE_URL,MARKETPLACE,18244,89,19.41,28.79,52.98,54.69,39.3,63.3,1,0,HIGH,HIGH,0,0,0,0,RAPID,BEGINNER,99.99,1,SEASONAL,0,0,0,4,8
WH-03687,NEW_IDEA,SAAS,1104353,2832,23.81,1123.83,1798.13,520.66,32.3,,0,0,HIGH,VERY_HIGH,0,0,1,0,RAPID,ADVANCED,99.95,1,BUSINESS_HOURS,1,0,0,32,64
WH-03688,PLANNED,PORTFOLIO,10126,39,1.66,1.08,1.39,13.0,18.7,,0,0,LOW,LOW,0,0,0,0,SLOW,ADVANCED,99.9,0,NORMAL,0,0,1,1,4
WH-03689,PLANNED,COMMUNITY,8196,18,9.07,2.72,4.73,18.07,103.0,,0,0,MEDIUM,MEDIUM,0,0,0,0,RAPID,ADVANCED,99.9,0,EVENING,0,0,0,1,4
WH-03690,LIVE_URL,API_SERVICE,1265521,6699,25.28,2822.51,9709.44,2074.82,87.9,79.9,1,0,MEDIUM,VERY_HIGH,0,0,0,0,RAPID,INTERMEDIATE,99.9,0,SEASONAL,0,0,0,32,64
WH-03691,LIVE_URL,NEWS,413542,111,8.24,15.24,29.73,55.06,109.8,62.1,1,1,MEDIUM,LOW,0,0,0,1,MEDIUM,BEGINNER,99.9,0,EVENING,0,0,0,2,4
WH-03692,LIVE_URL,BLOG,13479,16,2.86,0.76,1.18,21.55,10.0,71.8,1,1,LOW,LOW,0,0,0,0,STABLE,BEGINNER,BASIC,0,WEEKEND,0,0,0,2,4
WH-03693,NEW_IDEA,ECOMMERCE,549196,1781,7.13,211.64,387.31,58.33,52.6,,0,0,HIGH,HIGH,0,0,1,0,RAPID,BEGINNER,BASIC,0,BUSINESS_HOURS,0,0,1,32,64
WH-03694,NEW_IDEA,MARKETPLACE,96797,2542,19.19,813.02,1048.79,260.47,160.8,,0,1,HIGH,HIGH,0,0,1,0,STABLE,BEGINNER,99.9,0,NORMAL,0,1,1,32,64
WH-03695,LIVE_URL,CORPORATE,58979,5,3.82,0.32,0.47,8.0,12.3,48.1,1,0,LOW,LOW,1,4,0,0,MEDIUM,BEGINNER,99.99,1,NORMAL,0,0,0,2,4
WH-03696,PLANNED,SAAS,40077,621,5.9,61.07,117.86,22.43,132.6,,0,0,HIGH,HIGH,0,0,1,0,RAPID,INTERMEDIATE,99.9,0,EVENING,0,0,0,8,16
WH-03697,PLANNED,API_SERVICE,1431858,40,20.83,13.89,26.25,17.87,75.2,,0,1,MEDIUM,VERY_HIGH,0,0,1,1,SLOW,ADVANCED,99.99,1,WEEKEND,0,0,0,4,8
WH-03698,NEW_IDEA,API_SERVICE,131278,46,25.9,19.86,30.18,18.2,12.8,,0,1,MEDIUM,VERY_HIGH,0,0,0,0,SLOW,INTERMEDIATE,99.9,0,WEEKEND,0,0,1,2,4
WH-03699,LIVE_URL,ECOMMERCE,645115,174,10.91,31.64,42.08,23.14,85.3,65.7,1,0,HIGH,HIGH,1,129,1,0,MEDIUM,INTERMEDIATE,BASIC,0,BUSINESS_HOURS,0,0,1,4,8
WH-03700,NEW_IDEA,PORTFOLIO,2718,41,2.42,1.65,3.22,22.45,62.8,,0,0,LOW,LOW,0,0,0,0,SLOW,BEGINNER,99.99,1,BUSINESS_HOURS,0,0,1,2,4
WH-03701,LIVE_URL,BLOG,7240,12,3.39,0.68,1.19,41.51,10.0,65.1,1,1,LOW,LOW,0,0,1,0,RAPID,BEGINNER,99.5,0,SEASONAL,0,1,0,2,4
WH-03702,NEW_IDEA,SAAS,6438,61,13.08,13.3,27.93,24.82,55.9,,0,0,HIGH,HIGH,0,0,1,0,MEDIUM,INTERMEDIATE,99.9,0,SEASONAL,0,0,1,2,8
WH-03703,PLANNED,COMMUNITY,71179,446,7.01,52.11,76.08,38.03,133.8,,0,0,HIGH,LOW,0,0,1,0,SLOW,BEGINNER,99.9,0,EVENING,0,0,0,4,8
WH-03704,PLANNED,INTERNAL_BUSINESS,870,3,5.67,0.28,0.45,21.02,81.6,,0,0,MEDIUM,MEDIUM,0,0,0,0,SLOW,INTERMEDIATE,BASIC,0,BUSINESS_HOURS,0,0,0,2,4
WH-03705,PLANNED,PORTFOLIO,505,8,2.67,0.36,0.54,20.61,49.1,,0,1,LOW,LOW,0,0,1,0,STABLE,BEGINNER,99.9,0,EVENING,0,0,0,2,4
WH-03706,PLANNED,CORPORATE,3400,14,3.52,0.82,0.99,8.0,30.9,,0,1,LOW,LOW,0,0,1,0,MEDIUM,BEGINNER,99.9,0,NORMAL,0,0,1,1,4
WH-03707,PLANNED,SAAS,5734,60,10.84,10.84,22.33,38.45,148.7,,0,1,VERY_HIGH,HIGH,0,0,1,0,SLOW,INTERMEDIATE,99.9,0,WEEKEND,0,0,1,2,16
WH-03708,LIVE_URL,BLOG,44629,6,5.0,0.5,2.06,16.75,27.0,70.7,1,0,LOW,LOW,0,0,0,0,STABLE,INTERMEDIATE,99.95,1,EVENT_DRIVEN,0,0,0,2,4
WH-03709,LIVE_URL,SAAS,478539,2783,16.39,760.22,2060.2,173.6,58.7,47.7,1,1,HIGH,VERY_HIGH,0,0,1,0,SLOW,INTERMEDIATE,99.5,0,SEASONAL,0,1,1,32,64
WH-03710,PLANNED,NEWS,46192,362,7.27,43.86,79.39,25.78,50.8,,0,0,LOW,HIGH,0,0,0,0,SLOW,BEGINNER,99.9,0,BUSINESS_HOURS,0,0,0,2,4
WH-03711,PLANNED,MARKETPLACE,603832,2205,19.48,715.89,2090.4,328.77,248.6,,0,0,HIGH,HIGH,0,0,1,1,SLOW,INTERMEDIATE,BASIC,0,EVENT_DRIVEN,1,1,1,32,64
WH-03712,NEW_IDEA,CORPORATE,24753,34,3.97,2.25,4.09,14.8,52.4,,0,1,LOW,LOW,0,0,1,0,SLOW,BEGINNER,99.95,1,WEEKEND,0,0,0,2,4
WH-03713,LIVE_URL,BLOG,14766,80,4.48,5.97,12.78,29.69,10.0,67.2,1,0,LOW,LOW,0,0,0,0,RAPID,BEGINNER,99.95,1,EVENT_DRIVEN,0,0,0,2,4
WH-03714,PLANNED,SAAS,44257,1153,18.04,346.67,676.0,521.51,155.6,,0,0,VERY_HIGH,HIGH,1,849,0,0,RAPID,ADVANCED,99.95,1,EVENING,0,1,1,32,64
WH-03715,PLANNED,ECOMMERCE,137157,2585,11.63,501.06,816.73,198.25,64.5,,0,1,HIGH,VERY_HIGH,0,0,1,0,RAPID,INTERMEDIATE,99.5,0,EVENING,0,0,1,32,64
WH-03716,PLANNED,SAAS,1179896,6214,19.54,2023.69,2610.56,414.11,160.3,,0,0,HIGH,HIGH,1,1783,0,0,SLOW,ADVANCED,99.9,0,NORMAL,0,0,1,32,64
WH-03717,LIVE_URL,MARKETPLACE,1231588,5959,16.51,1639.72,3213.85,491.75,452.0,57.9,1,1,MEDIUM,HIGH,0,0,1,1,SLOW,INTERMEDIATE,99.9,0,BUSINESS_HOURS,1,0,1,32,64
WH-03718,NEW_IDEA,API_SERVICE,1463595,1303,34.92,758.35,1539.44,385.67,29.8,,0,1,MEDIUM,VERY_HIGH,0,0,0,0,RAPID,ADVANCED,99.95,1,EVENING,0,1,0,32,64
WH-03719,LIVE_URL,SAAS,95878,376,17.64,110.54,160.29,105.17,104.3,69.3,1,0,HIGH,HIGH,0,0,1,0,SLOW,BEGINNER,99.95,1,NORMAL,0,0,1,16,32
WH-03720,NEW_IDEA,API_SERVICE,146626,1916,33.17,1059.23,2107.87,233.21,72.9,,0,0,LOW,VERY_HIGH,1,952,1,0,SLOW,BEGINNER,99.95,1,EVENING,0,0,0,32,32
WH-03721,LIVE_URL,NEWS,26385,286,2.58,12.3,19.92,23.45,15.1,56.5,1,0,LOW,LOW,0,0,0,0,RAPID,BEGINNER,99.95,1,EVENING,0,0,0,2,4
WH-03722,NEW_IDEA,SAAS,1745134,5566,22.43,2080.76,6346.31,695.11,51.5,,0,0,HIGH,HIGH,0,0,0,0,MEDIUM,BEGINNER,99.5,0,SEASONAL,0,0,1,32,64
WH-03723,PLANNED,NEWS,735903,2820,8.86,416.42,657.94,207.95,126.3,,0,1,MEDIUM,MEDIUM,1,994,1,0,RAPID,INTERMEDIATE,99.95,1,WEEKEND,0,1,0,32,64
WH-03724,LIVE_URL,MEDIA_STREAMING,44245,701,3.89,45.45,181.34,49.94,83.5,65.2,1,1,MEDIUM,MEDIUM,0,0,0,1,MEDIUM,BEGINNER,99.9,0,EVENT_DRIVEN,0,0,0,8,16
WH-03725,LIVE_URL,COMMUNITY,5680,64,8.82,9.41,33.4,26.26,12.8,83.5,1,0,MEDIUM,MEDIUM,0,0,1,0,SLOW,BEGINNER,99.5,0,EVENT_DRIVEN,0,0,0,2,4
WH-03726,NEW_IDEA,PORTFOLIO,28374,11,2.8,0.51,1.48,24.23,10.0,,0,0,LOW,LOW,0,0,0,0,STABLE,INTERMEDIATE,99.9,0,SEASONAL,0,0,0,2,4
WH-03727,NEW_IDEA,EDUCATION,35682,112,7.93,14.8,26.2,50.64,64.1,,0,1,HIGH,MEDIUM,0,0,0,0,MEDIUM,BEGINNER,99.9,0,BUSINESS_HOURS,0,0,1,1,8
WH-03728,PLANNED,CORPORATE,15084,111,4.13,7.64,14.44,13.71,72.5,,0,1,LOW,LOW,0,0,0,0,MEDIUM,INTERMEDIATE,99.9,0,SEASONAL,0,0,1,2,4
WH-03729,PLANNED,BLOG,9586,23,2.94,1.13,2.23,28.26,166.4,,0,0,LOW,LOW,0,0,0,1,SLOW,INTERMEDIATE,99.99,1,BUSINESS_HOURS,0,0,0,2,4
WH-03730,NEW_IDEA,ECOMMERCE,32000,133,8.46,18.75,39.76,16.69,145.3,,0,1,MEDIUM,HIGH,0,0,1,0,SLOW,ADVANCED,99.9,0,SEASONAL,0,0,1,2,8
WH-03731,PLANNED,CORPORATE,5330,50,3.86,3.22,4.12,38.39,10.0,,0,1,LOW,LOW,0,0,0,0,SLOW,BEGINNER,99.5,0,NORMAL,0,0,0,2,4
WH-03732,PLANNED,COMMUNITY,35708,84,9.33,13.06,20.77,23.68,148.1,,0,1,MEDIUM,MEDIUM,0,0,0,0,STABLE,ADVANCED,99.5,0,WEEKEND,0,0,1,1,4
WH-03733,PLANNED,PORTFOLIO,528,10,3.81,0.64,1.24,14.18,97.4,,0,1,LOW,LOW,0,0,0,1,MEDIUM,BEGINNER,99.9,0,EVENING,0,0,0,2,4
WH-03734,PLANNED,ECOMMERCE,50935,1201,7.74,154.93,227.75,35.15,83.3,,0,0,HIGH,HIGH,0,0,1,0,MEDIUM,BEGINNER,99.9,0,NORMAL,0,0,1,16,32
WH-03735,LIVE_URL,ECOMMERCE,355104,3369,14.0,786.1,1297.07,276.14,94.7,61.2,1,0,HIGH,HIGH,0,0,1,0,MEDIUM,INTERMEDIATE,99.9,0,BUSINESS_HOURS,0,0,1,32,64
WH-03736,LIVE_URL,MARKETPLACE,43570,269,14.34,64.29,75.22,43.6,88.3,70.9,1,1,HIGH,VERY_HIGH,0,0,0,0,STABLE,INTERMEDIATE,99.9,0,NORMAL,0,0,0,4,8
WH-03737,PLANNED,SAAS,12181,139,16.9,39.15,122.54,25.59,89.4,,0,0,HIGH,HIGH,0,0,1,0,STABLE,BEGINNER,99.9,0,EVENT_DRIVEN,0,0,0,8,16
WH-03738,PLANNED,CORPORATE,103305,104,3.17,5.49,8.57,31.88,63.3,,0,0,LOW,LOW,0,0,0,0,MEDIUM,BEGINNER,99.9,0,EVENING,0,0,0,1,4
WH-03739,LIVE_URL,CORPORATE,85652,33,2.82,1.55,2.4,34.9,76.9,66.4,1,0,LOW,LOW,0,0,0,0,SLOW,INTERMEDIATE,99.99,1,NORMAL,0,0,0,2,4
WH-03740,PLANNED,NEWS,956318,57,4.74,4.5,6.57,64.19,362.5,,0,1,MEDIUM,MEDIUM,0,0,1,1,SLOW,ADVANCED,99.9,0,WEEKEND,0,0,0,1,8
WH-03741,PLANNED,CORPORATE,28470,147,3.83,9.38,30.68,25.17,15.3,,0,0,LOW,LOW,0,0,0,0,STABLE,BEGINNER,99.9,0,EVENT_DRIVEN,0,0,1,2,4
WH-03742,LIVE_URL,SAAS,30943,32,14.67,7.82,20.66,12.46,12.0,58.3,1,1,MEDIUM,MEDIUM,1,23,0,0,MEDIUM,INTERMEDIATE,99.9,0,EVENT_DRIVEN,0,0,0,1,4
WH-03743,PLANNED,ECOMMERCE,306913,530,17.47,154.32,205.24,61.47,64.1,,0,1,HIGH,MEDIUM,0,0,0,0,STABLE,INTERMEDIATE,99.9,0,EVENING,0,0,1,8,16
WH-03744,LIVE_URL,API_SERVICE,741193,5261,27.38,2400.77,9218.96,4382.87,37.0,81.3,1,1,MEDIUM,VERY_HIGH,0,0,1,0,MEDIUM,INTERMEDIATE,99.95,1,EVENT_DRIVEN,0,1,1,32,64
WH-03745,PLANNED,ECOMMERCE,65198,83,9.44,13.06,19.33,90.53,256.9,,0,1,MEDIUM,HIGH,0,0,1,1,RAPID,BEGINNER,99.9,0,NORMAL,0,0,1,2,8
WH-03746,NEW_IDEA,API_SERVICE,433434,3576,32.7,1948.92,3215.72,338.4,12.8,,0,1,MEDIUM,VERY_HIGH,1,2068,1,0,SLOW,INTERMEDIATE,99.99,1,WEEKEND,0,1,0,32,64
WH-03747,NEW_IDEA,BLOG,25983,15,2.89,0.72,0.99,8.0,50.8,,0,1,LOW,LOW,0,0,0,0,MEDIUM,BEGINNER,99.99,1,EVENING,0,0,1,2,4
WH-03748,LIVE_URL,SAAS,85690,2318,20.4,788.12,1355.57,172.15,42.7,,0,0,HIGH,HIGH,1,1126,0,0,MEDIUM,ADVANCED,99.95,1,WEEKEND,0,0,0,32,64
WH-03749,PLANNED,NEWS,87106,2329,6.91,268.22,337.96,144.6,97.6,,0,0,HIGH,MEDIUM,0,0,0,1,MEDIUM,ADVANCED,99.99,1,NORMAL,0,0,0,16,32
WH-03750,PLANNED,SAAS,295731,55,20.07,18.4,30.72,22.36,82.3,,0,1,HIGH,HIGH,0,0,1,0,RAPID,BEGINNER,99.95,1,BUSINESS_HOURS,0,0,0,2,8
WH-03751,NEW_IDEA,SAAS,587206,6113,17.48,1780.92,2368.62,301.4,304.0,,0,1,VERY_HIGH,HIGH,0,0,1,0,MEDIUM,INTERMEDIATE,99.99,1,NORMAL,0,0,1,32,64
WH-03752,NEW_IDEA,CORPORATE,3130,6,2.83,0.28,0.49,11.33,15.3,,0,0,LOW,MEDIUM,0,0,0,0,STABLE,INTERMEDIATE,99.5,0,WEEKEND,0,0,1,2,4
WH-03753,PLANNED,ECOMMERCE,36224,227,15.32,57.96,82.3,39.79,108.3,,0,1,MEDIUM,MEDIUM,0,0,0,0,MEDIUM,BEGINNER,99.9,0,NORMAL,0,1,0,4,8
WH-03754,PLANNED,NEWS,663346,4773,8.51,676.97,2450.63,146.43,103.2,,0,1,MEDIUM,LOW,0,0,0,0,MEDIUM,INTERMEDIATE,99.95,1,EVENT_DRIVEN,1,0,1,32,64
WH-03755,PLANNED,BLOG,70482,109,2.91,5.29,10.2,64.6,34.2,,0,0,LOW,MEDIUM,0,0,1,0,STABLE,INTERMEDIATE,99.95,1,BUSINESS_HOURS,0,0,0,2,4
WH-03756,PLANNED,SAAS,23260,603,8.17,82.11,255.36,70.85,41.0,,0,1,HIGH,VERY_HIGH,0,0,1,0,MEDIUM,BEGINNER,99.9,0,SEASONAL,0,0,0,16,32
WH-03757,PLANNED,SAAS,5960,93,21.78,33.76,75.62,23.95,50.1,,0,0,MEDIUM,HIGH,1,45,0,0,STABLE,BEGINNER,99.9,0,SEASONAL,0,0,1,4,8
WH-03758,PLANNED,NEWS,161450,123,7.63,15.64,21.9,21.4,342.7,,0,1,MEDIUM,MEDIUM,0,0,0,1,MEDIUM,ADVANCED,99.9,0,NORMAL,0,0,0,1,8
WH-03759,LIVE_URL,BLOG,9657,47,2.69,2.11,3.2,18.68,50.5,,0,0,LOW,LOW,0,0,1,0,MEDIUM,INTERMEDIATE,99.9,0,NORMAL,0,0,0,1,4
WH-03760,PLANNED,SAAS,1573904,3815,21.68,1378.49,2867.25,226.73,13.5,,0,0,MEDIUM,HIGH,0,0,0,0,SLOW,BEGINNER,99.9,0,EVENING,1,1,0,32,64
WH-03761,LIVE_URL,API_SERVICE,60190,1403,31.43,734.94,2351.8,358.76,111.3,,0,0,MEDIUM,VERY_HIGH,0,0,0,0,MEDIUM,BEGINNER,99.99,1,EVENT_DRIVEN,1,0,1,32,64
WH-03762,LIVE_URL,SAAS,96506,2626,17.72,775.55,1946.62,145.77,77.9,65.8,1,0,MEDIUM,HIGH,1,584,0,0,SLOW,INTERMEDIATE,99.9,0,SEASONAL,1,1,0,32,64
WH-03763,LIVE_URL,BLOG,14219,111,4.21,7.79,10.75,20.74,25.9,96.1,1,0,LOW,LOW,0,0,0,0,MEDIUM,INTERMEDIATE,99.99,1,BUSINESS_HOURS,0,0,0,2,4
WH-03764,PLANNED,CORPORATE,56841,9,5.62,0.84,2.4,10.64,20.1,,0,0,LOW,LOW,0,0,0,0,MEDIUM,BEGINNER,99.9,0,SEASONAL,0,0,1,2,4
WH-03765,LIVE_URL,SAAS,19468,294,10.64,52.14,77.16,40.3,112.3,63.7,1,1,VERY_HIGH,HIGH,0,0,0,0,STABLE,INTERMEDIATE,99.9,0,EVENING,0,0,1,8,16
WH-03766,PLANNED,BLOG,2791,16,2.82,0.75,1.54,9.35,283.0,,0,0,LOW,LOW,0,0,1,1,RAPID,INTERMEDIATE,99.5,0,EVENING,0,0,0,2,4
WH-03767,LIVE_URL,MARKETPLACE,406713,5228,16.2,1411.56,1947.95,128.23,117.1,71.0,1,0,HIGH,MEDIUM,1,4068,0,0,STABLE,ADVANCED,99.95,1,NORMAL,1,0,1,32,64
WH-03768,PLANNED,API_SERVICE,559832,3884,34.0,2200.93,3125.33,716.22,11.7,,0,0,MEDIUM,VERY_HIGH,0,0,0,0,SLOW,INTERMEDIATE,99.9,0,EVENING,0,0,0,32,64
WH-03769,LIVE_URL,ECOMMERCE,103684,179,6.77,20.2,42.62,16.65,89.9,57.9,1,0,HIGH,HIGH,0,0,1,0,MEDIUM,INTERMEDIATE,99.95,1,WEEKEND,0,0,1,4,8
WH-03770,PLANNED,MEDIA_STREAMING,75099,907,7.4,111.86,295.32,19.58,66.1,,0,0,MEDIUM,HIGH,0,0,0,1,RAPID,INTERMEDIATE,99.9,0,SEASONAL,0,1,1,16,32
WH-03771,LIVE_URL,SAAS,804159,1153,23.75,456.4,575.06,144.2,51.1,77.2,1,0,MEDIUM,HIGH,0,0,0,0,SLOW,BEGINNER,99.95,1,NORMAL,0,0,1,32,64
WH-03772,LIVE_URL,BLOG,9778,23,2.81,1.08,1.84,19.93,10.0,86.1,1,1,LOW,LOW,0,0,0,0,MEDIUM,BEGINNER,BASIC,0,EVENING,0,0,0,2,4
WH-03773,PLANNED,EDUCATION,11435,40,3.09,2.06,4.1,8.0,93.0,,0,0,HIGH,MEDIUM,1,33,0,0,SLOW,ADVANCED,99.9,0,BUSINESS_HOURS,0,0,1,1,8
WH-03774,LIVE_URL,ECOMMERCE,147134,158,11.45,30.15,42.82,144.04,113.7,83.3,1,1,VERY_HIGH,HIGH,0,0,1,0,STABLE,ADVANCED,99.95,1,NORMAL,0,0,0,4,16
WH-03775,PLANNED,BLOG,59441,40,2.62,1.75,5.92,8.0,34.2,,0,1,LOW,LOW,0,0,0,0,MEDIUM,INTERMEDIATE,99.5,0,EVENT_DRIVEN,0,0,1,1,4
WH-03776,LIVE_URL,MARKETPLACE,128893,145,10.49,25.35,53.74,22.64,19.8,77.2,1,0,MEDIUM,HIGH,1,89,1,0,SLOW,BEGINNER,99.9,0,SEASONAL,0,0,1,4,8
WH-03777,PLANNED,ECOMMERCE,35844,300,15.37,76.85,102.98,130.47,282.1,,0,0,HIGH,HIGH,0,0,1,1,STABLE,BEGINNER,99.99,1,NORMAL,0,0,1,8,16
WH-03778,NEW_IDEA,ECOMMERCE,44020,160,9.24,24.64,30.31,34.43,231.1,,0,0,HIGH,VERY_HIGH,1,33,1,1,RAPID,INTERMEDIATE,99.95,1,NORMAL,0,0,1,4,16
WH-03779,PLANNED,SAAS,27030,596,5.31,52.75,71.21,48.37,115.5,,0,1,VERY_HIGH,VERY_HIGH,0,0,0,0,MEDIUM,BEGINNER,99.99,1,NORMAL,0,0,0,8,16
WH-03780,NEW_IDEA,NEWS,171843,400,5.58,37.2,56.54,42.46,282.8,,0,0,MEDIUM,HIGH,0,0,0,1,STABLE,INTERMEDIATE,BASIC,0,EVENING,0,0,0,2,8
WH-03781,LIVE_URL,ECOMMERCE,276554,137,9.19,20.98,26.65,30.89,82.3,77.7,1,1,HIGH,HIGH,0,0,1,0,SLOW,BEGINNER,99.9,0,NORMAL,0,0,1,2,8
WH-03782,PLANNED,SAAS,850242,1248,22.72,472.58,1602.03,261.4,172.7,,0,1,HIGH,HIGH,1,656,0,0,RAPID,INTERMEDIATE,99.9,0,SEASONAL,1,0,1,32,64
WH-03783,NEW_IDEA,CORPORATE,5226,5,5.19,0.43,0.51,16.56,50.1,,0,1,LOW,LOW,0,0,0,0,MEDIUM,ADVANCED,99.95,1,NORMAL,0,0,0,2,4
WH-03784,NEW_IDEA,EDUCATION,11194,68,8.02,9.09,10.63,8.0,28.1,,0,1,MEDIUM,MEDIUM,0,0,0,0,SLOW,INTERMEDIATE,99.9,0,NORMAL,0,0,0,2,4
WH-03785,LIVE_URL,MARKETPLACE,985728,182,18.6,56.42,139.36,25.83,54.6,51.8,1,1,HIGH,HIGH,1,147,1,0,MEDIUM,INTERMEDIATE,99.5,0,SEASONAL,0,0,1,8,16
WH-03786,LIVE_URL,SAAS,586968,3710,15.12,934.92,2253.16,320.17,50.6,64.2,1,0,MEDIUM,MEDIUM,0,0,0,0,MEDIUM,INTERMEDIATE,BASIC,0,EVENT_DRIVEN,0,0,0,32,64
WH-03787,PLANNED,MARKETPLACE,120810,2419,15.55,626.92,1260.12,252.95,30.5,,0,1,MEDIUM,HIGH,0,0,0,0,RAPID,ADVANCED,99.95,1,EVENING,0,1,0,32,64
WH-03788,LIVE_URL,CORPORATE,26531,22,2.06,0.76,2.38,30.44,58.2,96.5,1,0,LOW,LOW,0,0,1,0,MEDIUM,BEGINNER,99.9,0,EVENT_DRIVEN,0,0,1,1,4
WH-03789,PLANNED,COMMUNITY,5528,30,4.83,2.42,3.98,10.65,36.3,,0,1,LOW,MEDIUM,0,0,1,1,SLOW,ADVANCED,99.99,1,EVENING,0,0,0,2,8
WH-03790,PLANNED,API_SERVICE,304097,3962,34.16,2255.7,3225.65,253.19,81.8,,0,1,MEDIUM,VERY_HIGH,0,0,0,0,RAPID,INTERMEDIATE,99.9,0,NORMAL,0,1,1,32,64
WH-03791,PLANNED,CORPORATE,8239,7,2.46,0.29,0.36,8.0,17.5,,0,0,LOW,LOW,0,0,0,0,STABLE,BEGINNER,99.95,1,NORMAL,0,0,0,2,4
WH-03792,PLANNED,SAAS,20458,70,20.74,24.2,31.7,36.05,34.6,,0,0,HIGH,HIGH,0,0,1,0,STABLE,ADVANCED,99.99,1,NORMAL,0,0,0,2,8
WH-03793,PLANNED,SAAS,592084,4541,20.57,1556.81,2070.55,635.27,102.3,,0,1,HIGH,HIGH,0,0,1,0,RAPID,BEGINNER,99.9,0,BUSINESS_HOURS,0,1,1,32,64
WH-03794,NEW_IDEA,SAAS,907424,2627,8.11,355.08,1189.53,154.1,22.1,,0,0,MEDIUM,HIGH,0,0,0,0,SLOW,INTERMEDIATE,99.9,0,EVENT_DRIVEN,0,1,0,32,64
WH-03795,NEW_IDEA,ECOMMERCE,24255,184,8.02,24.59,63.7,23.77,47.7,,0,1,HIGH,HIGH,0,0,0,0,MEDIUM,INTERMEDIATE,99.95,1,EVENT_DRIVEN,0,0,1,4,8
WH-03796,LIVE_URL,ECOMMERCE,116435,2314,15.31,590.46,1741.84,351.68,33.2,63.2,1,0,HIGH,HIGH,0,0,0,0,RAPID,ADVANCED,99.5,0,SEASONAL,0,0,1,32,64
WH-03797,PLANNED,SAAS,116983,362,16.71,100.82,311.52,91.17,62.2,,0,1,MEDIUM,HIGH,1,176,0,0,SLOW,INTERMEDIATE,99.9,0,SEASONAL,0,0,0,16,32
WH-03798,LIVE_URL,API_SERVICE,974158,1261,15.77,331.43,802.07,194.92,85.2,,0,1,MEDIUM,VERY_HIGH,0,0,0,0,MEDIUM,INTERMEDIATE,BASIC,0,SEASONAL,0,0,0,32,64
WH-03799,NEW_IDEA,EDUCATION,8558,131,10.54,23.01,32.91,18.57,22.8,,0,1,MEDIUM,MEDIUM,0,0,0,0,SLOW,BEGINNER,99.9,0,BUSINESS_HOURS,0,0,0,2,4
WH-03800,NEW_IDEA,SAAS,24528,218,16.19,58.82,169.41,14.45,18.5,,0,1,MEDIUM,HIGH,0,0,0,0,SLOW,BEGINNER,99.5,0,SEASONAL,0,0,0,8,16
WH-03801,LIVE_URL,ECOMMERCE,185399,446,8.0,59.47,221.22,41.6,45.0,62.1,1,1,HIGH,HIGH,0,0,0,0,MEDIUM,BEGINNER,BASIC,0,EVENT_DRIVEN,0,0,1,16,32
WH-03802,PLANNED,SAAS,504164,6206,14.18,1466.68,2522.7,512.34,43.8,,0,1,HIGH,MEDIUM,0,0,0,0,SLOW,BEGINNER,99.99,1,EVENING,0,0,0,32,64
WH-03803,PLANNED,EDUCATION,295171,34,8.85,5.01,6.67,65.54,79.6,,0,0,MEDIUM,HIGH,0,0,0,0,SLOW,ADVANCED,99.95,1,NORMAL,0,0,0,2,8
WH-03804,NEW_IDEA,INTERNAL_BUSINESS,284,3,3.67,0.18,0.54,28.99,13.9,,0,0,MEDIUM,MEDIUM,0,0,0,0,MEDIUM,ADVANCED,BASIC,0,EVENT_DRIVEN,0,0,0,1,4
WH-03805,LIVE_URL,CORPORATE,7865,14,2.79,0.65,1.14,16.98,26.7,74.5,1,0,LOW,LOW,0,0,0,0,MEDIUM,BEGINNER,99.99,1,BUSINESS_HOURS,0,0,0,2,4
WH-03806,NEW_IDEA,API_SERVICE,346287,4597,25.96,1988.97,2346.98,291.37,39.7,,0,0,MEDIUM,VERY_HIGH,1,3660,0,0,MEDIUM,INTERMEDIATE,99.9,0,NORMAL,1,0,0,32,64
WH-03807,PLANNED,MARKETPLACE,41547,221,13.48,49.65,87.39,33.74,467.0,,0,1,MEDIUM,HIGH,1,127,0,1,MEDIUM,INTERMEDIATE,99.9,0,WEEKEND,0,0,1,4,8
WH-03808,LIVE_URL,BLOG,13462,35,2.5,1.46,2.92,24.77,21.7,79.6,1,0,LOW,LOW,0,0,0,0,STABLE,BEGINNER,99.9,0,EVENING,0,0,1,1,4
WH-03809,LIVE_URL,SAAS,602001,493,19.78,162.53,208.03,58.71,161.2,76.4,1,1,HIGH,MEDIUM,0,0,1,1,STABLE,ADVANCED,99.9,0,NORMAL,0,0,0,16,32
WH-03810,LIVE_URL,BLOG,56828,92,2.59,3.97,5.56,17.24,41.4,70.3,1,0,LOW,LOW,0,0,0,0,RAPID,BEGINNER,BASIC,0,NORMAL,0,0,0,2,4
WH-03811,LIVE_URL,PORTFOLIO,15777,26,3.88,1.68,2.59,11.49,11.5,65.6,1,0,LOW,MEDIUM,0,0,0,0,STABLE,INTERMEDIATE,99.5,0,NORMAL,0,0,0,1,4
WH-03812,PLANNED,PORTFOLIO,10638,44,3.51,2.57,3.4,19.27,10.0,,0,1,LOW,LOW,0,0,0,0,SLOW,INTERMEDIATE,BASIC,0,NORMAL,0,0,0,1,4
WH-03813,PLANNED,ECOMMERCE,498699,2704,14.81,667.44,1434.99,61.31,113.1,,0,1,HIGH,HIGH,0,0,1,0,RAPID,BEGINNER,99.9,0,SEASONAL,0,1,0,32,64
WH-03814,LIVE_URL,BLOG,7644,9,4.51,0.68,1.02,30.13,10.0,80.3,1,0,LOW,LOW,0,0,1,0,SLOW,BEGINNER,99.5,0,NORMAL,0,0,1,2,4
WH-03815,NEW_IDEA,PORTFOLIO,1345,6,3.25,0.33,1.04,23.15,67.2,,0,1,LOW,LOW,0,0,1,0,MEDIUM,BEGINNER,99.9,0,SEASONAL,0,0,0,1,4
WH-03816,LIVE_URL,INTERNAL_BUSINESS,3764,70,7.48,8.73,11.43,14.66,124.7,65.8,1,0,HIGH,MEDIUM,0,0,0,0,STABLE,ADVANCED,99.95,1,NORMAL,0,0,0,2,8
WH-03817,PLANNED,MARKETPLACE,198326,2981,11.91,591.73,1994.13,523.11,148.0,,0,0,HIGH,HIGH,0,0,0,1,MEDIUM,INTERMEDIATE,99.95,1,EVENT_DRIVEN,0,0,1,32,64
WH-03818,PLANNED,COMMUNITY,266542,149,4.63,11.5,19.89,106.06,43.7,,0,0,HIGH,LOW,1,63,0,0,STABLE,ADVANCED,99.9,0,SEASONAL,0,0,1,2,8
WH-03819,PLANNED,ECOMMERCE,839651,2487,13.14,544.65,849.66,197.08,94.0,,0,1,HIGH,HIGH,0,0,1,0,SLOW,ADVANCED,99.5,0,BUSINESS_HOURS,0,0,1,32,64
WH-03820,PLANNED,SAAS,342665,3093,22.94,1182.56,2980.04,285.72,60.9,,0,0,VERY_HIGH,HIGH,0,0,0,0,MEDIUM,INTERMEDIATE,99.99,1,SEASONAL,0,0,1,32,64
WH-03821,NEW_IDEA,SAAS,38986,89,8.39,12.45,38.83,41.85,44.4,,0,0,MEDIUM,MEDIUM,0,0,1,0,STABLE,BEGINNER,99.9,0,EVENT_DRIVEN,0,0,0,2,8
WH-03822,PLANNED,NEWS,596423,64,3.5,3.73,4.93,28.02,95.0,,0,0,HIGH,LOW,0,0,0,0,RAPID,ADVANCED,99.99,1,WEEKEND,0,0,0,2,8
WH-03823,PLANNED,SAAS,545297,5073,21.71,1835.58,5965.64,1040.48,63.4,,0,1,HIGH,HIGH,0,0,1,0,MEDIUM,INTERMEDIATE,BASIC,0,EVENT_DRIVEN,0,1,0,32,64
WH-03824,LIVE_URL,ECOMMERCE,107796,808,5.45,73.39,99.08,46.95,182.0,73.5,1,0,HIGH,HIGH,0,0,1,0,MEDIUM,INTERMEDIATE,99.9,0,NORMAL,0,0,1,8,16
WH-03825,PLANNED,API_SERVICE,33401,60,17.34,17.34,23.24,8.0,35.8,,0,1,MEDIUM,HIGH,1,22,0,0,SLOW,INTERMEDIATE,99.9,0,NORMAL,0,0,1,2,4
WH-03826,LIVE_URL,BLOG,10435,9,1.79,0.27,0.41,22.25,10.0,86.5,1,1,LOW,LOW,0,0,0,0,SLOW,BEGINNER,99.99,1,NORMAL,0,0,0,2,4
WH-03827,NEW_IDEA,MARKETPLACE,133634,3182,19.44,1030.97,3402.19,1147.48,42.4,,0,0,HIGH,HIGH,1,1805,0,0,MEDIUM,INTERMEDIATE,99.9,0,EVENT_DRIVEN,0,1,0,32,64
WH-03828,PLANNED,INTERNAL_BUSINESS,27541,91,9.79,14.85,27.77,35.88,47.6,,0,1,MEDIUM,MEDIUM,0,0,0,0,SLOW,ADVANCED,99.99,1,EVENING,0,0,0,2,4
WH-03829,PLANNED,BLOG,31013,120,2.84,5.68,7.38,14.05,14.2,,0,1,LOW,LOW,0,0,1,0,MEDIUM,ADVANCED,BASIC,0,NORMAL,0,0,0,2,4
WH-03830,LIVE_URL,CORPORATE,30415,53,2.36,2.08,7.28,9.04,59.0,58.4,1,0,LOW,LOW,0,0,1,0,MEDIUM,BEGINNER,BASIC,0,EVENT_DRIVEN,0,0,0,2,4
WH-03831,PLANNED,SAAS,1152327,4027,19.27,1293.34,1965.87,182.51,133.8,,0,1,MEDIUM,HIGH,0,0,0,0,STABLE,INTERMEDIATE,BASIC,0,BUSINESS_HOURS,0,0,0,32,64
WH-03832,LIVE_URL,API_SERVICE,149027,624,16.04,166.82,575.52,53.36,32.5,78.0,1,1,LOW,VERY_HIGH,0,0,1,1,SLOW,BEGINNER,BASIC,0,EVENT_DRIVEN,0,0,1,32,32
WH-03833,NEW_IDEA,SAAS,277046,3486,21.97,1276.46,4888.83,684.41,71.7,,0,1,HIGH,HIGH,0,0,1,0,STABLE,BEGINNER,99.9,0,EVENT_DRIVEN,0,0,1,32,64
WH-03834,LIVE_URL,SAAS,26447,348,8.76,50.81,94.5,16.06,59.5,49.2,1,0,HIGH,HIGH,1,117,0,0,RAPID,ADVANCED,99.5,0,EVENING,0,0,0,8,16
WH-03835,LIVE_URL,SAAS,363566,4292,22.84,1633.82,2352.7,560.9,106.6,68.4,1,1,HIGH,HIGH,1,2216,0,0,MEDIUM,INTERMEDIATE,99.9,0,NORMAL,0,0,1,32,64
WH-03836,LIVE_URL,SAAS,56406,882,17.69,260.04,598.1,461.8,405.0,81.9,1,0,HIGH,HIGH,0,0,0,1,SLOW,ADVANCED,99.95,1,SEASONAL,0,1,1,32,64
WH-03837,LIVE_URL,ECOMMERCE,95343,196,16.68,54.49,106.25,20.38,142.3,64.4,1,1,MEDIUM,HIGH,0,0,1,1,STABLE,INTERMEDIATE,99.9,0,BUSINESS_HOURS,0,0,0,8,16
WH-03838,LIVE_URL,NEWS,856407,2413,8.01,322.14,550.85,36.96,174.8,85.7,1,1,MEDIUM,MEDIUM,0,0,1,1,SLOW,INTERMEDIATE,99.9,0,EVENING,0,0,0,16,32
WH-03839,PLANNED,CORPORATE,34380,19,5.11,1.62,4.89,38.73,76.0,,0,0,LOW,LOW,0,0,0,0,SLOW,INTERMEDIATE,99.99,1,SEASONAL,0,0,1,2,4
WH-03840,LIVE_URL,SAAS,14869,324,20.93,113.02,226.04,76.28,255.8,57.0,1,0,HIGH,HIGH,0,0,0,0,MEDIUM,INTERMEDIATE,99.5,0,SEASONAL,0,0,1,16,32
WH-03841,LIVE_URL,SAAS,14859,46,22.09,16.94,22.52,12.78,159.8,45.3,1,0,VERY_HIGH,HIGH,1,31,0,0,SLOW,INTERMEDIATE,99.99,1,NORMAL,0,0,0,2,16
WH-03842,PLANNED,CORPORATE,2029,31,4.86,2.51,3.64,12.61,15.4,,0,0,LOW,LOW,0,0,0,0,SLOW,BEGINNER,BASIC,0,EVENING,0,0,0,1,4
WH-03843,LIVE_URL,SAAS,1278076,1278,10.27,218.75,253.75,59.16,44.1,79.3,1,0,VERY_HIGH,HIGH,1,354,0,0,SLOW,INTERMEDIATE,99.9,0,NORMAL,0,0,1,16,32
WH-03844,PLANNED,API_SERVICE,436866,6816,28.22,3205.79,12823.17,2460.95,32.5,,0,1,MEDIUM,VERY_HIGH,0,0,1,0,RAPID,ADVANCED,99.9,0,EVENT_DRIVEN,0,0,1,32,64
WH-03845,LIVE_URL,SAAS,1037572,28,6.11,2.85,5.87,9.92,37.5,74.4,1,1,HIGH,HIGH,0,0,0,0,SLOW,BEGINNER,99.5,0,EVENING,1,0,1,2,8
WH-03846,LIVE_URL,MARKETPLACE,11531,192,10.19,32.61,63.26,35.38,42.2,69.9,1,0,HIGH,HIGH,0,0,0,0,RAPID,INTERMEDIATE,BASIC,0,BUSINESS_HOURS,0,0,1,4,8
WH-03847,NEW_IDEA,CORPORATE,27234,9,2.07,0.31,0.43,13.37,10.4,,0,0,LOW,LOW,0,0,0,0,RAPID,ADVANCED,99.5,0,WEEKEND,0,1,0,2,4
WH-03848,PLANNED,EDUCATION,60065,32,6.32,3.37,4.48,24.67,30.2,,0,1,MEDIUM,MEDIUM,1,16,0,0,RAPID,BEGINNER,99.9,0,EVENING,0,0,0,2,4
WH-03849,PLANNED,CORPORATE,21888,83,2.86,3.96,6.05,13.99,10.0,,0,0,LOW,LOW,0,0,1,0,SLOW,INTERMEDIATE,99.9,0,BUSINESS_HOURS,0,0,0,1,4
WH-03850,PLANNED,NEWS,85646,134,7.83,17.49,26.58,39.89,10.0,,0,1,LOW,MEDIUM,0,0,0,0,SLOW,INTERMEDIATE,99.9,0,NORMAL,0,0,1,2,4
WH-03851,PLANNED,COMMUNITY,211466,226,8.98,33.82,51.41,37.23,152.6,,0,0,HIGH,LOW,1,118,0,0,RAPID,ADVANCED,99.9,0,NORMAL,0,0,0,2,8
WH-03852,LIVE_URL,MARKETPLACE,247503,2796,19.45,906.37,1631.47,155.3,55.0,66.7,1,1,MEDIUM,HIGH,1,2049,0,0,RAPID,ADVANCED,99.5,0,BUSINESS_HOURS,0,0,0,32,64
WH-03853,PLANNED,ECOMMERCE,75773,438,8.28,60.44,122.1,66.17,58.6,,0,0,VERY_HIGH,VERY_HIGH,0,0,1,0,MEDIUM,INTERMEDIATE,99.95,1,EVENT_DRIVEN,0,0,0,16,32
WH-03854,PLANNED,SAAS,472039,88,12.64,18.54,35.97,45.78,231.0,,0,1,HIGH,VERY_HIGH,0,0,0,0,RAPID,BEGINNER,BASIC,0,WEEKEND,0,0,1,2,8
WH-03855,NEW_IDEA,BLOG,18366,55,3.25,2.98,5.45,8.0,15.5,,0,0,LOW,LOW,0,0,0,0,MEDIUM,INTERMEDIATE,99.9,0,BUSINESS_HOURS,0,0,0,1,4
WH-03856,LIVE_URL,ECOMMERCE,479866,944,9.16,144.12,392.0,46.87,202.8,78.0,1,0,HIGH,HIGH,1,225,1,0,MEDIUM,BEGINNER,99.9,0,EVENT_DRIVEN,0,0,0,32,64
WH-03857,LIVE_URL,MARKETPLACE,741539,1427,11.86,282.07,431.57,165.6,872.5,84.6,1,1,HIGH,HIGH,0,0,1,1,RAPID,INTERMEDIATE,99.5,0,NORMAL,0,1,0,32,64
WH-03858,LIVE_URL,SAAS,1249949,3400,18.03,1021.7,1879.93,106.04,467.5,62.1,1,0,HIGH,HIGH,0,0,0,1,MEDIUM,INTERMEDIATE,99.99,1,EVENING,0,1,1,32,64
WH-03859,LIVE_URL,MARKETPLACE,110482,56,18.69,17.44,60.36,19.76,140.1,81.5,1,0,VERY_HIGH,HIGH,1,35,1,0,STABLE,ADVANCED,99.9,0,EVENT_DRIVEN,0,0,1,4,16
WH-03860,LIVE_URL,API_SERVICE,79384,773,28.03,361.12,769.19,126.38,27.6,71.4,1,0,MEDIUM,VERY_HIGH,0,0,1,0,MEDIUM,BEGINNER,99.95,1,WEEKEND,0,0,1,32,64
WH-03861,NEW_IDEA,MEDIA_STREAMING,497133,4784,6.21,495.14,1193.3,158.64,302.3,,0,0,HIGH,MEDIUM,0,0,0,1,SLOW,BEGINNER,99.99,1,SEASONAL,1,0,1,32,64
WH-03862,LIVE_URL,ECOMMERCE,785853,2444,10.68,435.03,1644.42,133.49,54.9,63.6,1,0,HIGH,HIGH,0,0,1,0,MEDIUM,ADVANCED,99.5,0,EVENT_DRIVEN,1,0,1,32,64
WH-03863,LIVE_URL,EDUCATION,226357,1506,5.84,146.58,171.5,61.21,58.2,62.0,1,0,MEDIUM,MEDIUM,0,0,0,1,SLOW,INTERMEDIATE,99.99,1,NORMAL,0,0,0,8,16
WH-03864,PLANNED,EDUCATION,11209,43,4.78,3.43,4.73,22.85,34.7,,0,0,HIGH,MEDIUM,0,0,0,0,RAPID,INTERMEDIATE,99.9,0,NORMAL,0,0,1,2,8
WH-03865,NEW_IDEA,CORPORATE,16108,68,4.95,5.61,8.58,13.81,16.9,,0,0,LOW,LOW,0,0,0,0,MEDIUM,INTERMEDIATE,99.9,0,BUSINESS_HOURS,0,0,1,1,4
WH-03866,LIVE_URL,COMMUNITY,207335,267,12.12,53.93,121.35,30.25,340.6,88.8,1,0,HIGH,LOW,1,226,1,1,MEDIUM,INTERMEDIATE,99.9,0,SEASONAL,0,0,1,8,16
WH-03867,PLANNED,SAAS,1020605,5763,8.19,786.65,1305.84,169.53,97.1,,0,1,HIGH,HIGH,0,0,0,0,MEDIUM,ADVANCED,BASIC,0,EVENING,0,1,1,32,64
WH-03868,NEW_IDEA,API_SERVICE,815387,5228,28.7,2500.73,3701.08,599.21,68.3,,0,1,HIGH,VERY_HIGH,0,0,0,0,MEDIUM,INTERMEDIATE,99.5,0,NORMAL,0,0,0,32,64
WH-03869,PLANNED,EDUCATION,490315,345,11.67,67.1,100.65,66.85,38.1,,0,1,MEDIUM,MEDIUM,0,0,0,0,SLOW,BEGINNER,BASIC,0,BUSINESS_HOURS,0,0,0,4,8
WH-03870,NEW_IDEA,ECOMMERCE,536512,2664,17.42,773.45,1523.69,258.64,118.0,,0,1,HIGH,HIGH,0,0,0,0,MEDIUM,ADVANCED,99.5,0,EVENING,0,1,1,32,64
WH-03871,LIVE_URL,SAAS,33670,673,19.92,223.44,321.75,118.76,36.4,77.0,1,0,MEDIUM,HIGH,0,0,0,0,RAPID,BEGINNER,99.95,1,NORMAL,0,0,0,16,32
WH-03872,LIVE_URL,SAAS,1481847,4940,6.84,563.16,1374.11,381.85,66.3,59.4,1,1,HIGH,MEDIUM,0,0,1,0,STABLE,ADVANCED,99.9,0,EVENT_DRIVEN,0,1,1,32,64
WH-03873,LIVE_URL,EDUCATION,141777,517,9.2,79.27,127.63,24.57,34.3,75.4,1,1,MEDIUM,LOW,0,0,1,0,SLOW,INTERMEDIATE,99.9,0,BUSINESS_HOURS,0,0,0,4,8
WH-03874,PLANNED,SAAS,716103,2227,16.46,610.94,1197.44,350.0,242.0,,0,0,VERY_HIGH,MEDIUM,0,0,0,0,RAPID,INTERMEDIATE,BASIC,0,BUSINESS_HOURS,1,1,0,32,64
WH-03875,PLANNED,ECOMMERCE,133720,271,7.83,35.37,52.69,192.15,82.6,,0,0,VERY_HIGH,HIGH,0,0,0,0,RAPID,BEGINNER,99.95,1,BUSINESS_HOURS,0,0,1,4,16
WH-03876,NEW_IDEA,MEDIA_STREAMING,13641,308,3.72,19.1,27.88,83.62,126.9,,0,1,HIGH,MEDIUM,1,66,0,1,SLOW,BEGINNER,99.95,1,NORMAL,0,0,0,2,8
WH-03877,NEW_IDEA,EDUCATION,4321,51,11.77,10.0,14.61,19.43,78.4,,0,1,MEDIUM,MEDIUM,0,0,0,0,RAPID,INTERMEDIATE,99.5,0,NORMAL,0,1,1,2,8
WH-03878,PLANNED,API_SERVICE,8102,76,28.21,35.73,65.03,15.87,62.8,,0,0,MEDIUM,VERY_HIGH,0,0,1,0,MEDIUM,BEGINNER,99.5,0,BUSINESS_HOURS,0,0,0,4,8
WH-03879,LIVE_URL,MARKETPLACE,812098,4540,8.44,638.63,1040.96,163.12,35.3,70.5,1,0,HIGH,MEDIUM,0,0,1,0,MEDIUM,ADVANCED,99.99,1,BUSINESS_HOURS,0,1,0,32,64
WH-03880,LIVE_URL,SAAS,385432,5319,12.21,1082.42,2457.09,188.24,180.3,63.3,1,1,HIGH,HIGH,1,1064,1,0,RAPID,BEGINNER,99.9,0,SEASONAL,0,1,1,32,64
WH-03881,NEW_IDEA,COMMUNITY,579557,2081,11.63,403.37,1593.3,255.91,640.0,,0,0,HIGH,MEDIUM,1,687,0,1,MEDIUM,ADVANCED,99.5,0,EVENT_DRIVEN,1,1,1,32,64
WH-03882,PLANNED,SAAS,1302331,2380,8.82,349.86,510.8,44.94,182.9,,0,0,HIGH,HIGH,0,0,0,0,STABLE,BEGINNER,99.9,0,NORMAL,0,0,0,32,64
WH-03883,LIVE_URL,ECOMMERCE,17338,64,16.55,17.65,55.08,48.27,35.9,72.2,1,1,HIGH,HIGH,0,0,0,0,MEDIUM,BEGINNER,99.9,0,EVENT_DRIVEN,0,0,0,4,8
WH-03884,PLANNED,BLOG,21935,8,1.59,0.21,0.42,18.66,51.5,,0,1,LOW,LOW,0,0,0,0,RAPID,INTERMEDIATE,99.9,0,BUSINESS_HOURS,0,0,0,2,4
WH-03885,PLANNED,SAAS,695108,4675,9.69,755.01,1510.03,359.89,67.6,,0,0,HIGH,HIGH,0,0,0,0,SLOW,ADVANCED,99.9,0,EVENING,0,1,1,32,64
WH-03886,PLANNED,COMMUNITY,33154,45,11.77,8.83,14.74,8.0,23.4,,0,1,LOW,MEDIUM,0,0,0,0,SLOW,INTERMEDIATE,99.9,0,EVENING,0,0,1,1,4
WH-03887,NEW_IDEA,CORPORATE,22651,60,3.4,3.4,6.66,29.2,35.3,,0,1,LOW,LOW,0,0,0,0,STABLE,INTERMEDIATE,99.5,0,BUSINESS_HOURS,0,0,0,1,4
WH-03888,PLANNED,SAAS,503209,206,20.6,70.73,98.31,36.2,97.1,,0,0,MEDIUM,VERY_HIGH,0,0,1,0,RAPID,ADVANCED,99.99,1,NORMAL,0,0,0,8,16
WH-03889,PLANNED,API_SERVICE,56448,180,18.05,54.15,96.93,19.33,16.8,,0,1,MEDIUM,VERY_HIGH,1,103,0,0,SLOW,INTERMEDIATE,99.95,1,WEEKEND,0,0,1,8,16
WH-03890,NEW_IDEA,SAAS,886185,983,13.66,223.8,324.5,93.73,133.7,,0,0,HIGH,HIGH,1,373,1,0,STABLE,ADVANCED,99.99,1,BUSINESS_HOURS,0,0,0,16,32
WH-03891,LIVE_URL,MARKETPLACE,12493,351,17.48,102.26,128.85,20.88,33.2,64.4,1,0,HIGH,HIGH,0,0,0,0,MEDIUM,BEGINNER,99.9,0,NORMAL,0,0,1,8,16
WH-03892,PLANNED,INTERNAL_BUSINESS,1532,36,2.29,1.37,5.04,18.35,37.8,,0,0,LOW,LOW,0,0,0,0,STABLE,INTERMEDIATE,99.5,0,EVENT_DRIVEN,0,0,0,1,4
WH-03893,LIVE_URL,SAAS,1791409,1761,19.17,562.64,692.05,97.56,66.0,71.3,1,0,VERY_HIGH,HIGH,0,0,0,0,MEDIUM,INTERMEDIATE,99.99,1,NORMAL,0,0,0,32,64
WH-03894,LIVE_URL,MEDIA_STREAMING,534143,170,7.33,20.77,25.13,52.87,475.1,85.2,1,0,MEDIUM,MEDIUM,0,0,0,1,RAPID,BEGINNER,BASIC,0,NORMAL,1,0,0,2,8
WH-03895,LIVE_URL,BLOG,24325,34,3.53,2.0,6.5,12.12,13.5,71.5,1,1,LOW,LOW,0,0,0,0,STABLE,BEGINNER,99.95,1,SEASONAL,0,0,1,2,4
WH-03896,PLANNED,SAAS,19267,460,17.83,136.7,261.09,112.9,149.6,,0,1,HIGH,VERY_HIGH,0,0,1,0,RAPID,ADVANCED,99.9,0,SEASONAL,0,0,0,16,32
WH-03897,LIVE_URL,API_SERVICE,7973,162,32.17,86.86,113.79,20.29,123.3,,0,1,HIGH,VERY_HIGH,0,0,1,0,SLOW,INTERMEDIATE,99.95,1,EVENING,0,1,1,16,32
WH-03898,LIVE_URL,CORPORATE,83609,7,1.52,0.18,0.21,8.0,30.9,67.3,1,0,LOW,LOW,0,0,1,0,MEDIUM,ADVANCED,99.9,0,NORMAL,0,0,0,1,4
WH-03899,NEW_IDEA,COMMUNITY,4591,55,8.15,7.47,9.86,36.1,59.8,,0,0,MEDIUM,LOW,0,0,0,0,RAPID,BEGINNER,99.9,0,WEEKEND,0,0,0,1,4
WH-03900,LIVE_URL,CORPORATE,30082,34,2.37,1.34,1.61,24.77,10.0,37.5,1,0,LOW,MEDIUM,0,0,0,0,SLOW,ADVANCED,99.5,0,NORMAL,0,0,1,1,4
WH-03901,NEW_IDEA,SAAS,278739,3010,12.75,639.62,2123.55,297.74,90.4,,0,0,HIGH,HIGH,0,0,1,0,STABLE,INTERMEDIATE,99.9,0,EVENT_DRIVEN,0,0,0,32,64
WH-03902,LIVE_URL,PORTFOLIO,27419,22,3.54,1.3,1.69,23.72,47.2,51.5,1,0,LOW,LOW,0,0,1,0,MEDIUM,BEGINNER,99.9,0,BUSINESS_HOURS,0,0,0,1,4
WH-03903,NEW_IDEA,INTERNAL_BUSINESS,7939,25,8.46,3.53,4.9,17.66,33.1,,0,1,MEDIUM,MEDIUM,0,0,0,0,STABLE,INTERMEDIATE,99.5,0,BUSINESS_HOURS,0,0,0,1,4
WH-03904,LIVE_URL,SAAS,1316501,5615,21.1,1974.61,3416.07,561.52,21.3,87.1,1,0,HIGH,VERY_HIGH,0,0,0,0,RAPID,BEGINNER,99.5,0,EVENING,1,0,1,32,64
WH-03905,LIVE_URL,PORTFOLIO,3793,10,2.37,0.4,1.2,8.0,19.8,,0,0,LOW,MEDIUM,0,0,0,0,RAPID,BEGINNER,99.9,0,SEASONAL,0,0,0,1,4
WH-03906,PLANNED,EDUCATION,52510,182,10.82,32.82,53.83,44.64,248.3,,0,1,MEDIUM,MEDIUM,0,0,0,1,MEDIUM,INTERMEDIATE,99.9,0,BUSINESS_HOURS,0,0,0,2,8
WH-03907,PLANNED,CORPORATE,21002,11,5.21,0.96,1.28,16.61,18.3,,0,1,LOW,LOW,0,0,0,0,MEDIUM,ADVANCED,99.9,0,NORMAL,0,0,0,2,4
WH-03908,NEW_IDEA,SAAS,743925,3562,18.86,1119.66,1500.34,172.65,124.9,,0,1,MEDIUM,HIGH,1,2283,1,1,MEDIUM,ADVANCED,99.99,1,NORMAL,0,1,0,32,64
WH-03909,PLANNED,MARKETPLACE,14587,75,19.13,23.91,41.37,14.14,32.5,,0,1,HIGH,VERY_HIGH,0,0,0,0,MEDIUM,BEGINNER,99.95,1,EVENING,0,0,1,4,8
WH-03910,LIVE_URL,BLOG,15017,8,3.35,0.45,0.92,8.0,14.0,92.3,1,1,LOW,LOW,0,0,0,0,STABLE,BEGINNER,99.9,0,WEEKEND,0,0,0,2,4
WH-03911,NEW_IDEA,CORPORATE,5273,89,4.66,6.91,9.33,57.97,16.0,,0,0,LOW,LOW,0,0,0,0,MEDIUM,BEGINNER,99.5,0,NORMAL,0,0,0,1,4
WH-03912,PLANNED,PORTFOLIO,2228,14,1.42,0.33,0.6,56.86,175.9,,0,0,LOW,LOW,0,0,0,1,MEDIUM,BEGINNER,99.9,0,EVENING,0,0,1,1,4
WH-03913,PLANNED,ECOMMERCE,777443,882,10.29,151.26,228.41,19.02,25.7,,0,1,HIGH,HIGH,0,0,1,0,SLOW,INTERMEDIATE,99.9,0,WEEKEND,0,0,1,16,32
WH-03914,PLANNED,NEWS,645393,7730,8.85,1140.17,3249.5,500.21,32.0,,0,1,MEDIUM,MEDIUM,0,0,0,0,RAPID,INTERMEDIATE,99.95,1,SEASONAL,1,0,0,32,64
WH-03915,PLANNED,BLOG,6634,34,4.96,2.81,6.91,23.65,12.6,,0,1,LOW,LOW,0,0,0,0,MEDIUM,INTERMEDIATE,99.9,0,SEASONAL,0,0,1,2,4
WH-03916,PLANNED,CORPORATE,107251,162,2.76,7.45,11.48,11.7,10.0,,0,1,LOW,LOW,0,0,0,0,STABLE,INTERMEDIATE,99.95,1,EVENING,0,0,0,2,4
WH-03917,LIVE_URL,INTERNAL_BUSINESS,17569,3,7.85,0.39,0.53,19.46,10.0,62.2,1,0,MEDIUM,MEDIUM,0,0,0,0,MEDIUM,INTERMEDIATE,99.9,0,EVENING,0,0,0,2,4
WH-03918,PLANNED,SAAS,575408,1898,7.87,248.95,766.78,179.84,155.8,,0,1,HIGH,HIGH,0,0,1,0,MEDIUM,ADVANCED,99.95,1,EVENT_DRIVEN,1,0,1,32,64
WH-03919,LIVE_URL,SAAS,16222,368,14.34,87.95,108.18,68.16,107.6,69.9,1,0,HIGH,MEDIUM,0,0,0,0,RAPID,INTERMEDIATE,99.9,0,NORMAL,0,0,0,8,16
WH-03920,LIVE_URL,CORPORATE,12975,6,4.51,0.45,0.94,19.41,10.0,82.1,1,1,LOW,LOW,0,0,0,0,MEDIUM,BEGINNER,BASIC,0,WEEKEND,0,0,1,2,4
WH-03921,PLANNED,BLOG,45959,6,2.6,0.26,0.53,8.0,30.5,,0,0,LOW,LOW,0,0,0,0,RAPID,ADVANCED,99.5,0,WEEKEND,0,0,0,2,4
WH-03922,LIVE_URL,MARKETPLACE,274827,346,10.82,62.4,81.74,47.23,28.0,80.2,1,0,MEDIUM,HIGH,0,0,0,0,SLOW,BEGINNER,BASIC,0,NORMAL,0,0,0,4,8
WH-03923,LIVE_URL,CORPORATE,16542,14,4.9,1.14,1.77,30.98,134.5,67.3,1,0,LOW,MEDIUM,0,0,1,1,STABLE,INTERMEDIATE,99.5,0,BUSINESS_HOURS,0,0,0,2,4
WH-03924,NEW_IDEA,EDUCATION,144548,681,8.71,98.86,115.66,35.3,33.8,,0,0,MEDIUM,MEDIUM,0,0,0,0,STABLE,BEGINNER,99.9,0,NORMAL,0,0,1,4,8
WH-03925,LIVE_URL,MARKETPLACE,44832,310,11.96,61.79,121.73,16.09,80.2,96.7,1,1,HIGH,HIGH,0,0,1,0,SLOW,BEGINNER,99.9,0,BUSINESS_HOURS,0,0,1,8,16
WH-03926,NEW_IDEA,COMMUNITY,28582,114,4.77,9.06,17.58,18.51,27.1,,0,1,HIGH,MEDIUM,1,87,0,0,STABLE,INTERMEDIATE,99.9,0,BUSINESS_HOURS,0,0,0,1,8
WH-03927,NEW_IDEA,NEWS,206781,144,7.47,17.93,33.88,32.98,36.0,,0,1,MEDIUM,MEDIUM,0,0,0,0,MEDIUM,BEGINNER,BASIC,0,BUSINESS_HOURS,0,0,0,1,4
WH-03928,PLANNED,ECOMMERCE,329113,2243,6.36,237.76,287.69,109.88,283.4,,0,1,VERY_HIGH,HIGH,0,0,0,0,MEDIUM,BEGINNER,99.9,0,NORMAL,0,0,0,16,32
WH-03929,PLANNED,EDUCATION,8808,182,7.99,24.24,32.96,41.81,76.3,,0,1,MEDIUM,MEDIUM,0,0,0,0,RAPID,BEGINNER,99.99,1,BUSINESS_HOURS,0,0,0,2,8
WH-03930,LIVE_URL,COMMUNITY,5945,66,13.18,14.5,28.71,31.76,32.6,92.7,1,0,HIGH,MEDIUM,0,0,1,0,RAPID,INTERMEDIATE,99.95,1,EVENING,0,0,0,2,8
WH-03931,PLANNED,API_SERVICE,660983,5922,26.27,2592.85,5107.91,1697.58,195.5,,0,1,HIGH,VERY_HIGH,0,0,0,0,RAPID,INTERMEDIATE,99.9,0,WEEKEND,0,1,1,32,64
WH-03932,PLANNED,API_SERVICE,451816,3406,32.28,1832.43,3628.21,674.08,69.9,,0,1,LOW,VERY_HIGH,0,0,0,0,RAPID,ADVANCED,99.5,0,EVENING,0,0,0,32,32
WH-03933,LIVE_URL,MEDIA_STREAMING,23112,249,5.2,21.58,30.43,13.66,120.8,75.0,1,1,MEDIUM,HIGH,0,0,0,1,STABLE,BEGINNER,99.9,0,NORMAL,0,0,1,2,8
WH-03934,PLANNED,MARKETPLACE,323813,1358,19.23,435.24,774.73,200.13,238.0,,0,0,VERY_HIGH,HIGH,0,0,0,1,STABLE,INTERMEDIATE,99.99,1,SEASONAL,0,1,1,32,64
WH-03935,LIVE_URL,SAAS,681403,2091,7.54,262.77,399.41,98.6,22.6,60.4,1,0,HIGH,HIGH,0,0,1,0,MEDIUM,INTERMEDIATE,BASIC,0,EVENING,0,0,1,32,64
WH-03936,PLANNED,MARKETPLACE,100885,109,9.56,17.37,30.05,8.0,46.2,,0,0,MEDIUM,HIGH,0,0,0,0,MEDIUM,BEGINNER,BASIC,0,BUSINESS_HOURS,0,0,0,2,8
WH-03937,LIVE_URL,ECOMMERCE,438689,1704,14.63,415.49,1691.05,126.09,59.8,98.1,1,0,VERY_HIGH,HIGH,0,0,0,0,MEDIUM,ADVANCED,99.9,0,EVENT_DRIVEN,1,0,1,32,64
WH-03938,PLANNED,SAAS,12386,80,13.95,18.6,34.41,29.28,61.7,,0,1,VERY_HIGH,VERY_HIGH,0,0,1,0,RAPID,ADVANCED,99.95,1,BUSINESS_HOURS,0,1,1,4,16
WH-03939,LIVE_URL,API_SERVICE,292137,5461,20.96,1907.71,4006.19,913.04,18.5,76.2,1,1,MEDIUM,HIGH,0,0,0,0,STABLE,INTERMEDIATE,99.5,0,SEASONAL,0,0,0,32,64
WH-03940,PLANNED,API_SERVICE,108891,48,11.27,9.02,12.17,20.67,174.1,,0,0,HIGH,VERY_HIGH,0,0,0,0,SLOW,BEGINNER,99.9,0,BUSINESS_HOURS,0,0,1,2,8
WH-03941,LIVE_URL,CORPORATE,24147,85,1.86,2.63,5.14,25.23,58.1,77.4,1,0,LOW,LOW,0,0,1,0,STABLE,INTERMEDIATE,BASIC,0,BUSINESS_HOURS,0,0,0,2,4
WH-03942,LIVE_URL,PORTFOLIO,1874,39,1.8,1.17,2.01,20.51,10.0,97.4,1,0,LOW,LOW,0,0,1,0,STABLE,INTERMEDIATE,99.95,1,SEASONAL,0,0,1,2,4
WH-03943,NEW_IDEA,SAAS,9599,231,12.9,49.66,69.53,11.47,107.1,,0,1,HIGH,HIGH,0,0,1,0,RAPID,BEGINNER,99.9,0,NORMAL,0,1,1,4,8
WH-03944,PLANNED,EDUCATION,47766,42,5.77,4.04,5.49,24.23,63.1,,0,1,LOW,MEDIUM,0,0,0,0,STABLE,BEGINNER,99.99,1,NORMAL,0,0,1,2,4
WH-03945,LIVE_URL,EDUCATION,82360,179,9.8,29.24,48.53,35.7,158.6,67.8,1,1,MEDIUM,MEDIUM,0,0,0,1,MEDIUM,INTERMEDIATE,99.9,0,BUSINESS_HOURS,0,0,0,2,8
WH-03946,PLANNED,SAAS,118963,3306,21.31,1174.18,3839.57,862.41,42.1,,0,1,VERY_HIGH,HIGH,0,0,1,0,SLOW,BEGINNER,99.9,0,EVENT_DRIVEN,1,1,1,32,64
WH-03947,LIVE_URL,PORTFOLIO,508,2,3.52,0.12,0.29,25.37,54.5,50.6,1,1,LOW,MEDIUM,0,0,0,0,SLOW,INTERMEDIATE,99.5,0,SEASONAL,0,0,0,1,4
WH-03948,LIVE_URL,COMMUNITY,141540,57,12.76,12.12,25.21,24.11,137.2,66.5,1,0,MEDIUM,LOW,0,0,1,1,SLOW,BEGINNER,99.5,0,EVENT_DRIVEN,0,0,0,1,8
WH-03949,PLANNED,API_SERVICE,681277,2063,32.35,1112.3,1534.98,166.12,27.4,,0,1,MEDIUM,VERY_HIGH,0,0,1,0,SLOW,ADVANCED,99.9,0,NORMAL,0,1,0,32,64
WH-03950,PLANNED,ECOMMERCE,228480,244,12.18,49.53,68.35,95.69,560.1,,0,0,HIGH,VERY_HIGH,0,0,0,1,MEDIUM,INTERMEDIATE,99.9,0,NORMAL,0,0,1,4,8
WH-03951,PLANNED,PORTFOLIO,8579,15,1.76,0.44,0.76,17.13,140.3,,0,1,LOW,LOW,0,0,1,1,MEDIUM,INTERMEDIATE,99.9,0,BUSINESS_HOURS,0,0,1,1,4
WH-03952,LIVE_URL,BLOG,9159,111,4.57,8.45,26.12,8.0,39.5,89.0,1,1,LOW,LOW,0,0,0,0,SLOW,INTERMEDIATE,99.9,0,SEASONAL,0,0,0,1,4
WH-03953,LIVE_URL,COMMUNITY,113753,212,9.2,32.51,59.16,47.95,85.6,91.5,1,1,MEDIUM,LOW,1,48,0,0,SLOW,ADVANCED,99.5,0,EVENING,0,0,0,2,8
WH-03954,NEW_IDEA,NEWS,569230,799,7.45,99.21,173.62,80.53,148.0,,0,1,MEDIUM,MEDIUM,0,0,0,1,MEDIUM,BEGINNER,99.5,0,EVENING,0,0,0,8,16
WH-03955,LIVE_URL,PORTFOLIO,17979,6,3.75,0.38,0.93,15.18,10.0,76.5,1,0,LOW,LOW,0,0,0,0,MEDIUM,BEGINNER,99.5,0,SEASONAL,0,0,1,1,4
WH-03956,LIVE_URL,BLOG,19436,7,2.43,0.28,0.64,8.0,19.6,66.8,1,0,LOW,LOW,0,0,0,0,MEDIUM,BEGINNER,99.9,0,SEASONAL,0,0,1,1,4
WH-03957,PLANNED,NEWS,1263127,3392,5.67,320.54,493.64,82.23,44.2,,0,1,MEDIUM,HIGH,0,0,0,1,SLOW,BEGINNER,99.5,0,NORMAL,1,0,0,16,32
WH-03958,LIVE_URL,EDUCATION,59649,1120,8.26,154.19,234.36,26.96,160.3,61.9,1,1,MEDIUM,MEDIUM,0,0,0,1,SLOW,INTERMEDIATE,99.9,0,NORMAL,0,0,0,8,16
WH-03959,PLANNED,MARKETPLACE,796481,91,8.45,12.82,32.55,34.95,446.2,,0,1,HIGH,VERY_HIGH,1,76,1,1,SLOW,BEGINNER,99.9,0,EVENT_DRIVEN,0,0,1,4,8
WH-03960,LIVE_URL,CORPORATE,5010,17,2.88,0.82,1.18,34.51,68.6,70.9,1,1,LOW,LOW,0,0,0,1,SLOW,INTERMEDIATE,99.9,0,BUSINESS_HOURS,0,0,1,1,4
WH-03961,PLANNED,BLOG,13446,43,2.44,1.75,6.31,16.28,63.7,,0,1,LOW,LOW,0,0,1,0,SLOW,INTERMEDIATE,99.95,1,EVENT_DRIVEN,0,0,0,2,4
WH-03962,PLANNED,MARKETPLACE,357940,4531,16.72,1262.64,2449.52,354.12,102.3,,0,1,HIGH,HIGH,0,0,1,0,RAPID,INTERMEDIATE,99.9,0,BUSINESS_HOURS,1,1,1,32,64
WH-03963,LIVE_URL,SAAS,47964,779,23.54,305.63,709.06,730.7,29.4,75.4,1,0,VERY_HIGH,VERY_HIGH,0,0,1,0,RAPID,ADVANCED,99.95,1,EVENT_DRIVEN,0,1,0,32,64
WH-03964,LIVE_URL,BLOG,31932,17,3.18,0.9,2.26,14.43,28.5,99.0,1,0,LOW,LOW,0,0,1,0,SLOW,BEGINNER,99.9,0,SEASONAL,0,0,1,1,4
WH-03965,NEW_IDEA,ECOMMERCE,662694,1923,10.15,325.31,448.92,133.25,129.2,,0,0,HIGH,VERY_HIGH,1,1234,1,0,MEDIUM,INTERMEDIATE,99.95,1,BUSINESS_HOURS,1,0,1,32,64
WH-03966,PLANNED,ECOMMERCE,154084,73,16.04,19.52,56.59,27.11,28.4,,0,0,MEDIUM,HIGH,0,0,1,0,SLOW,BEGINNER,99.5,0,SEASONAL,0,0,0,4,8
WH-03967,NEW_IDEA,CORPORATE,38922,63,1.61,1.69,2.72,8.0,25.7,,0,0,LOW,LOW,0,0,0,0,MEDIUM,BEGINNER,99.95,1,BUSINESS_HOURS,0,0,0,2,4
WH-03968,PLANNED,EDUCATION,5337,29,7.33,3.54,5.35,16.04,101.2,,0,0,MEDIUM,MEDIUM,0,0,0,1,MEDIUM,BEGINNER,99.9,0,NORMAL,0,0,1,2,4
WH-03969,LIVE_URL,ECOMMERCE,22535,36,9.92,5.95,6.9,57.16,12.3,56.0,1,0,MEDIUM,HIGH,0,0,0,0,MEDIUM,BEGINNER,99.95,1,NORMAL,0,0,0,2,8
WH-03970,LIVE_URL,SAAS,8585,30,18.55,9.28,37.01,47.01,189.5,,0,1,HIGH,HIGH,0,0,0,0,STABLE,ADVANCED,99.99,1,EVENT_DRIVEN,0,0,0,4,8
WH-03971,NEW_IDEA,ECOMMERCE,46779,1043,7.56,131.42,251.01,50.82,252.8,,0,0,VERY_HIGH,HIGH,0,0,0,0,MEDIUM,INTERMEDIATE,99.99,1,BUSINESS_HOURS,0,0,1,16,32
WH-03972,PLANNED,CORPORATE,75486,7,3.83,0.45,0.54,13.75,61.9,,0,1,LOW,LOW,0,0,0,0,MEDIUM,INTERMEDIATE,99.9,0,NORMAL,0,0,0,1,4
WH-03973,PLANNED,SAAS,1690063,5362,10.42,931.2,2970.53,549.38,139.4,,0,0,VERY_HIGH,HIGH,1,3221,0,0,MEDIUM,BEGINNER,99.95,1,SEASONAL,0,0,1,32,64
WH-03974,NEW_IDEA,MARKETPLACE,89212,2219,18.35,678.64,2008.79,219.83,38.7,,0,0,HIGH,HIGH,0,0,1,0,STABLE,INTERMEDIATE,BASIC,0,SEASONAL,0,1,1,32,64
WH-03975,NEW_IDEA,SAAS,14770,325,12.35,66.9,145.16,29.57,89.4,,0,0,HIGH,MEDIUM,0,0,1,0,MEDIUM,INTERMEDIATE,99.9,0,EVENT_DRIVEN,0,0,0,8,16
WH-03976,LIVE_URL,MARKETPLACE,884654,4642,17.0,1315.23,1867.63,579.33,242.4,59.1,1,0,VERY_HIGH,HIGH,0,0,1,0,STABLE,INTERMEDIATE,99.5,0,NORMAL,0,0,0,32,64
WH-03977,PLANNED,PORTFOLIO,1200,14,2.48,0.58,0.94,8.0,13.2,,0,0,LOW,LOW,0,0,0,0,MEDIUM,INTERMEDIATE,99.95,1,BUSINESS_HOURS,0,0,0,2,4
WH-03978,LIVE_URL,SAAS,576845,3100,21.38,1104.63,2043.57,579.49,51.3,,0,1,VERY_HIGH,HIGH,0,0,0,0,MEDIUM,INTERMEDIATE,99.9,0,SEASONAL,1,0,0,32,64
WH-03979,LIVE_URL,PORTFOLIO,857,9,3.63,0.54,1.08,19.24,42.9,67.8,1,1,LOW,LOW,0,0,0,1,RAPID,ADVANCED,99.9,0,BUSINESS_HOURS,0,0,0,2,4
WH-03980,PLANNED,NEWS,517454,63,2.88,3.02,4.08,9.19,15.6,,0,1,MEDIUM,LOW,0,0,1,0,STABLE,INTERMEDIATE,BASIC,0,NORMAL,0,0,0,1,8
WH-03981,LIVE_URL,API_SERVICE,413473,81,27.94,37.72,136.54,41.83,60.5,80.8,1,0,MEDIUM,VERY_HIGH,0,0,0,0,STABLE,INTERMEDIATE,99.95,1,EVENT_DRIVEN,0,0,0,8,16
WH-03982,PLANNED,MARKETPLACE,345292,3908,15.62,1017.38,2034.77,374.52,518.7,,0,0,VERY_HIGH,HIGH,1,2593,1,0,MEDIUM,INTERMEDIATE,99.95,1,WEEKEND,1,1,1,32,64
WH-03983,NEW_IDEA,API_SERVICE,934226,5609,17.83,1666.81,4667.06,518.89,37.0,,0,1,MEDIUM,HIGH,1,2152,1,0,SLOW,BEGINNER,99.95,1,EVENT_DRIVEN,0,1,1,32,64
WH-03984,PLANNED,API_SERVICE,54227,139,22.53,52.19,111.7,23.55,44.7,,0,1,MEDIUM,VERY_HIGH,0,0,1,0,MEDIUM,BEGINNER,99.95,1,WEEKEND,0,0,0,8,16
WH-03985,LIVE_URL,ECOMMERCE,120979,297,6.45,31.93,110.47,44.49,19.4,77.0,1,0,HIGH,HIGH,0,0,1,0,SLOW,ADVANCED,99.95,1,EVENT_DRIVEN,0,0,1,8,16
WH-03986,PLANNED,BLOG,2418,50,4.65,3.88,5.35,19.56,10.8,,0,1,LOW,MEDIUM,0,0,1,0,SLOW,BEGINNER,BASIC,0,NORMAL,0,0,0,2,4
WH-03987,NEW_IDEA,BLOG,6056,23,1.74,0.67,1.17,28.56,243.3,,0,1,LOW,LOW,0,0,0,1,RAPID,INTERMEDIATE,99.99,1,EVENING,0,0,0,2,4
WH-03988,LIVE_URL,API_SERVICE,261761,4116,24.41,1674.53,6262.73,267.28,83.4,87.7,1,0,HIGH,VERY_HIGH,0,0,1,0,MEDIUM,INTERMEDIATE,99.95,1,EVENT_DRIVEN,0,0,1,32,64
WH-03989,NEW_IDEA,COMMUNITY,119497,340,8.54,48.39,75.01,29.26,127.0,,0,0,MEDIUM,MEDIUM,0,0,0,0,MEDIUM,BEGINNER,99.9,0,NORMAL,0,0,0,4,8
WH-03990,PLANNED,PORTFOLIO,16555,14,1.97,0.46,0.74,9.78,47.1,,0,0,LOW,LOW,0,0,1,0,STABLE,BEGINNER,99.9,0,EVENING,0,0,1,2,4
WH-03991,LIVE_URL,ECOMMERCE,465661,2886,8.76,421.36,598.33,90.54,106.8,81.9,1,0,MEDIUM,HIGH,0,0,0,1,SLOW,INTERMEDIATE,BASIC,0,BUSINESS_HOURS,0,0,1,32,64
WH-03992,NEW_IDEA,API_SERVICE,220059,5657,26.06,2457.02,4004.95,1100.02,49.8,,0,1,MEDIUM,VERY_HIGH,0,0,0,0,SLOW,ADVANCED,99.9,0,EVENING,0,1,0,32,64
WH-03993,PLANNED,ECOMMERCE,249865,929,8.58,132.85,326.8,139.32,74.3,,0,1,VERY_HIGH,HIGH,0,0,1,0,STABLE,INTERMEDIATE,99.99,1,SEASONAL,1,1,0,32,64
WH-03994,PLANNED,API_SERVICE,102236,1504,28.11,704.62,1359.92,182.92,15.2,,0,1,LOW,HIGH,0,0,1,0,MEDIUM,INTERMEDIATE,99.95,1,WEEKEND,0,0,0,32,32
WH-03995,NEW_IDEA,MARKETPLACE,187298,58,12.21,11.8,17.7,31.67,31.7,,0,1,HIGH,HIGH,0,0,0,0,RAPID,ADVANCED,99.95,1,BUSINESS_HOURS,0,0,1,2,8
WH-03996,NEW_IDEA,MEDIA_STREAMING,10598,177,7.33,21.62,51.9,55.46,44.6,,0,1,LOW,MEDIUM,0,0,1,1,MEDIUM,BEGINNER,99.9,0,EVENT_DRIVEN,0,0,0,2,4
WH-03997,PLANNED,SAAS,305572,2720,10.88,493.23,1612.85,280.69,38.4,,0,0,HIGH,HIGH,1,1103,0,0,SLOW,ADVANCED,99.95,1,EVENT_DRIVEN,1,1,1,32,64
WH-03998,LIVE_URL,PORTFOLIO,2250,36,1.83,1.1,1.89,19.27,28.2,74.5,1,0,LOW,LOW,0,0,0,0,MEDIUM,INTERMEDIATE,99.5,0,BUSINESS_HOURS,0,1,0,2,4
WH-03999,LIVE_URL,ECOMMERCE,120173,32,15.46,8.25,12.04,30.84,46.6,75.1,1,0,HIGH,HIGH,0,0,0,0,MEDIUM,INTERMEDIATE,99.9,0,EVENING,0,0,1,1,8
WH-04000,LIVE_URL,CORPORATE,8603,40,4.84,3.23,12.58,8.0,43.0,70.4,1,1,LOW,MEDIUM,0,0,0,0,RAPID,ADVANCED,99.95,1,EVENT_DRIVEN,0,0,0,2,4
WH-04001,NEW_IDEA,SAAS,261795,2303,22.8,875.14,1732.78,183.96,23.3,,0,0,MEDIUM,HIGH,0,0,0,0,MEDIUM,INTERMEDIATE,99.9,0,EVENING,0,0,0,32,64
WH-04002,PLANNED,INTERNAL_BUSINESS,16928,8,4.75,0.63,0.8,17.98,63.4,,0,1,MEDIUM,MEDIUM,0,0,0,0,STABLE,BEGINNER,99.9,0,NORMAL,0,0,1,2,4
WH-04003,LIVE_URL,MARKETPLACE,10988,44,7.35,5.39,9.49,41.22,81.7,56.8,1,1,MEDIUM,HIGH,1,25,1,0,RAPID,BEGINNER,99.5,0,BUSINESS_HOURS,0,0,1,1,8
WH-04004,NEW_IDEA,CORPORATE,8315,72,3.05,3.66,5.45,19.87,39.7,,0,0,LOW,MEDIUM,0,0,0,0,MEDIUM,INTERMEDIATE,99.95,1,WEEKEND,0,0,0,2,4
WH-04005,PLANNED,SAAS,599678,2705,13.4,604.12,2313.77,444.0,132.4,,0,0,MEDIUM,HIGH,1,605,0,0,MEDIUM,INTERMEDIATE,99.9,0,EVENT_DRIVEN,0,0,0,32,64
WH-04006,LIVE_URL,SAAS,5569,114,18.4,34.96,95.44,18.95,53.8,86.4,1,1,MEDIUM,HIGH,0,0,0,0,SLOW,INTERMEDIATE,BASIC,0,EVENT_DRIVEN,0,0,0,4,8
WH-04007,PLANNED,NEWS,70286,99,3.32,5.48,7.61,28.33,57.5,,0,0,MEDIUM,MEDIUM,0,0,1,0,SLOW,ADVANCED,99.9,0,NORMAL,0,0,0,2,4
WH-04008,NEW_IDEA,SAAS,30918,762,15.03,190.88,257.69,84.32,158.4,,0,0,HIGH,HIGH,0,0,1,0,MEDIUM,INTERMEDIATE,99.5,0,NORMAL,0,0,1,16,32
WH-04009,NEW_IDEA,MARKETPLACE,267132,5329,15.44,1371.33,5361.9,307.6,140.7,,0,0,VERY_HIGH,HIGH,0,0,1,0,STABLE,ADVANCED,99.9,0,EVENT_DRIVEN,0,0,1,32,64
WH-04010,LIVE_URL,ECOMMERCE,112689,138,6.19,14.24,16.51,16.59,25.1,59.7,1,0,HIGH,VERY_HIGH,0,0,0,0,RAPID,INTERMEDIATE,99.95,1,NORMAL,0,1,1,4,8
WH-04011,NEW_IDEA,ECOMMERCE,10472,40,8.23,5.49,7.96,10.66,89.2,,0,1,HIGH,HIGH,0,0,0,0,SLOW,INTERMEDIATE,99.9,0,EVENING,0,0,1,1,8
WH-04012,NEW_IDEA,COMMUNITY,524093,29,11.93,5.77,8.01,26.44,16.4,,0,0,LOW,LOW,0,0,0,0,SLOW,INTERMEDIATE,99.95,1,NORMAL,0,0,0,2,4
WH-04013,NEW_IDEA,SAAS,105696,2616,16.8,732.48,1281.84,211.68,83.8,,0,0,HIGH,HIGH,0,0,1,0,MEDIUM,ADVANCED,99.9,0,EVENING,0,1,1,32,64
WH-04014,PLANNED,CORPORATE,3084,16,3.89,1.04,1.3,8.0,30.2,,0,1,LOW,LOW,0,0,1,0,MEDIUM,INTERMEDIATE,BASIC,0,NORMAL,0,0,0,1,4
WH-04015,PLANNED,ECOMMERCE,94635,70,15.64,18.25,37.95,27.21,130.2,,0,1,HIGH,HIGH,0,0,0,0,MEDIUM,ADVANCED,99.95,1,EVENING,0,0,1,4,8
WH-04016,NEW_IDEA,SAAS,228334,2863,23.6,1126.11,2218.44,497.06,416.3,,0,0,MEDIUM,HIGH,1,1496,0,1,MEDIUM,INTERMEDIATE,BASIC,0,BUSINESS_HOURS,0,0,0,32,64
WH-04017,PLANNED,ECOMMERCE,54235,199,9.7,32.17,86.54,43.77,84.1,,0,1,HIGH,HIGH,0,0,0,0,MEDIUM,INTERMEDIATE,99.9,0,SEASONAL,0,0,1,4,8
WH-04018,PLANNED,CORPORATE,12169,90,1.99,2.98,4.57,23.78,25.1,,0,1,LOW,LOW,0,0,1,0,MEDIUM,ADVANCED,99.9,0,NORMAL,0,0,0,1,4
WH-04019,PLANNED,API_SERVICE,314386,2565,33.73,1441.96,2436.91,106.36,78.2,,0,0,MEDIUM,VERY_HIGH,0,0,1,0,MEDIUM,INTERMEDIATE,BASIC,0,EVENING,0,1,0,32,64
WH-04020,NEW_IDEA,SAAS,37797,400,18.39,122.6,213.32,16.34,121.5,,0,1,MEDIUM,MEDIUM,0,0,0,0,RAPID,ADVANCED,99.9,0,BUSINESS_HOURS,0,0,0,8,16
WH-04021,PLANNED,SAAS,421402,5649,10.15,955.62,2255.27,264.79,47.4,,0,0,HIGH,HIGH,0,0,1,0,MEDIUM,ADVANCED,99.95,1,EVENT_DRIVEN,1,0,0,32,64
WH-04022,PLANNED,NEWS,234673,672,4.4,49.28,64.06,13.74,90.6,,0,0,HIGH,LOW,0,0,0,0,MEDIUM,ADVANCED,99.9,0,NORMAL,0,0,1,2,8
WH-04023,PLANNED,SAAS,24383,600,14.45,144.5,189.3,207.69,320.5,,0,0,VERY_HIGH,HIGH,0,0,1,0,SLOW,INTERMEDIATE,99.95,1,NORMAL,0,0,1,16,32
WH-04024,LIVE_URL,SAAS,9729,267,12.19,54.25,97.1,33.58,133.4,59.0,1,0,HIGH,HIGH,0,0,0,0,RAPID,BEGINNER,99.95,1,BUSINESS_HOURS,0,0,1,8,16
WH-04025,NEW_IDEA,API_SERVICE,271646,2081,29.13,1010.33,1869.1,238.04,29.6,,0,1,HIGH,VERY_HIGH,0,0,1,0,SLOW,INTERMEDIATE,99.9,0,EVENING,0,1,1,32,64
WH-04026,LIVE_URL,API_SERVICE,750434,3722,33.72,2091.76,2949.39,644.21,13.0,91.1,1,1,LOW,VERY_HIGH,0,0,1,0,SLOW,BEGINNER,99.95,1,NORMAL,1,0,0,32,32
WH-04027,LIVE_URL,COMMUNITY,16223,291,4.7,22.8,68.61,23.11,53.1,69.3,1,1,LOW,MEDIUM,0,0,1,0,RAPID,BEGINNER,99.95,1,SEASONAL,0,0,0,4,8
WH-04028,LIVE_URL,SAAS,11978,268,14.09,62.94,77.41,74.63,72.2,51.7,1,0,MEDIUM,HIGH,0,0,1,0,SLOW,INTERMEDIATE,99.95,1,NORMAL,0,0,0,4,8
WH-04029,PLANNED,ECOMMERCE,10541,164,11.98,32.75,66.47,35.86,35.4,,0,0,HIGH,HIGH,0,0,0,0,STABLE,INTERMEDIATE,99.95,1,EVENING,0,0,1,4,8
WH-04030,LIVE_URL,SAAS,746307,4465,10.58,787.33,2999.72,266.01,66.4,69.7,1,0,HIGH,VERY_HIGH,1,3791,1,1,STABLE,BEGINNER,99.9,0,EVENT_DRIVEN,0,1,1,32,64
WH-04031,LIVE_URL,PORTFOLIO,6376,9,2.0,0.3,0.57,23.2,19.8,66.2,1,0,LOW,MEDIUM,0,0,1,0,SLOW,INTERMEDIATE,99.9,0,BUSINESS_HOURS,0,0,0,2,4
WH-04032,LIVE_URL,API_SERVICE,31010,57,11.05,10.5,16.69,49.66,39.9,60.5,1,0,MEDIUM,VERY_HIGH,0,0,1,0,SLOW,BEGINNER,BASIC,0,BUSINESS_HOURS,0,0,0,2,8
WH-04033,NEW_IDEA,CORPORATE,3805,53,5.93,5.24,7.86,8.0,15.5,,0,1,LOW,LOW,0,0,0,0,STABLE,BEGINNER,99.5,0,EVENING,0,0,1,2,4
WH-04034,NEW_IDEA,API_SERVICE,1057446,5881,20.55,2014.24,5196.75,336.15,60.6,,0,1,MEDIUM,VERY_HIGH,0,0,1,0,STABLE,ADVANCED,99.95,1,SEASONAL,0,0,0,32,64
WH-04035,NEW_IDEA,SAAS,34763,196,5.95,19.44,42.76,40.53,231.8,,0,1,VERY_HIGH,HIGH,0,0,0,0,MEDIUM,ADVANCED,BASIC,0,SEASONAL,0,0,1,4,16
WH-04036,PLANNED,SAAS,61573,1691,14.51,408.94,1378.13,159.53,32.5,,0,1,MEDIUM,HIGH,1,780,0,0,MEDIUM,ADVANCED,99.5,0,SEASONAL,0,0,0,32,64
WH-04037,LIVE_URL,MARKETPLACE,748822,4213,11.56,811.7,3125.06,332.16,89.7,,0,1,HIGH,HIGH,1,1902,1,1,SLOW,BEGINNER,BASIC,0,EVENT_DRIVEN,0,1,0,32,64
WH-04038,LIVE_URL,CORPORATE,4344,13,3.6,0.78,1.41,8.0,72.4,87.8,1,0,LOW,LOW,0,0,0,0,RAPID,ADVANCED,99.9,0,WEEKEND,0,0,0,2,4
WH-04039,PLANNED,API_SERVICE,195261,3667,11.95,730.34,1102.82,126.11,19.9,,0,0,MEDIUM,VERY_HIGH,0,0,0,0,SLOW,INTERMEDIATE,99.95,1,NORMAL,0,1,0,32,64
WH-04040,NEW_IDEA,SAAS,1031857,697,17.37,201.78,278.46,47.04,143.0,,0,1,HIGH,HIGH,0,0,1,0,RAPID,INTERMEDIATE,99.9,0,NORMAL,0,1,1,16,32
WH-04041,NEW_IDEA,SAAS,32389,166,23.26,64.35,248.4,41.38,42.6,,0,0,HIGH,HIGH,0,0,0,0,RAPID,INTERMEDIATE,99.95,1,EVENT_DRIVEN,0,0,1,16,32
WH-04042,PLANNED,ECOMMERCE,11392,37,14.19,8.75,28.44,36.09,23.5,,0,0,HIGH,HIGH,0,0,1,0,RAPID,INTERMEDIATE,99.99,1,EVENT_DRIVEN,0,1,1,4,8
WH-04043,LIVE_URL,INTERNAL_BUSINESS,205,4,9.12,0.61,0.92,14.01,94.0,85.5,1,1,MEDIUM,HIGH,0,0,0,0,STABLE,BEGINNER,BASIC,0,NORMAL,0,0,0,1,4
WH-04044,LIVE_URL,API_SERVICE,362433,3988,11.11,738.44,3035.01,1028.06,76.0,,0,1,MEDIUM,VERY_HIGH,0,0,1,0,RAPID,BEGINNER,99.9,0,EVENT_DRIVEN,0,1,0,32,64
WH-04045,LIVE_URL,CORPORATE,6465,22,5.95,2.18,4.63,35.14,24.8,81.2,1,0,LOW,LOW,0,0,0,0,MEDIUM,BEGINNER,99.5,0,WEEKEND,0,0,0,1,4
WH-04046,NEW_IDEA,SAAS,217145,3080,17.41,893.71,3011.81,424.87,52.3,,0,1,HIGH,HIGH,1,776,0,0,MEDIUM,BEGINNER,99.95,1,EVENT_DRIVEN,1,1,1,32,64
WH-04047,LIVE_URL,BLOG,21316,35,4.25,2.48,7.12,24.7,55.9,55.2,1,1,LOW,LOW,0,0,0,0,MEDIUM,BEGINNER,99.95,1,SEASONAL,0,0,0,2,4
WH-04048,NEW_IDEA,MARKETPLACE,1041644,5674,9.9,936.21,1619.64,421.37,168.9,,0,1,VERY_HIGH,HIGH,1,3349,1,0,MEDIUM,ADVANCED,99.99,1,EVENING,1,0,1,32,64
WH-04049,NEW_IDEA,SAAS,238494,537,19.62,175.6,716.44,105.49,209.9,,0,1,HIGH,HIGH,0,0,1,0,STABLE,BEGINNER,99.9,0,EVENT_DRIVEN,0,1,1,32,64
WH-04050,PLANNED,ECOMMERCE,528632,1341,12.97,289.88,547.87,108.05,580.0,,0,0,MEDIUM,MEDIUM,0,0,0,1,RAPID,INTERMEDIATE,99.9,0,EVENING,0,0,1,16,32
WH-04051,PLANNED,SAAS,1771431,4868,21.54,1747.61,3075.8,405.82,111.2,,0,0,VERY_HIGH,HIGH,1,2039,1,0,MEDIUM,INTERMEDIATE,99.9,0,BUSINESS_HOURS,0,1,0,32,64
WH-04052,LIVE_URL,MARKETPLACE,27262,209,8.06,28.08,32.85,31.56,44.4,65.2,1,0,HIGH,HIGH,0,0,1,0,SLOW,BEGINNER,99.95,1,NORMAL,0,0,0,2,8
WH-04053,PLANNED,API_SERVICE,523958,654,11.21,122.19,339.69,127.34,26.2,,0,1,MEDIUM,VERY_HIGH,0,0,1,0,STABLE,ADVANCED,99.9,0,SEASONAL,1,0,0,32,64
WH-04054,PLANNED,COMMUNITY,133669,233,5.11,19.84,36.91,113.33,644.3,,0,0,MEDIUM,MEDIUM,0,0,0,1,SLOW,INTERMEDIATE,99.95,1,EVENING,0,0,0,2,8
WH-04055,NEW_IDEA,SAAS,460666,4921,16.31,1337.69,5136.74,1373.72,177.3,,0,1,VERY_HIGH,VERY_HIGH,1,3695,0,0,MEDIUM,ADVANCED,99.9,0,EVENT_DRIVEN,0,1,0,32,64
WH-04056,PLANNED,API_SERVICE,547888,4661,29.65,2303.31,3316.77,397.94,54.5,,0,1,MEDIUM,VERY_HIGH,0,0,1,0,MEDIUM,BEGINNER,99.9,0,NORMAL,1,0,0,32,64
WH-04057,LIVE_URL,BLOG,32444,54,2.56,2.3,3.02,40.2,10.0,,0,1,LOW,MEDIUM,0,0,0,0,MEDIUM,BEGINNER,99.9,0,NORMAL,0,0,1,2,4
WH-04058,LIVE_URL,MARKETPLACE,68883,110,7.08,12.98,19.47,16.11,119.2,68.4,1,0,HIGH,HIGH,0,0,1,0,SLOW,BEGINNER,99.9,0,NORMAL,0,0,1,2,8
WH-04059,LIVE_URL,SAAS,1435564,3681,19.38,1188.96,2580.05,324.19,170.6,55.3,1,1,VERY_HIGH,HIGH,0,0,1,0,SLOW,BEGINNER,99.9,0,SEASONAL,1,0,1,32,64
WH-04060,LIVE_URL,SAAS,548063,327,17.04,92.87,120.73,94.3,261.6,63.0,1,0,VERY_HIGH,HIGH,0,0,0,0,STABLE,BEGINNER,99.9,0,WEEKEND,0,0,1,8,16
WH-04061,LIVE_URL,CORPORATE,15243,133,2.48,5.5,8.58,14.35,10.0,,0,0,LOW,MEDIUM,0,0,0,0,SLOW,ADVANCED,BASIC,0,BUSINESS_HOURS,0,0,0,2,4
WH-04062,LIVE_URL,SAAS,390431,308,9.46,48.56,81.58,40.4,25.5,92.4,1,0,HIGH,HIGH,0,0,0,0,MEDIUM,INTERMEDIATE,99.9,0,EVENING,0,1,1,4,8
WH-04063,PLANNED,API_SERVICE,277228,5205,16.09,1395.81,2093.71,305.52,137.2,,0,0,MEDIUM,VERY_HIGH,1,2803,1,0,MEDIUM,ADVANCED,99.95,1,NORMAL,0,0,0,32,64
WH-04064,PLANNED,PORTFOLIO,2491,34,3.75,2.12,6.8,24.78,63.2,,0,0,LOW,LOW,0,0,1,0,STABLE,INTERMEDIATE,99.5,0,EVENT_DRIVEN,0,0,0,2,4
WH-04065,NEW_IDEA,BLOG,22685,51,2.48,2.11,2.72,38.25,54.5,,0,0,LOW,LOW,0,0,1,0,MEDIUM,BEGINNER,99.95,1,NORMAL,0,1,1,4,4
WH-04066,PLANNED,NEWS,598604,78,4.64,6.03,12.0,40.35,37.6,,0,0,MEDIUM,MEDIUM,0,0,0,0,SLOW,BEGINNER,99.95,1,WEEKEND,0,0,1,2,8
WH-04067,NEW_IDEA,INTERNAL_BUSINESS,2429,71,6.09,7.21,26.59,16.27,48.3,,0,0,MEDIUM,MEDIUM,0,0,0,0,SLOW,ADVANCED,99.9,0,EVENT_DRIVEN,0,0,0,1,4
WH-04068,PLANNED,ECOMMERCE,34948,294,10.76,52.72,108.08,49.62,59.2,,0,0,HIGH,MEDIUM,0,0,1,0,MEDIUM,ADVANCED,99.99,1,EVENT_DRIVEN,0,0,1,8,16
WH-04069,LIVE_URL,SAAS,205188,70,20.7,24.15,52.65,27.57,97.4,55.6,1,0,HIGH,HIGH,0,0,1,0,SLOW,ADVANCED,99.9,0,WEEKEND,0,0,1,4,8
WH-04070,NEW_IDEA,BLOG,40933,13,2.0,0.43,0.63,16.66,27.3,,0,1,LOW,LOW,0,0,0,0,STABLE,BEGINNER,99.9,0,EVENING,0,0,1,2,4
WH-04071,LIVE_URL,ECOMMERCE,249269,31,8.25,4.26,5.97,30.29,36.5,82.3,1,1,MEDIUM,HIGH,0,0,0,0,MEDIUM,BEGINNER,99.95,1,WEEKEND,0,0,0,2,4
WH-04072,NEW_IDEA,CORPORATE,2722,44,1.59,1.17,1.5,10.16,22.3,,0,0,LOW,LOW,0,0,1,0,STABLE,BEGINNER,99.5,0,NORMAL,0,0,0,2,4
WH-04073,NEW_IDEA,EDUCATION,4287,56,8.75,8.17,14.7,33.14,97.3,,0,0,HIGH,MEDIUM,0,0,0,1,MEDIUM,BEGINNER,BASIC,0,WEEKEND,0,0,0,2,8
WH-04074,PLANNED,CORPORATE,42120,55,4.66,4.27,5.98,17.63,38.1,,0,0,LOW,LOW,0,0,0,0,SLOW,INTERMEDIATE,99.9,0,BUSINESS_HOURS,0,0,0,2,4
WH-04075,NEW_IDEA,NEWS,117462,1462,2.58,62.87,74.81,67.79,21.5,,0,0,MEDIUM,MEDIUM,0,0,0,0,RAPID,BEGINNER,99.95,1,NORMAL,0,0,0,4,8
WH-04076,NEW_IDEA,SAAS,35221,111,21.1,39.04,98.37,36.44,36.7,,0,0,HIGH,HIGH,1,74,1,0,SLOW,BEGINNER,99.5,0,SEASONAL,0,0,0,8,16
WH-04077,PLANNED,SAAS,238308,6341,19.65,2076.68,2637.38,293.6,143.7,,0,1,HIGH,MEDIUM,0,0,0,0,STABLE,BEGINNER,99.5,0,NORMAL,0,1,1,32,64
WH-04078,NEW_IDEA,API_SERVICE,410242,4912,33.48,2740.9,3974.3,375.02,56.4,,0,0,HIGH,VERY_HIGH,0,0,0,0,RAPID,ADVANCED,99.99,1,NORMAL,0,0,0,32,64
WH-04079,LIVE_URL,MARKETPLACE,99292,333,19.26,106.89,213.79,90.87,48.1,75.9,1,1,HIGH,HIGH,1,74,1,0,MEDIUM,ADVANCED,BASIC,0,EVENING,0,0,0,16,32
WH-04080,NEW_IDEA,CORPORATE,4827,41,4.47,3.05,3.57,22.73,58.8,,0,1,LOW,LOW,0,0,1,0,MEDIUM,INTERMEDIATE,99.95,1,NORMAL,0,0,1,2,4
WH-04081,PLANNED,EDUCATION,148327,84,3.92,5.49,7.85,28.89,348.8,,0,0,MEDIUM,MEDIUM,0,0,0,1,SLOW,BEGINNER,99.9,0,NORMAL,0,0,1,2,8
WH-04082,LIVE_URL,SAAS,409610,5556,23.81,2204.81,2579.62,289.42,14.5,68.6,1,0,MEDIUM,HIGH,0,0,0,0,SLOW,INTERMEDIATE,99.95,1,NORMAL,1,0,1,32,64
WH-04083,PLANNED,ECOMMERCE,24664,569,12.19,115.6,163.0,50.36,32.7,,0,1,MEDIUM,HIGH,0,0,0,0,RAPID,BEGINNER,99.95,1,BUSINESS_HOURS,0,0,0,8,16
WH-04084,PLANNED,INTERNAL_BUSINESS,639,5,7.42,0.62,2.5,36.99,57.2,,0,1,MEDIUM,MEDIUM,0,0,0,0,RAPID,BEGINNER,99.9,0,EVENT_DRIVEN,0,0,0,2,4
WH-04085,PLANNED,SAAS,317037,26,19.65,8.51,16.26,18.93,206.0,,0,0,HIGH,MEDIUM,0,0,0,0,RAPID,INTERMEDIATE,99.5,0,EVENING,0,1,1,2,8
WH-04086,LIVE_URL,API_SERVICE,766767,2765,10.87,500.93,1016.88,61.01,45.8,81.9,1,0,HIGH,HIGH,1,1078,0,0,MEDIUM,BEGINNER,99.5,0,EVENING,0,1,0,32,64
WH-04087,LIVE_URL,INTERNAL_BUSINESS,806,15,4.86,1.22,1.49,52.74,66.5,83.4,1,0,HIGH,MEDIUM,0,0,0,0,SLOW,ADVANCED,BASIC,0,NORMAL,0,0,0,2,8
WH-04088,PLANNED,INTERNAL_BUSINESS,9054,107,4.04,7.2,10.37,56.98,18.0,,0,1,LOW,MEDIUM,0,0,0,0,MEDIUM,INTERMEDIATE,99.5,0,NORMAL,0,0,0,1,4
WH-04089,PLANNED,PORTFOLIO,576,6,3.58,0.36,0.52,18.64,34.6,,0,0,LOW,LOW,0,0,0,0,MEDIUM,BEGINNER,99.9,0,NORMAL,0,0,0,2,4
WH-04090,LIVE_URL,NEWS,53315,310,7.16,36.99,57.34,15.23,58.0,56.1,1,0,MEDIUM,MEDIUM,0,0,0,0,MEDIUM,ADVANCED,99.9,0,BUSINESS_HOURS,0,0,0,2,8
WH-04091,LIVE_URL,CORPORATE,36456,11,3.36,0.62,1.68,11.35,11.0,59.8,1,0,LOW,LOW,0,0,0,0,SLOW,INTERMEDIATE,99.5,0,SEASONAL,0,0,0,2,4
WH-04092,PLANNED,BLOG,2272,18,1.83,0.55,1.19,21.87,20.2,,0,0,LOW,LOW,0,0,0,0,SLOW,INTERMEDIATE,BASIC,0,WEEKEND,0,0,1,1,4
WH-04093,PLANNED,API_SERVICE,5875,155,30.56,78.95,321.31,66.06,63.8,,0,1,MEDIUM,HIGH,0,0,0,0,MEDIUM,BEGINNER,99.9,0,EVENT_DRIVEN,0,0,0,16,32
WH-04094,LIVE_URL,MARKETPLACE,765128,1381,12.7,292.31,488.16,169.72,344.1,69.2,1,1,VERY_HIGH,VERY_HIGH,0,0,1,0,RAPID,ADVANCED,99.9,0,WEEKEND,1,0,1,32,64
WH-04095,PLANNED,MARKETPLACE,38690,882,13.88,204.04,473.36,116.3,391.9,,0,1,VERY_HIGH,HIGH,0,0,0,0,RAPID,INTERMEDIATE,99.5,0,EVENT_DRIVEN,0,0,1,32,64
WH-04096,PLANNED,API_SERVICE,349794,4091,8.94,609.56,889.96,241.87,11.0,,0,1,MEDIUM,HIGH,0,0,0,0,MEDIUM,INTERMEDIATE,99.95,1,NORMAL,0,0,1,32,64
WH-04097,PLANNED,API_SERVICE,463226,2787,30.76,1428.8,2614.71,377.0,59.8,,0,0,MEDIUM,VERY_HIGH,0,0,1,0,STABLE,ADVANCED,99.9,0,WEEKEND,0,0,0,32,64
WH-04098,LIVE_URL,API_SERVICE,1037403,1109,22.57,417.17,1581.07,184.38,13.3,84.8,1,0,MEDIUM,VERY_HIGH,0,0,1,0,MEDIUM,INTERMEDIATE,99.5,0,EVENT_DRIVEN,0,1,0,32,64
WH-04099,LIVE_URL,SAAS,668569,1277,9.13,194.32,264.27,46.56,138.9,,0,0,HIGH,MEDIUM,0,0,1,0,RAPID,ADVANCED,99.9,0,BUSINESS_HOURS,0,1,1,16,32
WH-04100,NEW_IDEA,INTERNAL_BUSINESS,20733,157,9.03,23.63,47.02,19.95,50.7,,0,0,MEDIUM,HIGH,0,0,0,0,SLOW,INTERMEDIATE,99.95,1,WEEKEND,0,0,0,2,8
WH-04101,PLANNED,PORTFOLIO,20772,19,3.44,1.09,1.31,19.29,10.0,,0,1,LOW,LOW,0,0,1,0,RAPID,BEGINNER,BASIC,0,NORMAL,0,0,1,1,4
WH-04102,PLANNED,SAAS,572050,4648,14.27,1105.45,2133.52,667.44,98.4,,0,0,HIGH,HIGH,0,0,1,0,SLOW,ADVANCED,99.9,0,BUSINESS_HOURS,0,1,0,32,64
WH-04103,NEW_IDEA,CORPORATE,52378,64,5.5,5.87,7.92,8.0,23.3,,0,0,LOW,LOW,0,0,1,0,SLOW,BEGINNER,99.9,0,NORMAL,0,0,1,2,4
WH-04104,PLANNED,CORPORATE,2008,21,5.83,2.04,3.59,11.11,10.0,,0,0,LOW,LOW,0,0,0,0,STABLE,ADVANCED,BASIC,0,BUSINESS_HOURS,0,0,0,2,4
WH-04105,LIVE_URL,EDUCATION,363868,22,9.29,3.41,6.2,12.91,52.2,70.2,1,0,MEDIUM,MEDIUM,0,0,0,0,MEDIUM,BEGINNER,99.5,0,SEASONAL,0,0,0,2,4
WH-04106,NEW_IDEA,API_SERVICE,160622,3617,22.52,1357.58,2565.83,204.66,62.9,,0,0,MEDIUM,VERY_HIGH,0,0,0,0,SLOW,BEGINNER,BASIC,0,BUSINESS_HOURS,0,1,0,32,64
WH-04107,LIVE_URL,ECOMMERCE,32212,343,15.62,89.29,125.01,77.71,26.1,57.9,1,0,HIGH,HIGH,1,110,0,0,SLOW,BEGINNER,99.95,1,WEEKEND,0,0,1,8,16
WH-04108,LIVE_URL,CORPORATE,5427,68,3.38,3.83,5.02,63.27,28.8,43.3,1,1,LOW,MEDIUM,0,0,0,1,SLOW,INTERMEDIATE,99.95,1,NORMAL,0,1,1,2,8
WH-04109,LIVE_URL,API_SERVICE,319842,2495,25.79,1072.43,1951.83,233.05,14.7,89.2,1,0,LOW,VERY_HIGH,0,0,0,0,SLOW,INTERMEDIATE,99.95,1,WEEKEND,0,1,0,32,32
WH-04110,LIVE_URL,SAAS,267370,2746,23.28,1065.45,1470.32,233.59,20.7,72.7,1,0,MEDIUM,VERY_HIGH,0,0,1,0,MEDIUM,ADVANCED,99.9,0,NORMAL,0,0,0,32,64
WH-04111,NEW_IDEA,CORPORATE,2712,10,1.71,0.29,0.43,50.29,12.6,,0,0,LOW,LOW,0,0,0,0,MEDIUM,BEGINNER,99.9,0,NORMAL,0,0,0,1,4
WH-04112,LIVE_URL,SAAS,214989,3197,20.08,1069.93,2300.35,472.57,45.9,66.7,1,0,HIGH,MEDIUM,1,792,1,0,MEDIUM,BEGINNER,99.9,0,WEEKEND,1,0,0,32,64
WH-04113,LIVE_URL,CORPORATE,2264,7,2.57,0.3,0.52,8.0,17.1,98.8,1,0,LOW,MEDIUM,0,0,0,0,MEDIUM,ADVANCED,99.95,1,EVENING,0,0,0,2,4
WH-04114,PLANNED,MARKETPLACE,64490,139,18.02,41.75,137.35,157.69,23.9,,0,1,HIGH,VERY_HIGH,0,0,1,0,STABLE,ADVANCED,BASIC,0,SEASONAL,0,0,0,16,32
WH-04115,NEW_IDEA,SAAS,96763,54,5.87,5.28,15.74,28.17,15.5,,0,1,MEDIUM,HIGH,1,23,1,0,MEDIUM,ADVANCED,99.5,0,EVENT_DRIVEN,0,0,1,2,8
WH-04116,LIVE_URL,PORTFOLIO,18557,9,2.46,0.37,0.54,13.11,15.7,82.5,1,0,LOW,LOW,0,0,0,0,MEDIUM,INTERMEDIATE,99.9,0,NORMAL,0,0,1,1,4
WH-04117,PLANNED,API_SERVICE,609926,2934,23.52,1150.13,3599.9,116.22,43.6,,0,0,MEDIUM,VERY_HIGH,0,0,0,0,SLOW,INTERMEDIATE,99.5,0,EVENT_DRIVEN,0,0,0,32,64
WH-04118,PLANNED,BLOG,2640,7,2.29,0.27,0.4,8.0,14.6,,0,1,LOW,LOW,0,0,0,0,MEDIUM,BEGINNER,99.5,0,NORMAL,0,0,1,2,4
WH-04119,PLANNED,BLOG,40430,8,4.97,0.66,1.54,12.96,19.6,,0,1,LOW,LOW,0,0,0,0,SLOW,ADVANCED,99.95,1,EVENT_DRIVEN,0,0,0,2,4
WH-04120,NEW_IDEA,PORTFOLIO,18464,19,1.71,0.54,0.92,14.83,52.5,,0,1,LOW,LOW,0,0,1,0,MEDIUM,ADVANCED,BASIC,0,BUSINESS_HOURS,0,1,1,2,4
WH-04121,PLANNED,SAAS,804744,4167,18.31,1271.63,4120.08,401.02,174.4,,0,0,HIGH,HIGH,1,1483,1,0,SLOW,BEGINNER,99.99,1,EVENT_DRIVEN,0,0,0,32,64
WH-04122,PLANNED,CORPORATE,8841,59,4.96,4.88,5.61,14.35,68.3,,0,0,LOW,LOW,0,0,0,0,RAPID,BEGINNER,99.95,1,NORMAL,0,0,0,2,4
WH-04123,NEW_IDEA,INTERNAL_BUSINESS,29821,98,7.97,13.02,16.53,32.88,36.4,,0,1,MEDIUM,MEDIUM,0,0,0,0,RAPID,INTERMEDIATE,99.9,0,NORMAL,0,0,0,1,4
WH-04124,NEW_IDEA,MEDIA_STREAMING,63445,123,5.43,11.13,15.92,8.0,49.4,,0,1,MEDIUM,MEDIUM,0,0,0,1,STABLE,BEGINNER,99.9,0,BUSINESS_HOURS,0,0,0,2,8
WH-04125,LIVE_URL,SAAS,1057166,4996,18.54,1543.76,5063.55,240.3,29.9,62.8,1,1,MEDIUM,HIGH,1,2734,1,0,MEDIUM,INTERMEDIATE,99.95,1,EVENT_DRIVEN,0,1,1,32,64
WH-04126,PLANNED,ECOMMERCE,10474,39,8.99,5.84,8.41,12.92,55.2,,0,0,HIGH,HIGH,0,0,0,0,SLOW,INTERMEDIATE,99.9,0,EVENING,0,0,1,2,8
WH-04127,LIVE_URL,BLOG,11837,7,3.88,0.45,0.65,25.09,27.2,92.9,1,0,LOW,LOW,0,0,0,0,SLOW,BEGINNER,99.9,0,NORMAL,0,0,0,1,4
WH-04128,PLANNED,EDUCATION,10423,158,10.94,28.81,93.05,20.91,21.0,,0,0,MEDIUM,MEDIUM,1,32,0,0,MEDIUM,ADVANCED,99.9,0,EVENT_DRIVEN,0,0,1,4,8
WH-04129,LIVE_URL,EDUCATION,68571,526,3.08,27.0,37.53,45.84,106.4,95.2,1,0,MEDIUM,HIGH,0,0,0,0,STABLE,ADVANCED,99.9,0,WEEKEND,0,0,0,2,8
WH-04130,LIVE_URL,SAAS,336956,5920,19.66,1939.79,2599.31,571.08,78.1,59.7,1,0,HIGH,VERY_HIGH,1,2558,0,0,MEDIUM,INTERMEDIATE,99.9,0,NORMAL,0,0,1,32,64
WH-04131,NEW_IDEA,CORPORATE,20025,105,5.53,9.68,11.61,8.0,13.0,,0,1,LOW,LOW,0,0,1,0,STABLE,BEGINNER,99.95,1,NORMAL,0,0,0,2,4
WH-04132,LIVE_URL,CORPORATE,3001,35,2.9,1.69,3.15,29.54,25.7,75.1,1,0,LOW,LOW,0,0,0,0,SLOW,INTERMEDIATE,BASIC,0,EVENING,0,0,0,1,4
WH-04133,NEW_IDEA,API_SERVICE,27094,203,26.3,88.98,298.09,34.36,28.1,,0,1,MEDIUM,VERY_HIGH,0,0,0,0,SLOW,INTERMEDIATE,99.9,0,EVENT_DRIVEN,0,0,1,32,64
WH-04134,PLANNED,SAAS,12806,303,6.04,30.5,58.56,56.7,66.1,,0,1,MEDIUM,HIGH,1,189,0,0,SLOW,INTERMEDIATE,BASIC,0,EVENING,0,1,0,4,8
WH-04135,LIVE_URL,SAAS,783082,2022,19.91,670.97,1717.68,224.84,29.1,73.7,1,0,HIGH,VERY_HIGH,1,1422,1,0,SLOW,INTERMEDIATE,99.9,0,SEASONAL,1,1,0,32,64
WH-04136,LIVE_URL,PORTFOLIO,3133,27,3.76,1.69,4.55,9.69,11.7,90.4,1,1,LOW,LOW,0,0,0,0,MEDIUM,BEGINNER,99.9,0,EVENT_DRIVEN,0,0,0,1,4
WH-04137,NEW_IDEA,INTERNAL_BUSINESS,3455,3,2.28,0.11,0.39,13.76,94.7,,0,0,MEDIUM,LOW,0,0,0,0,MEDIUM,INTERMEDIATE,99.5,0,SEASONAL,0,0,1,1,4
WH-04138,LIVE_URL,SAAS,104314,810,10.01,135.13,185.13,15.28,63.6,66.1,1,0,VERY_HIGH,VERY_HIGH,0,0,1,0,RAPID,BEGINNER,99.99,1,NORMAL,0,1,1,16,32
WH-04139,LIVE_URL,MARKETPLACE,868476,5563,12.37,1146.91,3314.56,252.15,93.6,75.4,1,0,HIGH,VERY_HIGH,0,0,1,0,MEDIUM,ADVANCED,99.95,1,EVENT_DRIVEN,0,1,1,32,64
WH-04140,LIVE_URL,NEWS,429090,918,6.02,92.11,112.37,147.62,147.5,84.7,1,0,MEDIUM,HIGH,0,0,0,1,MEDIUM,ADVANCED,99.9,0,NORMAL,0,0,0,4,8
WH-04141,PLANNED,PORTFOLIO,3453,25,1.45,0.6,1.3,18.0,10.4,,0,0,LOW,LOW,0,0,1,0,RAPID,INTERMEDIATE,99.9,0,EVENT_DRIVEN,0,0,1,1,4
WH-04142,LIVE_URL,CORPORATE,99942,19,4.98,1.58,2.22,9.8,92.9,62.0,1,1,LOW,LOW,0,0,0,1,SLOW,BEGINNER,99.95,1,EVENING,0,0,0,2,4
WH-04143,PLANNED,BLOG,9487,55,4.17,3.82,7.61,16.64,23.1,,0,0,LOW,LOW,0,0,0,0,STABLE,ADVANCED,99.9,0,SEASONAL,0,0,0,2,4
WH-04144,LIVE_URL,ECOMMERCE,13819,248,13.96,57.7,79.63,89.46,96.7,,0,1,HIGH,HIGH,0,0,1,0,MEDIUM,INTERMEDIATE,99.99,1,NORMAL,0,0,0,4,8
WH-04145,LIVE_URL,MEDIA_STREAMING,41159,258,2.34,10.06,12.38,25.79,92.2,66.1,1,1,MEDIUM,LOW,0,0,1,1,SLOW,BEGINNER,BASIC,0,NORMAL,0,0,0,2,8
WH-04146,LIVE_URL,NEWS,51891,118,6.29,12.37,40.57,31.15,257.1,81.7,1,0,HIGH,MEDIUM,0,0,0,0,MEDIUM,INTERMEDIATE,99.9,0,EVENT_DRIVEN,0,0,0,1,8
WH-04147,PLANNED,SAAS,382997,317,15.63,82.58,126.35,43.95,126.3,,0,1,HIGH,HIGH,0,0,1,0,SLOW,BEGINNER,99.9,0,NORMAL,0,0,0,8,16
WH-04148,PLANNED,MARKETPLACE,707905,5770,17.29,1662.72,3641.36,643.87,191.7,,0,1,MEDIUM,HIGH,0,0,1,1,MEDIUM,BEGINNER,99.95,1,WEEKEND,0,0,1,32,64
WH-04149,LIVE_URL,CORPORATE,12639,8,2.1,0.28,0.6,8.0,26.4,82.1,1,0,LOW,MEDIUM,0,0,0,0,MEDIUM,INTERMEDIATE,99.99,1,EVENT_DRIVEN,0,0,0,2,4
WH-04150,PLANNED,CORPORATE,3742,31,5.49,2.84,3.4,93.0,11.9,,0,0,LOW,LOW,0,0,0,0,SLOW,BEGINNER,BASIC,0,NORMAL,0,0,1,1,4
WH-04151,PLANNED,MEDIA_STREAMING,11047,170,4.33,12.27,18.89,52.09,45.4,,0,0,LOW,MEDIUM,0,0,0,1,SLOW,BEGINNER,99.9,0,NORMAL,0,0,0,2,4
WH-04152,PLANNED,EDUCATION,117509,70,7.26,8.47,10.33,25.08,99.9,,0,0,MEDIUM,LOW,0,0,1,0,MEDIUM,BEGINNER,99.95,1,NORMAL,0,0,0,2,8
WH-04153,LIVE_URL,PORTFOLIO,10663,18,2.36,0.71,1.25,15.62,10.0,64.5,1,0,LOW,LOW,0,0,1,0,SLOW,ADVANCED,99.99,1,EVENING,0,0,0,2,4
WH-04154,LIVE_URL,NEWS,106568,310,5.39,27.85,55.42,44.53,25.0,74.5,1,0,LOW,MEDIUM,0,0,1,0,STABLE,BEGINNER,99.95,1,BUSINESS_HOURS,0,0,0,2,4
WH-04155,PLANNED,NEWS,26385,149,3.12,7.75,11.85,29.04,25.9,,0,1,MEDIUM,MEDIUM,0,0,0,0,RAPID,ADVANCED,99.95,1,EVENING,0,0,0,2,8
WH-04156,LIVE_URL,PORTFOLIO,8517,3,2.42,0.12,0.41,28.35,31.2,62.9,1,0,LOW,LOW,0,0,0,0,MEDIUM,BEGINNER,99.5,0,EVENT_DRIVEN,0,1,1,2,4
WH-04157,NEW_IDEA,NEWS,61447,212,7.82,27.63,42.27,50.42,658.6,,0,0,HIGH,MEDIUM,0,0,0,1,MEDIUM,ADVANCED,BASIC,0,EVENING,0,0,1,2,8
WH-04158,LIVE_URL,MEDIA_STREAMING,1461615,819,7.47,101.97,129.5,17.89,67.3,64.7,1,1,MEDIUM,MEDIUM,0,0,0,1,RAPID,INTERMEDIATE,99.99,1,NORMAL,0,1,1,8,16
WH-04159,LIVE_URL,SAAS,341732,113,11.99,22.58,47.42,161.82,100.9,60.2,1,1,HIGH,MEDIUM,0,0,1,0,RAPID,BEGINNER,99.5,0,WEEKEND,0,0,1,2,8
WH-04160,PLANNED,CORPORATE,15617,18,2.79,0.84,1.09,8.0,17.8,,0,1,LOW,LOW,0,0,1,0,SLOW,INTERMEDIATE,99.95,1,NORMAL,0,0,0,2,4
WH-04161,NEW_IDEA,ECOMMERCE,179891,68,14.58,16.52,59.16,52.49,56.1,,0,0,VERY_HIGH,HIGH,0,0,1,0,MEDIUM,INTERMEDIATE,99.95,1,EVENT_DRIVEN,0,0,1,4,16
WH-04162,LIVE_URL,API_SERVICE,103445,42,31.57,22.1,46.85,35.3,16.7,86.3,1,1,MEDIUM,VERY_HIGH,0,0,1,0,SLOW,INTERMEDIATE,99.95,1,WEEKEND,0,0,1,4,8
WH-04163,NEW_IDEA,MARKETPLACE,10221,46,17.23,13.21,15.19,34.32,109.1,,0,1,HIGH,MEDIUM,0,0,0,0,MEDIUM,INTERMEDIATE,99.99,1,NORMAL,0,0,1,2,8
WH-04164,NEW_IDEA,INTERNAL_BUSINESS,684,2,8.25,0.28,0.32,38.14,10.9,,0,1,MEDIUM,LOW,0,0,1,0,RAPID,INTERMEDIATE,99.9,0,NORMAL,0,0,0,1,4
WH-04165,NEW_IDEA,SAAS,14412,272,5.87,26.61,47.1,102.28,193.0,,0,1,HIGH,VERY_HIGH,0,0,1,1,SLOW,ADVANCED,99.9,0,BUSINESS_HOURS,0,0,1,4,8
WH-04166,LIVE_URL,SAAS,214307,949,14.0,221.43,294.51,116.84,64.0,76.9,1,0,HIGH,HIGH,0,0,1,0,SLOW,INTERMEDIATE,99.9,0,BUSINESS_HOURS,0,0,1,16,32
WH-04167,PLANNED,BLOG,2187,42,2.28,1.6,2.04,8.32,56.5,,0,0,LOW,LOW,0,0,0,0,SLOW,ADVANCED,99.9,0,NORMAL,0,0,0,2,4
WH-04168,LIVE_URL,COMMUNITY,464240,739,10.12,124.64,160.79,165.78,690.9,79.1,1,0,HIGH,HIGH,0,0,1,1,MEDIUM,INTERMEDIATE,99.95,1,NORMAL,0,0,1,8,16
WH-04169,NEW_IDEA,NEWS,20532,257,3.1,13.28,24.43,126.47,190.0,,0,0,MEDIUM,LOW,0,0,0,1,STABLE,ADVANCED,99.95,1,BUSINESS_HOURS,0,0,0,2,8
WH-04170,PLANNED,API_SERVICE,203414,3861,13.61,875.8,2785.06,342.4,18.2,,0,0,MEDIUM,VERY_HIGH,0,0,1,0,SLOW,INTERMEDIATE,99.95,1,SEASONAL,0,0,0,32,64
WH-04171,PLANNED,INTERNAL_BUSINESS,1026,9,3.68,0.55,0.73,18.09,32.3,,0,0,LOW,MEDIUM,1,2,0,0,MEDIUM,ADVANCED,BASIC,0,WEEKEND,0,0,1,1,4
WH-04172,LIVE_URL,ECOMMERCE,17511,135,14.26,32.09,49.41,25.3,74.6,59.2,1,0,HIGH,HIGH,0,0,0,0,STABLE,BEGINNER,99.5,0,WEEKEND,0,0,0,2,8
WH-04173,LIVE_URL,ECOMMERCE,32171,514,17.04,145.98,267.14,82.27,206.7,67.7,1,0,HIGH,VERY_HIGH,0,0,0,0,MEDIUM,INTERMEDIATE,99.5,0,EVENING,0,0,1,16,32
WH-04174,PLANNED,BLOG,3895,7,4.99,0.58,0.93,9.88,10.9,,0,1,LOW,LOW,0,0,1,0,STABLE,INTERMEDIATE,99.5,0,EVENING,0,0,0,2,4
WH-04175,LIVE_URL,MARKETPLACE,28932,354,5.71,33.69,46.15,34.65,24.6,63.0,1,1,MEDIUM,VERY_HIGH,1,239,0,0,SLOW,INTERMEDIATE,99.9,0,NORMAL,0,0,0,4,8
WH-04176,PLANNED,SAAS,313637,122,14.62,29.73,40.43,50.61,360.8,,0,0,VERY_HIGH,VERY_HIGH,0,0,1,1,STABLE,ADVANCED,99.99,1,BUSINESS_HOURS,0,0,1,4,16
WH-04177,LIVE_URL,EDUCATION,109508,66,9.51,10.46,17.89,24.01,45.9,,0,0,HIGH,MEDIUM,1,34,0,0,STABLE,INTERMEDIATE,BASIC,0,SEASONAL,0,0,0,1,8
WH-04178,PLANNED,EDUCATION,11919,87,4.47,6.48,16.53,52.94,16.6,,0,1,MEDIUM,HIGH,0,0,0,0,STABLE,INTERMEDIATE,99.95,1,EVENT_DRIVEN,0,0,0,2,8
WH-04179,NEW_IDEA,PORTFOLIO,13146,21,3.95,1.38,5.23,20.63,10.0,,0,0,LOW,MEDIUM,0,0,1,0,SLOW,INTERMEDIATE,99.9,0,EVENT_DRIVEN,0,0,1,1,4
WH-04180,NEW_IDEA,PORTFOLIO,17615,17,3.07,0.87,1.68,8.3,26.4,,0,1,LOW,LOW,0,0,0,0,STABLE,INTERMEDIATE,99.9,0,BUSINESS_HOURS,0,0,1,2,4
WH-04181,PLANNED,NEWS,55299,378,3.56,22.43,40.59,43.19,50.2,,0,1,MEDIUM,MEDIUM,0,0,0,1,SLOW,ADVANCED,BASIC,0,WEEKEND,0,0,0,2,8
WH-04182,LIVE_URL,CORPORATE,4422,21,2.34,0.82,1.43,25.97,17.7,69.6,1,0,LOW,MEDIUM,0,0,0,0,SLOW,ADVANCED,99.5,0,WEEKEND,0,0,0,1,4
WH-04183,LIVE_URL,NEWS,1392431,53,4.9,4.33,6.84,25.42,25.4,99.0,1,1,MEDIUM,MEDIUM,0,0,0,0,MEDIUM,BEGINNER,BASIC,0,BUSINESS_HOURS,0,0,1,2,4
WH-04184,LIVE_URL,SAAS,537490,1494,11.93,297.06,454.5,211.94,31.4,57.0,1,1,VERY_HIGH,HIGH,1,699,1,0,STABLE,INTERMEDIATE,99.5,0,BUSINESS_HOURS,0,1,0,32,64
WH-04185,LIVE_URL,MARKETPLACE,120157,513,11.65,99.61,359.58,67.1,44.0,75.6,1,0,HIGH,VERY_HIGH,0,0,1,0,MEDIUM,BEGINNER,99.9,0,EVENT_DRIVEN,0,0,1,32,64
WH-04186,LIVE_URL,SAAS,324377,1855,18.41,569.18,2293.78,210.87,133.1,56.0,1,1,HIGH,HIGH,0,0,1,0,RAPID,BEGINNER,99.95,1,EVENT_DRIVEN,0,1,1,32,64
WH-04187,LIVE_URL,SAAS,13589,82,19.23,26.28,34.43,27.71,13.4,73.3,1,0,MEDIUM,HIGH,0,0,0,0,SLOW,INTERMEDIATE,99.95,1,BUSINESS_HOURS,0,0,0,4,8
WH-04188,LIVE_URL,SAAS,42142,715,7.77,92.59,169.44,29.15,130.1,58.8,1,0,VERY_HIGH,VERY_HIGH,0,0,0,0,RAPID,INTERMEDIATE,99.9,0,BUSINESS_HOURS,0,1,0,16,32
WH-04189,LIVE_URL,INTERNAL_BUSINESS,2760,45,5.84,4.38,7.1,23.81,123.6,99.0,1,0,MEDIUM,HIGH,1,34,0,0,MEDIUM,INTERMEDIATE,99.9,0,BUSINESS_HOURS,0,0,0,1,4
WH-04190,PLANNED,API_SERVICE,26455,607,28.2,285.29,553.46,51.25,75.5,,0,0,HIGH,VERY_HIGH,0,0,1,0,MEDIUM,INTERMEDIATE,99.9,0,BUSINESS_HOURS,0,0,0,32,64
WH-04191,NEW_IDEA,MARKETPLACE,92273,370,8.57,52.85,87.2,99.9,168.2,,0,1,HIGH,HIGH,0,0,1,0,SLOW,ADVANCED,99.95,1,EVENING,0,0,1,8,16
WH-04192,LIVE_URL,NEWS,1730612,1355,2.53,57.14,118.84,46.48,16.3,,0,0,MEDIUM,MEDIUM,0,0,0,0,SLOW,INTERMEDIATE,99.5,0,EVENING,0,0,0,4,8
WH-04193,PLANNED,ECOMMERCE,158519,1153,7.22,138.74,485.61,200.92,90.2,,0,1,HIGH,HIGH,0,0,0,0,MEDIUM,INTERMEDIATE,99.9,0,SEASONAL,0,1,0,32,64
WH-04194,LIVE_URL,NEWS,89881,114,3.3,6.27,8.9,43.19,129.9,70.5,1,0,MEDIUM,HIGH,0,0,0,1,SLOW,BEGINNER,BASIC,0,WEEKEND,0,0,0,2,8
WH-04195,NEW_IDEA,API_SERVICE,77586,36,13.48,8.09,9.62,26.6,284.5,,0,0,HIGH,VERY_HIGH,0,0,0,0,MEDIUM,BEGINNER,BASIC,0,NORMAL,0,0,1,1,8
WH-04196,PLANNED,API_SERVICE,156061,1616,32.0,861.87,2783.83,250.24,22.6,,0,0,MEDIUM,VERY_HIGH,0,0,1,0,STABLE,INTERMEDIATE,99.9,0,SEASONAL,1,0,0,32,64
WH-04197,LIVE_URL,PORTFOLIO,12303,54,1.54,1.39,1.72,12.69,42.0,75.7,1,1,LOW,LOW,0,0,0,1,MEDIUM,INTERMEDIATE,99.9,0,NORMAL,0,0,1,1,4
WH-04198,LIVE_URL,SAAS,18301,41,9.71,6.64,10.15,10.3,44.6,84.0,1,0,MEDIUM,HIGH,0,0,0,0,SLOW,BEGINNER,99.9,0,EVENING,0,0,1,1,4
WH-04199,LIVE_URL,BLOG,7655,7,3.21,0.37,0.66,8.72,71.4,72.3,1,1,LOW,LOW,0,0,0,1,SLOW,INTERMEDIATE,BASIC,0,EVENING,0,0,0,2,4
WH-04200,LIVE_URL,SAAS,779890,242,23.56,95.03,152.04,50.34,65.2,76.6,1,0,HIGH,HIGH,0,0,1,0,MEDIUM,INTERMEDIATE,99.95,1,BUSINESS_HOURS,0,0,1,8,16
WH-04201,PLANNED,API_SERVICE,120142,1058,24.85,438.19,1621.3,155.29,58.5,,0,1,LOW,HIGH,0,0,1,0,MEDIUM,ADVANCED,99.9,0,EVENT_DRIVEN,1,0,1,32,32
WH-04202,LIVE_URL,BLOG,75507,100,2.32,3.87,6.84,21.54,10.0,57.7,1,1,LOW,LOW,0,0,0,0,RAPID,BEGINNER,99.99,1,EVENING,0,0,0,2,4
WH-04203,LIVE_URL,SAAS,1580223,6192,8.58,885.46,1522.98,338.89,238.9,77.0,1,0,VERY_HIGH,HIGH,0,0,1,0,STABLE,BEGINNER,99.95,1,BUSINESS_HOURS,1,1,0,32,64
WH-04204,PLANNED,CORPORATE,21857,22,1.68,0.62,0.95,8.0,48.3,,0,0,LOW,LOW,0,0,0,0,MEDIUM,BEGINNER,99.9,0,NORMAL,0,1,1,2,4
WH-04205,LIVE_URL,ECOMMERCE,587957,1532,16.49,421.04,551.57,364.19,250.5,73.9,1,0,HIGH,HIGH,1,832,0,1,RAPID,ADVANCED,99.9,0,NORMAL,0,1,0,32,64
WH-04206,PLANNED,MARKETPLACE,273053,4566,12.09,920.05,3486.99,206.3,187.8,,0,0,HIGH,HIGH,1,2852,1,0,STABLE,INTERMEDIATE,99.95,1,EVENT_DRIVEN,0,0,0,32,64
WH-04207,LIVE_URL,CORPORATE,8797,96,4.7,7.52,9.17,8.68,73.8,87.0,1,0,LOW,LOW,0,0,1,0,MEDIUM,ADVANCED,99.9,0,NORMAL,0,0,0,2,4
WH-04208,PLANNED,CORPORATE,7547,16,3.74,1.0,1.42,22.77,10.0,,0,0,LOW,LOW,0,0,0,0,MEDIUM,INTERMEDIATE,99.9,0,EVENING,0,0,0,2,4
WH-04209,PLANNED,API_SERVICE,5848,87,22.51,32.64,68.54,24.3,15.4,,0,1,MEDIUM,VERY_HIGH,1,23,0,0,SLOW,BEGINNER,99.5,0,WEEKEND,0,0,0,4,8
WH-04210,NEW_IDEA,CORPORATE,3232,25,3.33,1.39,1.9,8.0,10.0,,0,1,LOW,LOW,0,0,0,0,STABLE,BEGINNER,99.9,0,BUSINESS_HOURS,0,0,1,2,4
WH-04211,PLANNED,SAAS,988211,2961,23.1,1139.99,2507.97,468.9,17.8,,0,1,MEDIUM,VERY_HIGH,1,1871,1,0,STABLE,ADVANCED,99.9,0,WEEKEND,0,1,0,32,64
WH-04212,LIVE_URL,EDUCATION,207409,41,5.56,3.8,7.33,16.52,28.0,60.0,1,1,LOW,MEDIUM,0,0,0,1,STABLE,BEGINNER,99.9,0,BUSINESS_HOURS,0,0,1,1,4
WH-04213,LIVE_URL,ECOMMERCE,26422,167,16.64,46.31,94.48,36.84,56.9,36.9,1,1,VERY_HIGH,VERY_HIGH,0,0,1,0,SLOW,ADVANCED,99.95,1,WEEKEND,0,0,0,8,16
WH-04214,LIVE_URL,BLOG,54452,33,3.22,1.77,4.11,47.91,57.1,75.7,1,0,LOW,LOW,0,0,0,0,SLOW,INTERMEDIATE,99.99,1,SEASONAL,0,0,0,2,4
WH-04215,PLANNED,SAAS,255944,2794,16.18,753.45,2900.78,175.37,44.0,,0,1,HIGH,VERY_HIGH,0,0,0,0,RAPID,BEGINNER,99.9,0,EVENT_DRIVEN,0,0,0,32,64
WH-04216,LIVE_URL,SAAS,104736,2090,17.52,610.28,939.83,240.23,193.0,71.9,1,0,HIGH,HIGH,1,1567,0,0,RAPID,BEGINNER,99.95,1,WEEKEND,0,1,0,32,64
WH-04217,NEW_IDEA,SAAS,7646,32,10.61,5.66,12.45,74.32,275.8,,0,1,VERY_HIGH,HIGH,0,0,0,1,RAPID,INTERMEDIATE,99.99,1,EVENT_DRIVEN,0,1,1,2,16
WH-04218,LIVE_URL,SAAS,453000,1532,21.51,549.22,1197.3,87.26,143.5,72.7,1,1,HIGH,HIGH,0,0,1,0,STABLE,INTERMEDIATE,99.99,1,EVENT_DRIVEN,0,0,1,32,64
WH-04219,PLANNED,BLOG,2282,23,3.45,1.32,2.42,10.61,25.3,,0,0,LOW,MEDIUM,0,0,1,0,RAPID,BEGINNER,BASIC,0,BUSINESS_HOURS,0,0,0,2,4
WH-04220,PLANNED,CORPORATE,3565,55,2.52,2.31,3.42,8.96,71.4,,0,1,LOW,LOW,0,0,1,0,RAPID,ADVANCED,99.5,0,BUSINESS_HOURS,0,0,0,2,4
WH-04221,NEW_IDEA,API_SERVICE,593714,1695,19.33,546.07,808.19,133.77,31.4,,0,0,MEDIUM,VERY_HIGH,0,0,1,0,RAPID,INTERMEDIATE,99.95,1,BUSINESS_HOURS,1,1,0,32,64
WH-04222,PLANNED,NEWS,21024,247,5.25,21.61,31.12,9.93,35.1,,0,0,MEDIUM,MEDIUM,0,0,0,0,MEDIUM,INTERMEDIATE,BASIC,0,NORMAL,0,0,0,1,8
WH-04223,LIVE_URL,EDUCATION,9851,15,10.02,2.5,8.44,29.42,234.3,72.4,1,0,MEDIUM,MEDIUM,0,0,0,1,RAPID,INTERMEDIATE,99.99,1,EVENT_DRIVEN,0,0,0,2,8
WH-04224,NEW_IDEA,CORPORATE,78627,60,2.5,2.5,4.7,10.65,101.5,,0,0,LOW,LOW,0,0,0,1,MEDIUM,INTERMEDIATE,99.9,0,EVENING,0,0,0,1,4
WH-04225,LIVE_URL,CORPORATE,31711,78,2.5,3.25,5.98,23.87,62.4,,0,0,LOW,LOW,0,0,0,0,MEDIUM,BEGINNER,99.9,0,EVENING,0,1,0,2,4
WH-04226,NEW_IDEA,CORPORATE,17355,8,2.49,0.33,0.46,8.98,48.5,,0,1,LOW,LOW,0,0,0,1,MEDIUM,BEGINNER,99.95,1,NORMAL,0,0,1,2,4
WH-04227,LIVE_URL,API_SERVICE,168996,612,34.59,352.82,469.25,25.29,55.0,87.5,1,1,MEDIUM,VERY_HIGH,0,0,0,0,SLOW,BEGINNER,99.5,0,NORMAL,0,0,0,32,64
WH-04228,NEW_IDEA,MARKETPLACE,96016,371,19.87,122.86,228.52,89.54,41.3,,0,1,VERY_HIGH,HIGH,0,0,0,0,MEDIUM,BEGINNER,99.9,0,BUSINESS_HOURS,0,0,0,16,32
WH-04229,PLANNED,NEWS,391001,5754,8.31,796.93,1506.2,292.77,10.0,,0,0,LOW,MEDIUM,0,0,1,0,MEDIUM,ADVANCED,99.95,1,SEASONAL,0,1,0,32,32
WH-04230,LIVE_URL,SAAS,1031786,2912,15.11,733.34,1408.01,140.9,173.6,90.3,1,1,HIGH,MEDIUM,0,0,1,0,MEDIUM,INTERMEDIATE,99.95,1,EVENING,0,1,1,32,64
WH-04231,PLANNED,MARKETPLACE,275943,75,8.23,10.29,41.66,25.35,15.4,,0,1,MEDIUM,MEDIUM,0,0,0,0,MEDIUM,ADVANCED,BASIC,0,EVENT_DRIVEN,0,0,0,2,4
WH-04232,PLANNED,SAAS,1008218,6516,23.31,2531.47,3822.51,611.97,80.0,,0,1,MEDIUM,HIGH,0,0,1,0,MEDIUM,INTERMEDIATE,99.95,1,NORMAL,0,0,1,32,64
WH-04233,PLANNED,CORPORATE,12038,8,4.42,0.59,0.74,32.82,36.7,,0,0,LOW,LOW,0,0,0,0,STABLE,BEGINNER,99.95,1,NORMAL,0,0,0,2,4
WH-04234,PLANNED,INTERNAL_BUSINESS,3237,39,7.4,4.81,6.25,18.06,115.1,,0,1,HIGH,HIGH,0,0,0,1,SLOW,INTERMEDIATE,99.9,0,NORMAL,0,0,0,2,8
WH-04235,NEW_IDEA,COMMUNITY,170808,608,8.79,89.07,169.24,27.44,18.9,,0,0,MEDIUM,MEDIUM,1,263,0,0,MEDIUM,INTERMEDIATE,99.9,0,EVENING,0,0,0,8,16
WH-04236,LIVE_URL,MARKETPLACE,118077,1983,6.56,216.81,372.91,416.86,17.7,87.1,1,0,HIGH,MEDIUM,0,0,1,0,MEDIUM,BEGINNER,99.9,0,SEASONAL,0,0,1,16,32
WH-04237,NEW_IDEA,SAAS,1099445,6115,5.95,606.4,703.43,279.35,91.8,,0,0,HIGH,HIGH,0,0,0,0,MEDIUM,ADVANCED,99.95,1,NORMAL,0,1,0,32,64
WH-04238,LIVE_URL,SAAS,8834,89,21.94,32.54,44.26,18.29,32.0,62.6,1,0,HIGH,HIGH,0,0,1,0,RAPID,BEGINNER,99.9,0,NORMAL,0,0,1,4,8
WH-04239,PLANNED,API_SERVICE,766040,231,28.76,110.73,182.7,41.75,22.4,,0,0,MEDIUM,VERY_HIGH,1,161,0,0,STABLE,ADVANCED,99.95,1,BUSINESS_HOURS,0,0,0,16,32
WH-04240,NEW_IDEA,EDUCATION,4286,75,10.99,13.74,22.94,25.99,64.5,,0,1,MEDIUM,MEDIUM,0,0,0,0,SLOW,BEGINNER,BASIC,0,EVENING,0,0,0,2,4
WH-04241,PLANNED,SAAS,286773,2773,21.71,1003.36,2357.91,198.13,77.5,,0,0,HIGH,HIGH,0,0,1,0,STABLE,INTERMEDIATE,99.9,0,SEASONAL,0,0,0,32,64
WH-04242,PLANNED,BLOG,39154,8,4.78,0.64,0.96,53.95,10.9,,0,0,LOW,LOW,0,0,0,0,SLOW,INTERMEDIATE,99.95,1,NORMAL,0,0,0,2,4
WH-04243,NEW_IDEA,CORPORATE,19633,64,1.66,1.77,3.22,38.03,108.0,,0,1,LOW,LOW,0,0,0,1,STABLE,INTERMEDIATE,99.9,0,BUSINESS_HOURS,0,0,1,2,4
WH-04244,PLANNED,CORPORATE,5643,13,3.65,0.79,1.01,41.03,13.5,,0,0,LOW,LOW,0,0,0,0,SLOW,INTERMEDIATE,99.95,1,NORMAL,0,0,0,2,4
WH-04245,NEW_IDEA,ECOMMERCE,19620,40,10.76,7.17,17.22,38.43,393.1,,0,0,MEDIUM,MEDIUM,0,0,0,1,STABLE,INTERMEDIATE,99.9,0,SEASONAL,0,0,1,2,8
WH-04246,PLANNED,CORPORATE,15840,64,2.63,2.81,8.22,28.26,19.8,,0,0,LOW,MEDIUM,0,0,0,0,RAPID,BEGINNER,99.99,1,SEASONAL,0,0,0,2,4
WH-04247,NEW_IDEA,ECOMMERCE,119520,1100,17.23,315.88,476.98,386.97,79.4,,0,0,VERY_HIGH,MEDIUM,0,0,1,0,RAPID,ADVANCED,99.95,1,NORMAL,0,1,1,32,64
WH-04248,LIVE_URL,NEWS,115017,87,3.86,5.6,8.4,31.1,62.0,71.1,1,1,MEDIUM,MEDIUM,0,0,0,0,MEDIUM,INTERMEDIATE,99.9,0,WEEKEND,0,0,1,2,4
WH-04249,NEW_IDEA,ECOMMERCE,35412,355,17.0,100.58,214.24,39.05,53.8,,0,0,HIGH,MEDIUM,0,0,1,0,RAPID,INTERMEDIATE,99.9,0,WEEKEND,0,0,1,16,32
WH-04250,PLANNED,API_SERVICE,1087595,133,24.66,54.66,77.07,43.83,71.2,,0,0,MEDIUM,VERY_HIGH,0,0,1,0,STABLE,BEGINNER,99.95,1,NORMAL,0,0,1,8,16
WH-04251,LIVE_URL,API_SERVICE,941875,6477,25.49,2751.65,3274.46,543.75,60.2,63.4,1,1,LOW,VERY_HIGH,0,0,0,0,MEDIUM,INTERMEDIATE,99.95,1,NORMAL,0,0,0,32,32
WH-04252,LIVE_URL,BLOG,13101,12,4.41,0.88,1.29,17.34,27.8,84.9,1,1,LOW,LOW,0,0,1,0,MEDIUM,INTERMEDIATE,99.5,0,EVENING,0,0,1,2,4
WH-04253,LIVE_URL,BLOG,13431,77,2.02,2.59,3.03,31.87,15.5,88.3,1,0,LOW,LOW,0,0,1,0,MEDIUM,ADVANCED,BASIC,0,NORMAL,0,0,0,1,4
WH-04254,PLANNED,CORPORATE,35652,16,1.73,0.46,0.81,25.43,127.1,,0,0,LOW,LOW,0,0,1,1,STABLE,ADVANCED,99.95,1,BUSINESS_HOURS,0,0,1,2,4
WH-04255,PLANNED,ECOMMERCE,26274,83,11.57,16.01,22.73,29.31,125.8,,0,0,HIGH,HIGH,0,0,0,0,RAPID,ADVANCED,99.95,1,NORMAL,0,0,1,2,8
WH-04256,NEW_IDEA,SAAS,1759878,4131,16.0,1101.6,1971.86,308.11,54.7,,0,1,HIGH,HIGH,0,0,1,0,STABLE,ADVANCED,99.9,0,WEEKEND,1,0,1,32,64
WH-04257,NEW_IDEA,API_SERVICE,14733,87,33.45,48.5,71.78,37.06,79.9,,0,1,MEDIUM,VERY_HIGH,0,0,1,0,MEDIUM,BEGINNER,99.95,1,EVENING,0,0,1,8,16
WH-04258,LIVE_URL,CORPORATE,70736,175,4.87,14.2,26.14,18.04,14.4,65.9,1,0,LOW,MEDIUM,1,39,0,0,MEDIUM,INTERMEDIATE,99.95,1,BUSINESS_HOURS,0,0,1,2,4
WH-04259,PLANNED,CORPORATE,15720,54,4.6,4.14,7.33,8.0,22.5,,0,1,LOW,LOW,0,0,0,0,RAPID,INTERMEDIATE,99.5,0,WEEKEND,0,0,0,1,4
WH-04260,PLANNED,SAAS,239420,2758,13.36,614.11,982.58,96.43,85.7,,0,0,HIGH,HIGH,0,0,0,0,MEDIUM,ADVANCED,99.95,1,BUSINESS_HOURS,0,0,0,32,64
WH-04261,LIVE_URL,SAAS,1151344,6024,23.62,2371.45,3106.6,405.91,251.2,63.3,1,1,VERY_HIGH,HIGH,0,0,0,0,SLOW,ADVANCED,99.5,0,NORMAL,0,0,1,32,64
WH-04262,LIVE_URL,ECOMMERCE,228438,290,12.32,59.55,77.41,59.35,100.7,57.5,1,1,HIGH,MEDIUM,0,0,0,0,STABLE,BEGINNER,99.95,1,NORMAL,0,0,0,4,16
WH-04263,PLANNED,BLOG,2026,6,3.73,0.37,0.43,8.0,25.6,,0,0,LOW,LOW,0,0,0,0,MEDIUM,INTERMEDIATE,99.9,0,NORMAL,0,0,1,1,4
WH-04264,LIVE_URL,SAAS,536612,4643,23.83,1844.04,2526.34,595.06,88.4,83.3,1,0,MEDIUM,HIGH,1,2795,0,0,RAPID,ADVANCED,BASIC,0,WEEKEND,0,1,0,32,64
WH-04265,LIVE_URL,MARKETPLACE,376255,1935,10.46,337.34,1386.45,180.81,150.4,72.0,1,0,HIGH,HIGH,0,0,0,0,MEDIUM,ADVANCED,99.9,0,EVENT_DRIVEN,0,1,1,32,64
WH-04266,LIVE_URL,API_SERVICE,767125,1388,12.27,283.85,834.51,220.52,101.2,81.0,1,1,HIGH,HIGH,0,0,0,0,STABLE,INTERMEDIATE,99.9,0,SEASONAL,0,1,0,32,64
WH-04267,NEW_IDEA,BLOG,14705,12,2.05,0.41,0.65,11.71,16.5,,0,1,LOW,LOW,0,0,1,0,RAPID,INTERMEDIATE,99.95,1,EVENING,0,0,1,2,4
WH-04268,LIVE_URL,MARKETPLACE,31835,43,18.69,13.39,17.55,18.02,24.2,66.0,1,0,HIGH,HIGH,0,0,0,0,RAPID,BEGINNER,99.9,0,NORMAL,0,1,0,2,8
WH-04269,LIVE_URL,COMMUNITY,17001,143,6.24,14.87,22.9,37.4,96.5,45.5,1,0,MEDIUM,MEDIUM,0,0,0,1,MEDIUM,BEGINNER,99.5,0,BUSINESS_HOURS,0,0,1,2,8
WH-04270,LIVE_URL,SAAS,1654497,1874,21.68,677.14,1381.36,328.94,155.2,71.3,1,1,HIGH,HIGH,1,681,0,0,MEDIUM,INTERMEDIATE,99.95,1,EVENING,0,1,0,32,64
WH-04271,LIVE_URL,SAAS,42838,273,18.9,85.99,148.77,70.33,209.0,85.0,1,0,HIGH,HIGH,0,0,0,1,SLOW,BEGINNER,99.99,1,EVENING,0,0,1,16,32
WH-04272,LIVE_URL,BLOG,73009,87,1.8,2.61,3.68,24.25,16.2,79.1,1,0,LOW,LOW,0,0,0,0,MEDIUM,ADVANCED,99.95,1,NORMAL,0,0,1,2,4
WH-04273,LIVE_URL,MARKETPLACE,1279853,3897,19.54,1269.12,1865.61,1826.83,99.0,58.0,1,0,VERY_HIGH,MEDIUM,0,0,1,0,SLOW,INTERMEDIATE,99.95,1,BUSINESS_HOURS,1,0,1,32,64
WH-04274,PLANNED,ECOMMERCE,254930,1158,14.3,275.99,389.15,97.88,182.9,,0,0,VERY_HIGH,HIGH,0,0,0,0,SLOW,INTERMEDIATE,99.9,0,NORMAL,0,0,1,32,64
WH-04275,PLANNED,EDUCATION,3146,7,6.61,0.77,2.09,12.05,10.0,,0,1,LOW,MEDIUM,0,0,0,0,MEDIUM,BEGINNER,99.5,0,SEASONAL,0,0,1,1,4
WH-04276,PLANNED,SAAS,1121921,7300,21.21,2580.55,3741.8,941.35,237.2,,0,0,HIGH,HIGH,0,0,0,0,RAPID,INTERMEDIATE,99.9,0,NORMAL,0,0,0,32,64
WH-04277,PLANNED,API_SERVICE,8861,199,25.96,86.1,350.43,22.74,66.5,,0,0,MEDIUM,VERY_HIGH,0,0,0,0,MEDIUM,BEGINNER,99.9,0,EVENT_DRIVEN,0,1,0,32,64
WH-04278,LIVE_URL,SAAS,991951,3819,19.42,1236.08,1619.27,164.75,32.8,60.0,1,1,HIGH,MEDIUM,1,2286,1,0,MEDIUM,INTERMEDIATE,99.95,1,WEEKEND,1,0,0,32,64
WH-04279,LIVE_URL,API_SERVICE,244472,3230,22.1,1189.72,1701.29,145.5,131.2,79.2,1,1,MEDIUM,VERY_HIGH,0,0,0,0,MEDIUM,BEGINNER,BASIC,0,EVENING,1,1,0,32,64
WH-04280,PLANNED,MARKETPLACE,37963,351,19.05,111.44,207.28,37.12,157.6,,0,1,HIGH,HIGH,1,206,0,0,STABLE,INTERMEDIATE,99.9,0,BUSINESS_HOURS,0,0,1,16,32
WH-04281,LIVE_URL,ECOMMERCE,13703,65,9.94,10.77,14.11,43.9,45.0,63.5,1,0,HIGH,HIGH,0,0,0,0,STABLE,INTERMEDIATE,99.9,0,BUSINESS_HOURS,0,0,1,2,8
WH-04282,NEW_IDEA,COMMUNITY,32633,404,10.02,67.47,99.85,35.88,16.0,,0,0,MEDIUM,HIGH,1,225,0,0,SLOW,INTERMEDIATE,99.9,0,EVENING,0,0,1,4,8
WH-04283,PLANNED,NEWS,245507,91,5.84,8.86,15.32,13.9,17.7,,0,1,MEDIUM,MEDIUM,0,0,0,0,MEDIUM,INTERMEDIATE,99.5,0,BUSINESS_HOURS,0,0,1,2,4
WH-04284,PLANNED,PORTFOLIO,3014,3,2.48,0.12,0.16,11.57,53.7,,0,0,LOW,LOW,0,0,0,1,MEDIUM,ADVANCED,BASIC,0,NORMAL,0,1,1,2,4
WH-04285,LIVE_URL,CORPORATE,3173,90,1.99,2.98,7.97,34.82,24.3,86.4,1,0,LOW,LOW,0,0,0,0,MEDIUM,INTERMEDIATE,BASIC,0,EVENT_DRIVEN,0,0,1,2,4
WH-04286,LIVE_URL,SAAS,764336,3336,20.7,1150.92,1783.93,284.16,114.9,54.0,1,1,HIGH,HIGH,0,0,1,0,MEDIUM,INTERMEDIATE,99.5,0,BUSINESS_HOURS,0,1,0,32,64
WH-04287,PLANNED,INTERNAL_BUSINESS,1442,19,8.75,2.77,4.02,30.18,22.8,,0,1,MEDIUM,MEDIUM,0,0,0,0,MEDIUM,INTERMEDIATE,BASIC,0,NORMAL,0,0,1,2,4
WH-04288,PLANNED,BLOG,2824,11,2.65,0.49,0.72,8.0,38.8,,0,1,LOW,LOW,0,0,1,1,MEDIUM,BEGINNER,99.9,0,NORMAL,0,0,0,2,4
WH-04289,PLANNED,ECOMMERCE,90113,135,8.14,18.32,33.52,58.28,371.3,,0,0,VERY_HIGH,MEDIUM,0,0,1,0,MEDIUM,BEGINNER,99.99,1,EVENING,0,0,1,4,16
WH-04290,LIVE_URL,SAAS,5086,26,10.79,4.68,7.15,45.61,71.9,60.7,1,1,VERY_HIGH,HIGH,0,0,0,0,MEDIUM,BEGINNER,99.95,1,NORMAL,0,0,1,2,16
WH-04291,LIVE_URL,EDUCATION,88483,20,6.08,2.03,2.49,9.64,23.8,66.7,1,1,MEDIUM,MEDIUM,1,14,0,0,MEDIUM,INTERMEDIATE,99.9,0,NORMAL,0,0,0,1,4
WH-04292,NEW_IDEA,EDUCATION,73296,16,11.68,3.11,4.8,8.5,87.5,,0,1,MEDIUM,MEDIUM,1,13,0,0,MEDIUM,ADVANCED,BASIC,0,NORMAL,0,0,1,1,4
WH-04293,LIVE_URL,BLOG,5738,39,4.34,2.82,3.84,19.78,21.4,96.9,1,1,LOW,LOW,0,0,1,0,RAPID,ADVANCED,99.5,0,NORMAL,0,1,1,2,4
WH-04294,PLANNED,BLOG,34264,19,4.04,1.28,1.94,19.16,43.2,,0,0,LOW,LOW,0,0,0,0,RAPID,BEGINNER,99.95,1,NORMAL,0,0,1,2,4
WH-04295,PLANNED,SAAS,418453,6355,21.31,2257.08,5958.7,706.37,125.6,,0,1,HIGH,HIGH,0,0,0,0,MEDIUM,BEGINNER,99.5,0,SEASONAL,1,1,0,32,64
WH-04296,PLANNED,API_SERVICE,179718,1344,26.46,592.7,1778.11,259.4,69.8,,0,0,MEDIUM,VERY_HIGH,0,0,1,0,MEDIUM,INTERMEDIATE,99.95,1,SEASONAL,0,0,0,32,64
WH-04297,LIVE_URL,CORPORATE,9315,94,2.77,4.34,14.49,56.16,11.2,84.2,1,0,LOW,LOW,0,0,0,0,MEDIUM,INTERMEDIATE,99.99,1,EVENT_DRIVEN,0,0,1,2,4
WH-04298,PLANNED,MEDIA_STREAMING,10850,151,3.74,9.41,12.33,29.25,81.2,,0,0,MEDIUM,MEDIUM,0,0,1,1,MEDIUM,INTERMEDIATE,99.9,0,NORMAL,0,0,0,2,8
WH-04299,PLANNED,API_SERVICE,1456255,2866,21.93,1047.52,1602.71,571.45,80.2,,0,0,MEDIUM,VERY_HIGH,0,0,0,0,RAPID,INTERMEDIATE,99.95,1,NORMAL,1,0,0,32,64
WH-04300,NEW_IDEA,ECOMMERCE,819612,1038,14.91,257.94,325.01,167.9,73.4,,0,0,HIGH,HIGH,0,0,1,0,RAPID,ADVANCED,99.9,0,WEEKEND,1,1,1,16,32
WH-04301,LIVE_URL,ECOMMERCE,219475,752,8.52,106.78,215.7,126.97,467.9,76.3,1,1,HIGH,HIGH,0,0,0,1,STABLE,INTERMEDIATE,99.99,1,EVENT_DRIVEN,0,1,0,16,32
WH-04302,PLANNED,INTERNAL_BUSINESS,1475,13,8.42,1.82,3.43,15.49,25.6,,0,0,HIGH,MEDIUM,0,0,0,0,STABLE,BEGINNER,99.95,1,WEEKEND,0,0,1,2,8
WH-04303,LIVE_URL,ECOMMERCE,16430,76,5.94,7.52,10.46,60.54,209.4,58.0,1,1,HIGH,VERY_HIGH,0,0,0,0,MEDIUM,INTERMEDIATE,99.99,1,NORMAL,0,0,0,2,8
WH-04304,LIVE_URL,ECOMMERCE,10826,80,5.6,7.47,18.37,79.75,361.8,77.0,1,0,VERY_HIGH,HIGH,0,0,0,0,STABLE,BEGINNER,99.9,0,SEASONAL,0,0,1,1,16
WH-04305,LIVE_URL,SAAS,6226,87,23.06,33.44,49.15,10.46,33.5,71.1,1,1,HIGH,HIGH,1,38,1,0,RAPID,BEGINNER,99.9,0,BUSINESS_HOURS,0,0,1,4,8
WH-04306,NEW_IDEA,SAAS,89896,935,20.59,320.86,654.56,203.85,34.7,,0,1,HIGH,HIGH,0,0,1,0,SLOW,ADVANCED,99.9,0,EVENING,0,0,1,32,64
WH-04307,PLANNED,SAAS,300989,5117,23.25,1982.84,3033.74,649.97,95.3,,0,1,HIGH,VERY_HIGH,1,2901,0,0,MEDIUM,INTERMEDIATE,99.95,1,NORMAL,0,0,0,32,64
WH-04308,NEW_IDEA,EDUCATION,115224,985,6.96,114.26,169.1,25.58,11.8,,0,0,MEDIUM,LOW,0,0,0,0,MEDIUM,INTERMEDIATE,99.9,0,BUSINESS_HOURS,0,0,1,8,16
WH-04309,PLANNED,API_SERVICE,948079,2107,12.28,431.23,797.78,108.42,410.8,,0,0,MEDIUM,VERY_HIGH,1,557,0,1,MEDIUM,INTERMEDIATE,99.99,1,WEEKEND,1,0,0,32,64
WH-04310,LIVE_URL,CORPORATE,55995,5,2.39,0.2,0.3,24.1,41.2,99.0,1,1,LOW,LOW,0,0,1,0,SLOW,BEGINNER,99.5,0,BUSINESS_HOURS,0,0,0,1,4
WH-04311,LIVE_URL,SAAS,857787,2269,20.4,771.46,1018.33,626.46,127.6,63.8,1,0,VERY_HIGH,VERY_HIGH,1,621,1,0,STABLE,ADVANCED,99.9,0,EVENING,0,1,0,32,64
WH-04312,LIVE_URL,ECOMMERCE,30649,59,5.68,5.59,8.21,28.57,215.9,75.8,1,0,VERY_HIGH,HIGH,0,0,0,0,RAPID,ADVANCED,99.9,0,NORMAL,0,0,1,1,16
WH-04313,LIVE_URL,MARKETPLACE,138562,2053,14.78,505.72,819.27,235.46,156.0,72.9,1,0,VERY_HIGH,HIGH,0,0,1,0,STABLE,INTERMEDIATE,99.9,0,BUSINESS_HOURS,0,0,0,32,64
WH-04314,PLANNED,MARKETPLACE,82450,1067,6.25,111.15,133.38,24.86,35.0,,0,1,HIGH,VERY_HIGH,1,657,1,0,RAPID,ADVANCED,99.9,0,NORMAL,0,0,1,8,16
WH-04315,NEW_IDEA,BLOG,59478,37,1.64,1.01,2.68,12.54,16.9,,0,1,LOW,MEDIUM,0,0,0,0,SLOW,INTERMEDIATE,BASIC,0,SEASONAL,0,1,0,2,4
WH-04316,PLANNED,SAAS,1789192,1409,20.3,476.71,924.82,146.53,38.3,,0,1,HIGH,HIGH,0,0,1,0,MEDIUM,INTERMEDIATE,99.95,1,SEASONAL,0,0,0,32,64
WH-04317,LIVE_URL,API_SERVICE,1134567,4382,30.86,2253.81,4665.38,999.85,14.7,73.8,1,1,LOW,VERY_HIGH,0,0,0,0,RAPID,ADVANCED,99.95,1,EVENING,0,0,0,32,32
WH-04318,PLANNED,SAAS,26668,28,10.67,4.98,8.22,62.97,83.1,,0,1,HIGH,HIGH,0,0,1,0,MEDIUM,BEGINNER,99.9,0,BUSINESS_HOURS,0,0,0,2,8
WH-04319,LIVE_URL,API_SERVICE,972125,3965,25.74,1700.98,2228.29,540.49,25.9,99.0,1,0,MEDIUM,VERY_HIGH,1,2457,1,0,MEDIUM,INTERMEDIATE,99.9,0,BUSINESS_HOURS,0,0,1,32,64
WH-04320,LIVE_URL,SAAS,579267,3041,17.43,883.41,2305.7,783.62,56.6,83.8,1,0,HIGH,HIGH,1,1743,1,0,STABLE,INTERMEDIATE,99.9,0,SEASONAL,0,1,0,32,64
WH-04321,LIVE_URL,SAAS,884647,4167,14.18,984.8,2058.23,1066.1,48.3,65.4,1,0,HIGH,HIGH,1,3409,0,0,STABLE,INTERMEDIATE,99.99,1,EVENING,1,1,0,32,64
WH-04322,PLANNED,SAAS,192421,4223,11.41,803.07,2778.64,166.26,36.2,,0,0,MEDIUM,HIGH,1,1806,1,0,STABLE,INTERMEDIATE,99.5,0,EVENT_DRIVEN,0,1,1,32,64
WH-04323,LIVE_URL,BLOG,18960,6,3.59,0.36,0.64,17.06,26.3,73.9,1,1,LOW,LOW,0,0,0,0,SLOW,INTERMEDIATE,99.95,1,SEASONAL,0,0,1,2,4
WH-04324,PLANNED,COMMUNITY,277220,70,6.08,7.09,12.41,25.4,77.0,,0,0,MEDIUM,MEDIUM,0,0,1,1,STABLE,INTERMEDIATE,99.9,0,WEEKEND,0,0,0,2,8
WH-04325,LIVE_URL,SAAS,916732,4749,17.89,1415.99,3865.66,494.96,65.5,,0,1,HIGH,HIGH,1,2997,1,0,MEDIUM,INTERMEDIATE,99.5,0,SEASONAL,0,0,1,32,64
WH-04326,PLANNED,MARKETPLACE,85263,129,7.35,15.8,28.13,38.76,22.6,,0,0,HIGH,HIGH,0,0,0,0,STABLE,BEGINNER,99.95,1,BUSINESS_HOURS,0,0,1,2,8
WH-04327,NEW_IDEA,SAAS,62195,1345,5.44,121.95,185.36,79.58,118.4,,0,0,HIGH,HIGH,0,0,1,0,MEDIUM,BEGINNER,BASIC,0,NORMAL,0,0,1,16,32
WH-04328,LIVE_URL,API_SERVICE,845302,56,26.89,25.1,49.44,35.02,18.1,64.2,1,1,MEDIUM,VERY_HIGH,0,0,0,0,MEDIUM,BEGINNER,99.9,0,EVENING,0,0,0,4,8
WH-04329,NEW_IDEA,MARKETPLACE,469512,5033,14.98,1256.57,2877.55,487.37,108.2,,0,0,VERY_HIGH,HIGH,0,0,0,0,RAPID,BEGINNER,99.5,0,SEASONAL,0,0,0,32,64
WH-04330,LIVE_URL,SAAS,1660832,4393,23.95,1753.54,2525.1,271.02,65.2,64.0,1,0,MEDIUM,HIGH,0,0,1,0,SLOW,ADVANCED,99.9,0,NORMAL,0,1,0,32,64
WH-04331,LIVE_URL,BLOG,2742,29,3.11,1.5,1.74,30.96,150.1,73.3,1,0,LOW,LOW,0,0,0,1,MEDIUM,BEGINNER,99.95,1,NORMAL,0,0,1,2,4
WH-04332,NEW_IDEA,SAAS,10724,39,6.77,4.4,7.61,33.81,38.6,,0,1,HIGH,MEDIUM,0,0,0,0,SLOW,BEGINNER,99.9,0,BUSINESS_HOURS,0,0,0,1,8
WH-04333,NEW_IDEA,EDUCATION,62401,53,3.05,2.69,7.19,32.88,101.2,,0,0,MEDIUM,LOW,1,37,0,1,SLOW,INTERMEDIATE,99.9,0,SEASONAL,0,0,1,1,8
WH-04334,LIVE_URL,INTERNAL_BUSINESS,130,2,4.03,0.13,0.26,16.93,15.2,48.8,1,0,MEDIUM,MEDIUM,0,0,0,0,RAPID,INTERMEDIATE,99.95,1,WEEKEND,0,0,0,2,4
WH-04335,LIVE_URL,SAAS,673991,4894,23.6,1924.97,4812.43,811.6,112.6,66.7,1,0,HIGH,HIGH,0,0,1,0,MEDIUM,ADVANCED,99.99,1,EVENT_DRIVEN,0,1,0,32,64
WH-04336,PLANNED,MEDIA_STREAMING,33633,481,5.44,43.61,89.84,73.28,301.1,,0,0,HIGH,HIGH,1,125,0,1,MEDIUM,INTERMEDIATE,99.9,0,EVENING,0,0,0,8,16
WH-04337,PLANNED,API_SERVICE,709231,5352,30.07,2682.24,3969.72,612.66,54.7,,0,1,MEDIUM,VERY_HIGH,0,0,0,0,STABLE,INTERMEDIATE,99.95,1,WEEKEND,0,0,1,32,64
WH-04338,PLANNED,MARKETPLACE,281181,76,14.06,17.81,33.66,29.53,57.4,,0,0,VERY_HIGH,HIGH,1,30,0,0,MEDIUM,INTERMEDIATE,99.9,0,BUSINESS_HOURS,0,1,1,4,16
WH-04339,LIVE_URL,BLOG,21818,100,3.48,5.8,7.6,23.37,47.1,63.5,1,1,LOW,LOW,0,0,0,0,SLOW,ADVANCED,99.95,1,EVENING,0,0,0,2,4
WH-04340,LIVE_URL,BLOG,15313,15,3.93,0.98,1.68,27.35,49.0,74.5,1,0,LOW,LOW,0,0,0,1,SLOW,INTERMEDIATE,99.9,0,SEASONAL,0,0,1,1,4
WH-04341,PLANNED,API_SERVICE,1063053,6367,21.03,2231.63,2767.23,1013.79,29.7,,0,0,HIGH,VERY_HIGH,0,0,1,0,MEDIUM,INTERMEDIATE,99.9,0,NORMAL,1,0,0,32,64
WH-04342,LIVE_URL,SAAS,30920,685,6.31,72.04,292.48,97.88,142.1,58.0,1,0,HIGH,HIGH,0,0,1,0,MEDIUM,BEGINNER,99.99,1,EVENT_DRIVEN,0,0,1,16,32
WH-04343,NEW_IDEA,NEWS,28083,166,4.64,12.84,17.97,24.28,213.8,,0,0,HIGH,HIGH,0,0,0,1,SLOW,BEGINNER,99.9,0,EVENING,0,0,0,1,8
WH-04344,PLANNED,API_SERVICE,46776,307,33.1,169.36,298.08,56.96,65.5,,0,0,MEDIUM,VERY_HIGH,0,0,0,0,MEDIUM,BEGINNER,99.9,0,SEASONAL,0,0,1,16,32
WH-04345,PLANNED,SAAS,7664,29,15.46,7.47,22.34,119.25,141.9,,0,0,VERY_HIGH,HIGH,0,0,1,0,RAPID,BEGINNER,99.95,1,EVENT_DRIVEN,0,0,1,2,16
WH-04346,PLANNED,SAAS,1694749,2879,16.83,807.56,2043.13,617.76,78.0,,0,0,HIGH,HIGH,1,1029,0,0,MEDIUM,INTERMEDIATE,99.5,0,EVENT_DRIVEN,1,1,0,32,64
WH-04347,NEW_IDEA,INTERNAL_BUSINESS,134,2,6.42,0.21,0.3,8.0,21.9,,0,0,LOW,LOW,0,0,0,0,MEDIUM,BEGINNER,99.5,0,WEEKEND,0,0,0,2,4
WH-04348,NEW_IDEA,MARKETPLACE,261139,4222,11.74,826.1,1263.94,205.5,47.6,,0,0,HIGH,MEDIUM,1,982,0,0,MEDIUM,ADVANCED,99.9,0,NORMAL,0,1,1,32,64
WH-04349,PLANNED,ECOMMERCE,212423,34,14.3,8.1,10.7,41.28,142.0,,0,1,VERY_HIGH,HIGH,0,0,1,0,MEDIUM,ADVANCED,99.95,1,EVENING,0,0,1,2,16
WH-04350,NEW_IDEA,API_SERVICE,174137,43,32.02,22.95,43.14,23.13,21.0,,0,0,LOW,VERY_HIGH,0,0,0,0,SLOW,INTERMEDIATE,99.9,0,SEASONAL,0,0,0,2,4
WH-04351,LIVE_URL,CORPORATE,8730,6,4.39,0.44,0.67,35.79,13.8,83.2,1,1,LOW,MEDIUM,0,0,0,0,STABLE,BEGINNER,99.5,0,EVENING,0,0,0,2,4
WH-04352,LIVE_URL,MARKETPLACE,307285,81,13.41,18.1,27.7,56.93,18.3,72.4,1,1,HIGH,VERY_HIGH,0,0,1,0,RAPID,BEGINNER,99.95,1,NORMAL,0,0,1,4,8
WH-04353,PLANNED,PORTFOLIO,16554,18,1.29,0.39,0.51,25.12,14.2,,0,1,LOW,MEDIUM,0,0,0,0,MEDIUM,INTERMEDIATE,99.5,0,BUSINESS_HOURS,0,0,1,2,4
WH-04354,NEW_IDEA,ECOMMERCE,167342,2575,10.82,464.36,715.11,191.81,62.5,,0,1,HIGH,HIGH,0,0,0,0,SLOW,ADVANCED,99.95,1,BUSINESS_HOURS,0,1,1,32,64
WH-04355,LIVE_URL,EDUCATION,66740,20,5.21,1.74,2.54,18.17,273.6,63.2,1,1,MEDIUM,MEDIUM,0,0,0,1,MEDIUM,INTERMEDIATE,99.9,0,WEEKEND,0,0,0,1,4
WH-04356,PLANNED,API_SERVICE,195670,1481,33.02,815.04,1247.02,189.44,22.7,,0,1,MEDIUM,VERY_HIGH,0,0,1,0,MEDIUM,INTERMEDIATE,99.99,1,EVENING,0,0,1,32,64
WH-04357,LIVE_URL,MARKETPLACE,11394,229,16.52,63.05,116.64,38.26,60.6,58.5,1,1,HIGH,HIGH,0,0,1,0,MEDIUM,ADVANCED,99.95,1,EVENING,0,0,1,8,16
WH-04358,LIVE_URL,MARKETPLACE,1005420,3409,17.92,1018.15,3675.54,946.62,35.0,82.4,1,0,HIGH,MEDIUM,0,0,0,0,STABLE,BEGINNER,99.9,0,EVENT_DRIVEN,1,1,1,32,64
WH-04359,LIVE_URL,PORTFOLIO,1559,2,1.68,0.06,0.08,16.36,49.0,87.6,1,0,LOW,MEDIUM,0,0,0,0,STABLE,ADVANCED,99.95,1,NORMAL,0,0,1,2,4
WH-04360,LIVE_URL,SAAS,17946,32,8.27,4.41,7.41,26.41,154.6,84.6,1,0,HIGH,HIGH,0,0,1,0,MEDIUM,INTERMEDIATE,99.9,0,BUSINESS_HOURS,0,0,0,1,8
WH-04361,PLANNED,SAAS,201710,1530,20.28,517.14,1473.85,132.46,27.0,,0,1,HIGH,MEDIUM,1,840,1,0,MEDIUM,INTERMEDIATE,99.5,0,EVENT_DRIVEN,1,1,1,32,64
WH-04362,LIVE_URL,BLOG,7738,7,2.53,0.3,0.61,8.0,75.2,88.6,1,1,LOW,LOW,0,0,0,0,MEDIUM,INTERMEDIATE,99.9,0,EVENING,0,0,1,2,4
WH-04363,PLANNED,ECOMMERCE,17813,40,16.95,11.3,31.64,40.3,34.7,,0,1,MEDIUM,HIGH,0,0,0,0,MEDIUM,BEGINNER,99.95,1,SEASONAL,0,1,1,4,8
WH-04364,NEW_IDEA,BLOG,8760,80,4.6,6.13,7.91,18.11,84.7,,0,0,LOW,LOW,0,0,0,1,SLOW,BEGINNER,99.9,0,NORMAL,0,0,1,1,4
WH-04365,PLANNED,CORPORATE,10739,15,5.02,1.25,1.86,34.68,74.9,,0,0,LOW,MEDIUM,0,0,0,0,SLOW,INTERMEDIATE,99.95,1,EVENING,0,0,0,2,4
WH-04366,NEW_IDEA,SAAS,231330,741,14.71,181.67,299.75,75.4,84.3,,0,0,MEDIUM,MEDIUM,0,0,0,0,STABLE,ADVANCED,99.99,1,BUSINESS_HOURS,1,0,0,16,32
WH-04367,PLANNED,SAAS,7718,55,14.06,12.89,17.79,21.04,71.2,,0,0,HIGH,HIGH,1,16,0,0,MEDIUM,BEGINNER,99.9,0,WEEKEND,0,0,0,1,8
WH-04368,NEW_IDEA,CORPORATE,9330,12,4.48,0.9,1.85,8.0,22.2,,0,1,LOW,LOW,0,0,0,0,MEDIUM,ADVANCED,99.9,0,SEASONAL,0,0,0,1,4
WH-04369,PLANNED,ECOMMERCE,122906,195,6.0,19.5,76.25,10.65,143.6,,0,0,HIGH,VERY_HIGH,0,0,0,1,MEDIUM,ADVANCED,BASIC,0,EVENT_DRIVEN,0,0,0,8,16
WH-04370,PLANNED,SAAS,1014355,5008,18.59,1551.65,3273.97,461.69,77.9,,0,0,MEDIUM,HIGH,1,2955,1,0,STABLE,INTERMEDIATE,99.9,0,EVENT_DRIVEN,0,0,0,32,64
WH-04371,NEW_IDEA,INTERNAL_BUSINESS,591,14,5.78,1.35,2.5,10.29,16.1,,0,1,MEDIUM,MEDIUM,0,0,1,0,RAPID,INTERMEDIATE,99.99,1,SEASONAL,0,0,1,2,8
WH-04372,LIVE_URL,SAAS,814323,3121,10.41,541.49,1613.65,346.9,417.2,64.8,1,1,HIGH,HIGH,1,1659,1,1,STABLE,INTERMEDIATE,BASIC,0,SEASONAL,1,0,1,32,64
WH-04373,LIVE_URL,SAAS,671851,4140,19.73,1361.37,2368.78,286.03,52.2,58.4,1,1,HIGH,HIGH,1,1973,1,0,STABLE,BEGINNER,99.9,0,BUSINESS_HOURS,1,0,1,32,64
WH-04374,PLANNED,MARKETPLACE,79108,2273,15.73,595.9,2020.12,321.43,627.5,,0,0,HIGH,HIGH,0,0,1,1,RAPID,BEGINNER,99.5,0,SEASONAL,1,1,1,32,64
WH-04375,LIVE_URL,SAAS,30201,711,9.69,114.83,174.54,48.18,194.3,98.4,1,0,VERY_HIGH,HIGH,0,0,1,0,STABLE,INTERMEDIATE,99.9,0,NORMAL,0,0,0,16,32
WH-04376,PLANNED,BLOG,7130,13,3.65,0.79,1.03,17.53,21.5,,0,0,LOW,LOW,0,0,0,0,MEDIUM,INTERMEDIATE,BASIC,0,NORMAL,0,0,0,2,4
WH-04377,PLANNED,COMMUNITY,4102,19,11.6,3.67,7.05,16.95,130.9,,0,1,MEDIUM,MEDIUM,1,8,0,0,SLOW,BEGINNER,99.9,0,EVENING,0,1,0,2,4
WH-04378,LIVE_URL,PORTFOLIO,14640,13,3.31,0.72,1.84,16.84,10.1,97.9,1,0,LOW,LOW,0,0,0,0,RAPID,ADVANCED,99.5,0,SEASONAL,0,0,1,2,4
WH-04379,NEW_IDEA,CORPORATE,26361,50,4.29,3.58,6.54,44.41,33.4,,0,0,LOW,LOW,0,0,0,0,RAPID,INTERMEDIATE,99.9,0,WEEKEND,0,0,0,1,4
WH-04380,LIVE_URL,API_SERVICE,800583,3138,26.99,1411.58,2145.6,650.21,17.6,,0,1,MEDIUM,VERY_HIGH,0,0,1,0,MEDIUM,BEGINNER,99.95,1,NORMAL,0,1,1,32,64
WH-04381,LIVE_URL,BLOG,20116,14,1.74,0.41,0.7,22.18,45.2,89.6,1,0,LOW,LOW,0,0,0,0,RAPID,BEGINNER,99.99,1,BUSINESS_HOURS,0,0,1,2,4
WH-04382,PLANNED,INTERNAL_BUSINESS,14566,81,8.3,11.21,16.47,23.4,10.7,,0,0,LOW,MEDIUM,0,0,0,0,SLOW,INTERMEDIATE,BASIC,0,BUSINESS_HOURS,0,0,0,2,4
WH-04383,LIVE_URL,MEDIA_STREAMING,1464646,327,4.51,24.58,33.67,14.64,95.6,68.3,1,1,MEDIUM,MEDIUM,0,0,0,1,MEDIUM,BEGINNER,99.9,0,EVENING,0,0,0,2,8
WH-04384,LIVE_URL,API_SERVICE,45670,786,24.18,316.76,1092.82,101.4,125.8,87.6,1,0,HIGH,HIGH,0,0,1,0,RAPID,BEGINNER,99.9,0,SEASONAL,0,0,1,32,64
WH-04385,LIVE_URL,BLOG,32604,35,2.2,1.28,1.98,24.41,17.7,77.5,1,0,LOW,LOW,0,0,0,0,MEDIUM,INTERMEDIATE,99.5,0,NORMAL,0,0,1,2,4
WH-04386,NEW_IDEA,API_SERVICE,1117411,4612,23.99,1844.03,4905.12,294.07,19.2,,0,0,MEDIUM,VERY_HIGH,0,0,1,0,STABLE,ADVANCED,99.9,0,EVENT_DRIVEN,0,1,0,32,64
WH-04387,LIVE_URL,API_SERVICE,261551,3562,27.58,1637.33,3061.81,537.19,26.2,78.3,1,0,MEDIUM,HIGH,0,0,1,0,SLOW,INTERMEDIATE,99.5,0,EVENING,0,0,0,32,64
WH-04388,PLANNED,CORPORATE,3017,12,5.08,1.02,2.13,42.32,10.4,,0,0,LOW,LOW,0,0,0,0,SLOW,ADVANCED,99.9,0,WEEKEND,0,0,0,1,4
WH-04389,LIVE_URL,SAAS,318018,1108,7.38,136.28,418.39,99.57,53.7,60.1,1,1,HIGH,HIGH,0,0,1,0,MEDIUM,ADVANCED,99.95,1,EVENT_DRIVEN,0,0,1,32,64
WH-04390,LIVE_URL,MARKETPLACE,749260,209,5.49,19.12,31.36,35.16,23.7,64.3,1,0,HIGH,HIGH,0,0,1,0,MEDIUM,BEGINNER,99.95,1,EVENING,1,0,0,4,16
WH-04391,LIVE_URL,SAAS,1481120,498,5.9,48.97,101.86,55.26,292.3,64.3,1,1,HIGH,HIGH,1,338,0,0,SLOW,ADVANCED,99.99,1,WEEKEND,0,0,1,8,16
WH-04392,LIVE_URL,MARKETPLACE,524582,5288,18.81,1657.79,2453.53,387.77,48.4,77.8,1,1,HIGH,MEDIUM,0,0,1,0,RAPID,BEGINNER,99.9,0,BUSINESS_HOURS,1,0,1,32,64
WH-04393,LIVE_URL,CORPORATE,19549,108,1.78,3.2,6.44,8.73,17.5,78.7,1,1,LOW,LOW,0,0,0,0,SLOW,INTERMEDIATE,99.95,1,WEEKEND,0,0,1,2,4
WH-04394,PLANNED,ECOMMERCE,860024,139,14.56,33.73,90.4,39.98,34.2,,0,0,HIGH,HIGH,0,0,1,0,SLOW,INTERMEDIATE,99.9,0,EVENT_DRIVEN,1,0,1,8,16
WH-04395,LIVE_URL,SAAS,113006,2970,22.29,1103.36,2173.61,231.7,195.9,71.8,1,1,MEDIUM,HIGH,0,0,0,1,MEDIUM,BEGINNER,99.9,0,BUSINESS_HOURS,0,1,0,32,64
WH-04396,PLANNED,SAAS,587336,887,12.83,189.67,284.51,42.76,135.5,,0,0,HIGH,HIGH,0,0,1,0,RAPID,ADVANCED,99.95,1,NORMAL,0,1,0,16,32
WH-04397,PLANNED,ECOMMERCE,207172,872,5.01,72.81,152.18,31.95,27.7,,0,0,HIGH,HIGH,0,0,1,0,MEDIUM,INTERMEDIATE,99.95,1,EVENING,0,0,0,8,16
WH-04398,PLANNED,API_SERVICE,18644,61,8.43,8.57,12.34,29.68,205.0,,0,0,MEDIUM,VERY_HIGH,0,0,0,1,RAPID,BEGINNER,99.9,0,NORMAL,0,0,1,2,8
WH-04399,LIVE_URL,ECOMMERCE,59995,670,15.73,175.65,254.69,36.9,95.4,67.8,1,0,MEDIUM,VERY_HIGH,0,0,1,0,RAPID,INTERMEDIATE,99.9,0,BUSINESS_HOURS,0,0,0,16,32
WH-04400,LIVE_URL,CORPORATE,10191,58,2.75,2.66,4.41,22.33,66.8,80.1,1,1,LOW,LOW,0,0,0,0,SLOW,ADVANCED,99.95,1,BUSINESS_HOURS,0,0,0,2,4
WH-04401,LIVE_URL,CORPORATE,19424,57,5.01,4.76,6.62,32.91,10.0,63.8,1,1,LOW,LOW,0,0,0,0,RAPID,BEGINNER,99.9,0,NORMAL,0,0,1,1,4
WH-04402,PLANNED,ECOMMERCE,390687,847,13.91,196.36,276.87,38.7,22.6,,0,1,HIGH,HIGH,0,0,0,0,STABLE,BEGINNER,99.9,0,NORMAL,0,0,0,16,32
WH-04403,LIVE_URL,BLOG,4730,8,2.73,0.36,1.25,18.59,59.0,70.0,1,1,LOW,MEDIUM,0,0,0,1,MEDIUM,BEGINNER,99.9,0,SEASONAL,0,0,0,1,4
WH-04404,NEW_IDEA,ECOMMERCE,28020,88,11.24,16.49,21.6,19.39,60.2,,0,1,HIGH,VERY_HIGH,0,0,1,0,STABLE,ADVANCED,99.5,0,NORMAL,0,0,1,2,8
WH-04405,LIVE_URL,BLOG,24327,9,1.96,0.29,0.42,19.94,19.4,64.7,1,0,LOW,LOW,0,0,0,0,RAPID,BEGINNER,99.95,1,BUSINESS_HOURS,0,0,0,2,4
WH-04406,LIVE_URL,ECOMMERCE,56417,301,12.27,61.55,124.34,23.89,57.7,80.9,1,0,HIGH,VERY_HIGH,0,0,0,0,MEDIUM,ADVANCED,99.9,0,WEEKEND,0,0,1,8,16
WH-04407,LIVE_URL,BLOG,10162,74,3.39,4.18,8.49,15.85,22.1,64.7,1,0,LOW,LOW,0,0,0,0,MEDIUM,INTERMEDIATE,BASIC,0,SEASONAL,0,0,1,1,4
WH-04408,NEW_IDEA,SAAS,1344194,35,5.94,3.47,4.71,95.67,450.1,,0,0,MEDIUM,HIGH,0,0,1,1,MEDIUM,INTERMEDIATE,99.95,1,BUSINESS_HOURS,0,0,0,2,8
WH-04409,PLANNED,BLOG,48750,73,2.59,3.15,4.38,20.56,47.3,,0,1,LOW,LOW,0,0,1,0,MEDIUM,BEGINNER,BASIC,0,BUSINESS_HOURS,0,0,0,2,4
WH-04410,LIVE_URL,MARKETPLACE,14165,284,6.04,28.59,49.75,44.11,62.1,75.3,1,0,HIGH,VERY_HIGH,1,61,1,0,MEDIUM,INTERMEDIATE,99.99,1,BUSINESS_HOURS,0,0,1,4,16
WH-04411,NEW_IDEA,NEWS,113041,75,2.66,3.33,4.49,32.78,104.7,,0,0,MEDIUM,MEDIUM,0,0,0,0,STABLE,BEGINNER,99.9,0,NORMAL,0,0,0,1,4
WH-04412,PLANNED,MARKETPLACE,1295955,1409,12.64,296.83,626.31,207.18,101.6,,0,1,MEDIUM,VERY_HIGH,0,0,0,0,RAPID,ADVANCED,99.99,1,EVENT_DRIVEN,0,1,0,32,64
WH-04413,PLANNED,API_SERVICE,709650,2554,18.59,791.31,2975.34,165.24,82.8,,0,1,MEDIUM,VERY_HIGH,0,0,1,0,SLOW,BEGINNER,99.9,0,EVENT_DRIVEN,1,1,1,32,64
WH-04414,NEW_IDEA,API_SERVICE,266558,1017,30.79,521.89,1795.3,249.73,24.9,,0,1,MEDIUM,VERY_HIGH,0,0,1,0,MEDIUM,ADVANCED,99.99,1,SEASONAL,0,0,0,32,64
WH-04415,NEW_IDEA,MARKETPLACE,448261,3677,17.17,1052.23,3556.55,2138.42,216.4,,0,0,HIGH,MEDIUM,0,0,0,1,SLOW,INTERMEDIATE,99.9,0,SEASONAL,0,1,0,32,64
WH-04416,PLANNED,SAAS,591228,648,8.34,90.07,164.83,58.97,39.2,,0,0,HIGH,MEDIUM,0,0,0,0,SLOW,BEGINNER,99.9,0,BUSINESS_HOURS,1,0,1,8,16
WH-04417,PLANNED,NEWS,193410,723,6.75,81.34,115.5,14.54,35.1,,0,1,MEDIUM,LOW,0,0,0,0,SLOW,BEGINNER,99.9,0,NORMAL,0,0,0,2,8
WH-04418,LIVE_URL,BLOG,9588,25,2.47,1.03,1.21,8.0,67.9,62.8,1,0,LOW,LOW,0,0,0,0,STABLE,ADVANCED,99.9,0,NORMAL,0,0,0,1,4
WH-04419,LIVE_URL,MEDIA_STREAMING,11891,201,6.89,23.08,30.01,34.0,113.3,73.2,1,0,MEDIUM,MEDIUM,0,0,0,1,SLOW,BEGINNER,99.9,0,NORMAL,0,0,0,2,8
WH-04420,NEW_IDEA,EDUCATION,23089,22,4.1,1.5,1.8,22.47,27.5,,0,0,MEDIUM,MEDIUM,1,16,0,0,MEDIUM,INTERMEDIATE,99.9,0,NORMAL,0,0,0,1,4
WH-04421,LIVE_URL,SAAS,1246733,3499,13.87,808.85,2515.53,327.98,92.7,53.0,1,0,MEDIUM,VERY_HIGH,1,1481,0,0,SLOW,ADVANCED,99.95,1,EVENT_DRIVEN,0,1,0,32,64
WH-04422,PLANNED,NEWS,759313,312,2.18,11.34,14.51,10.59,190.7,,0,0,HIGH,MEDIUM,0,0,0,0,SLOW,INTERMEDIATE,99.5,0,NORMAL,0,0,1,2,8
WH-04423,LIVE_URL,SAAS,1492618,47,6.98,5.47,6.62,42.4,686.7,73.5,1,1,HIGH,VERY_HIGH,1,25,1,1,MEDIUM,INTERMEDIATE,99.95,1,NORMAL,0,0,1,2,8
WH-04424,LIVE_URL,SAAS,227927,3204,23.87,1274.66,2064.95,77.4,132.6,,0,0,MEDIUM,HIGH,1,2159,1,0,RAPID,ADVANCED,99.9,0,EVENING,0,0,1,32,64
WH-04425,NEW_IDEA,SAAS,331055,1674,7.32,204.23,457.47,134.21,73.8,,0,0,HIGH,HIGH,0,0,1,0,STABLE,ADVANCED,99.9,0,SEASONAL,0,1,0,32,64
WH-04426,LIVE_URL,PORTFOLIO,6513,3,3.02,0.15,0.3,16.81,73.3,70.4,1,0,LOW,LOW,0,0,0,0,STABLE,BEGINNER,99.95,1,WEEKEND,0,0,0,2,4
WH-04427,LIVE_URL,API_SERVICE,399823,36,26.94,16.16,24.57,16.35,41.7,47.5,1,0,HIGH,VERY_HIGH,0,0,0,0,STABLE,INTERMEDIATE,99.95,1,NORMAL,0,0,1,4,8
WH-04428,PLANNED,SAAS,117800,217,15.6,56.42,205.37,238.96,365.4,,0,1,VERY_HIGH,HIGH,0,0,0,1,MEDIUM,INTERMEDIATE,99.9,0,EVENT_DRIVEN,0,0,0,16,32
WH-04429,PLANNED,CORPORATE,4724,13,3.4,0.74,3.02,19.53,90.0,,0,0,LOW,LOW,0,0,1,1,STABLE,BEGINNER,BASIC,0,EVENT_DRIVEN,0,0,1,2,4
WH-04430,PLANNED,API_SERVICE,12406,31,14.05,7.26,10.45,35.26,53.3,,0,0,MEDIUM,VERY_HIGH,0,0,1,0,STABLE,INTERMEDIATE,99.95,1,WEEKEND,0,0,0,2,8
WH-04431,LIVE_URL,MARKETPLACE,342372,2172,19.77,715.67,1044.88,263.92,66.7,75.1,1,1,HIGH,HIGH,0,0,0,1,MEDIUM,INTERMEDIATE,99.95,1,NORMAL,0,1,0,32,64
WH-04432,LIVE_URL,API_SERVICE,140710,767,30.43,389.0,1629.9,210.07,68.6,91.1,1,0,HIGH,VERY_HIGH,0,0,1,0,MEDIUM,ADVANCED,99.99,1,EVENT_DRIVEN,1,1,1,32,64
WH-04433,NEW_IDEA,ECOMMERCE,272456,1634,15.22,414.49,754.37,102.69,40.9,,0,0,HIGH,HIGH,0,0,1,0,RAPID,ADVANCED,99.5,0,BUSINESS_HOURS,0,0,0,32,64
WH-04434,NEW_IDEA,NEWS,282730,112,4.17,7.78,9.42,33.49,339.1,,0,1,MEDIUM,MEDIUM,0,0,0,1,SLOW,INTERMEDIATE,99.5,0,NORMAL,0,0,0,1,8
WH-04435,PLANNED,PORTFOLIO,963,13,3.82,0.83,1.2,28.51,266.0,,0,0,LOW,LOW,0,0,1,1,STABLE,BEGINNER,99.95,1,NORMAL,0,0,0,2,4
WH-04436,PLANNED,EDUCATION,7774,42,10.29,7.2,14.41,80.87,639.6,,0,1,MEDIUM,MEDIUM,0,0,0,1,MEDIUM,ADVANCED,99.9,0,BUSINESS_HOURS,0,0,0,2,4
WH-04437,PLANNED,EDUCATION,81549,19,10.86,3.44,5.16,38.35,48.4,,0,0,MEDIUM,HIGH,0,0,0,0,RAPID,INTERMEDIATE,99.95,1,NORMAL,0,1,1,2,8
WH-04438,LIVE_URL,INTERNAL_BUSINESS,5373,3,6.54,0.33,1.07,45.89,51.8,75.7,1,1,MEDIUM,MEDIUM,0,0,1,0,MEDIUM,INTERMEDIATE,99.5,0,SEASONAL,0,0,1,1,4
WH-04439,LIVE_URL,ECOMMERCE,22510,292,17.29,84.14,128.74,45.47,102.0,68.4,1,0,MEDIUM,HIGH,0,0,1,0,SLOW,BEGINNER,99.9,0,EVENING,0,0,0,8,16
WH-04440,NEW_IDEA,PORTFOLIO,1020,8,1.46,0.19,0.28,8.0,13.3,,0,0,LOW,MEDIUM,0,0,0,0,STABLE,BEGINNER,99.95,1,NORMAL,0,0,0,2,4
WH-04441,NEW_IDEA,PORTFOLIO,14597,35,3.22,1.88,5.28,33.33,74.9,,0,1,LOW,LOW,0,0,0,0,RAPID,INTERMEDIATE,99.9,0,EVENT_DRIVEN,0,0,0,1,4
WH-04442,NEW_IDEA,API_SERVICE,305503,3729,23.91,1486.01,3105.75,198.1,20.2,,0,0,LOW,VERY_HIGH,0,0,1,0,SLOW,ADVANCED,99.5,0,EVENING,0,0,0,32,32
WH-04443,LIVE_URL,ECOMMERCE,557536,1461,17.79,433.19,996.33,221.75,50.5,61.3,1,1,MEDIUM,HIGH,0,0,1,1,MEDIUM,INTERMEDIATE,99.95,1,EVENT_DRIVEN,0,0,1,32,64
WH-04444,LIVE_URL,API_SERVICE,206622,69,23.05,26.51,47.71,8.0,31.1,87.7,1,1,MEDIUM,VERY_HIGH,1,17,0,0,SLOW,INTERMEDIATE,99.9,0,BUSINESS_HOURS,0,0,0,4,8
WH-04445,LIVE_URL,ECOMMERCE,482619,3487,11.55,671.25,1745.24,193.69,514.7,51.7,1,0,HIGH,HIGH,0,0,1,1,MEDIUM,BEGINNER,99.9,0,SEASONAL,1,1,0,32,64
WH-04446,LIVE_URL,CORPORATE,35352,42,5.65,3.96,5.18,26.99,65.2,74.2,1,0,LOW,LOW,0,0,0,0,RAPID,INTERMEDIATE,BASIC,0,BUSINESS_HOURS,0,0,0,1,4
WH-04447,PLANNED,NEWS,29425,362,7.24,43.68,60.72,45.66,418.7,,0,0,MEDIUM,MEDIUM,0,0,0,1,SLOW,INTERMEDIATE,BASIC,0,NORMAL,0,0,1,2,8
WH-04448,PLANNED,ECOMMERCE,106262,113,6.4,12.05,20.25,62.79,214.6,,0,0,HIGH,HIGH,0,0,0,0,RAPID,INTERMEDIATE,99.9,0,BUSINESS_HOURS,0,0,1,2,8
WH-04449,LIVE_URL,API_SERVICE,347079,4964,23.6,1952.51,4236.94,2767.69,193.5,90.7,1,0,HIGH,VERY_HIGH,0,0,0,0,RAPID,ADVANCED,99.9,0,SEASONAL,0,1,1,32,64
WH-04450,NEW_IDEA,MARKETPLACE,353820,5686,10.65,1009.26,2644.27,260.88,28.2,,0,1,HIGH,VERY_HIGH,1,1330,1,0,RAPID,ADVANCED,99.95,1,EVENT_DRIVEN,0,0,0,32,64
WH-04451,NEW_IDEA,SAAS,1233394,6235,15.7,1631.49,3556.65,338.47,158.4,,0,1,HIGH,HIGH,0,0,1,0,SLOW,ADVANCED,99.95,1,EVENT_DRIVEN,0,1,1,32,64
WH-04452,LIVE_URL,ECOMMERCE,24625,32,17.11,9.13,15.24,30.34,90.7,58.7,1,0,HIGH,MEDIUM,0,0,1,0,MEDIUM,ADVANCED,99.9,0,WEEKEND,0,0,1,2,8
WH-04453,LIVE_URL,EDUCATION,175066,184,7.88,24.17,58.48,17.4,20.4,,0,1,MEDIUM,MEDIUM,0,0,0,0,MEDIUM,INTERMEDIATE,99.9,0,EVENT_DRIVEN,0,0,1,2,4
WH-04454,LIVE_URL,SAAS,273480,799,20.17,268.6,343.8,52.94,65.1,76.7,1,1,HIGH,HIGH,0,0,1,0,STABLE,INTERMEDIATE,99.99,1,NORMAL,0,0,1,16,32
WH-04455,PLANNED,CORPORATE,45269,99,2.96,4.88,8.84,17.53,10.0,,0,1,LOW,LOW,0,0,0,0,MEDIUM,BEGINNER,99.9,0,BUSINESS_HOURS,0,0,1,1,4
WH-04456,LIVE_URL,NEWS,43788,266,5.18,22.96,44.09,15.54,22.2,91.1,1,1,MEDIUM,MEDIUM,0,0,1,0,SLOW,INTERMEDIATE,99.9,0,SEASONAL,0,0,1,1,4
WH-04457,PLANNED,INTERNAL_BUSINESS,28894,12,7.22,1.44,3.02,27.26,29.1,,0,1,MEDIUM,HIGH,0,0,0,0,MEDIUM,ADVANCED,99.9,0,SEASONAL,0,0,0,2,4
WH-04458,PLANNED,MARKETPLACE,22583,86,13.13,18.82,55.89,10.26,25.3,,0,0,HIGH,HIGH,0,0,1,0,MEDIUM,INTERMEDIATE,99.9,0,EVENT_DRIVEN,0,0,0,4,8
WH-04459,LIVE_URL,BLOG,11383,11,2.06,0.38,0.6,39.94,73.0,94.8,1,0,LOW,LOW,0,0,0,0,MEDIUM,INTERMEDIATE,99.95,1,EVENING,0,0,1,2,4
WH-04460,NEW_IDEA,MARKETPLACE,392756,1442,12.5,300.42,835.16,167.62,14.1,,0,0,MEDIUM,MEDIUM,1,1060,1,0,STABLE,ADVANCED,BASIC,0,EVENT_DRIVEN,0,0,0,32,64
WH-04461,LIVE_URL,ECOMMERCE,292189,2231,14.05,522.43,700.05,99.1,46.7,48.7,1,0,VERY_HIGH,MEDIUM,0,0,0,0,SLOW,ADVANCED,99.9,0,EVENING,0,0,1,32,64
WH-04462,PLANNED,BLOG,22540,63,3.57,3.75,5.1,33.14,32.3,,0,0,LOW,LOW,0,0,0,0,STABLE,INTERMEDIATE,99.99,1,NORMAL,0,0,0,2,4
WH-04463,PLANNED,PORTFOLIO,1718,7,1.08,0.13,0.17,9.74,12.1,,0,1,LOW,LOW,0,0,0,0,RAPID,INTERMEDIATE,99.95,1,WEEKEND,0,0,1,2,4
WH-04464,PLANNED,CORPORATE,21584,126,5.79,12.16,17.27,15.62,11.3,,0,1,LOW,LOW,0,0,0,0,SLOW,BEGINNER,BASIC,0,WEEKEND,0,0,1,1,4
WH-04465,NEW_IDEA,SAAS,865530,2350,20.03,784.51,1702.38,194.79,40.7,,0,1,MEDIUM,HIGH,0,0,1,0,STABLE,ADVANCED,99.95,1,SEASONAL,1,0,1,32,64
WH-04466,PLANNED,SAAS,295320,3641,16.1,977.0,2247.1,764.19,18.3,,0,1,MEDIUM,MEDIUM,1,2178,1,0,STABLE,INTERMEDIATE,99.95,1,SEASONAL,0,1,0,32,64
WH-04467,NEW_IDEA,SAAS,757187,5072,17.64,1491.17,2892.87,736.92,58.3,,0,0,MEDIUM,HIGH,0,0,0,0,MEDIUM,INTERMEDIATE,99.5,0,BUSINESS_HOURS,0,0,1,32,64
WH-04468,NEW_IDEA,PORTFOLIO,2945,6,2.42,0.24,0.77,23.59,60.7,,0,0,LOW,LOW,0,0,1,1,MEDIUM,BEGINNER,99.5,0,SEASONAL,0,0,0,2,4
WH-04469,NEW_IDEA,CORPORATE,15633,67,3.12,3.48,6.45,11.5,29.5,,0,1,LOW,LOW,0,0,0,0,RAPID,INTERMEDIATE,99.9,0,SEASONAL,0,1,0,2,4
WH-04470,PLANNED,CORPORATE,4565,12,4.66,0.93,1.65,8.0,13.7,,0,0,LOW,LOW,0,0,0,0,SLOW,BEGINNER,99.5,0,BUSINESS_HOURS,0,1,0,2,4
WH-04471,NEW_IDEA,SAAS,1411363,4110,23.35,1599.47,2303.24,229.32,301.2,,0,0,VERY_HIGH,HIGH,0,0,0,0,MEDIUM,INTERMEDIATE,99.9,0,NORMAL,0,0,1,32,64
WH-04472,PLANNED,MARKETPLACE,229335,5478,15.97,1458.06,3878.44,1168.93,167.6,,0,0,VERY_HIGH,HIGH,0,0,1,1,MEDIUM,INTERMEDIATE,BASIC,0,SEASONAL,0,1,0,32,64
WH-04473,PLANNED,CORPORATE,82756,22,4.8,1.76,5.03,18.9,168.2,,0,1,LOW,LOW,0,0,0,1,RAPID,ADVANCED,99.9,0,EVENT_DRIVEN,0,0,1,1,4
WH-04474,LIVE_URL,SAAS,1406531,3161,17.18,905.1,1710.64,184.5,19.0,74.7,1,0,HIGH,VERY_HIGH,1,1114,0,0,MEDIUM,ADVANCED,99.99,1,WEEKEND,1,0,0,32,64
WH-04475,LIVE_URL,INTERNAL_BUSINESS,231,4,7.94,0.53,0.71,28.27,49.9,69.8,1,1,MEDIUM,MEDIUM,0,0,1,0,MEDIUM,INTERMEDIATE,99.9,0,BUSINESS_HOURS,0,0,0,2,4
WH-04476,LIVE_URL,ECOMMERCE,52990,761,10.69,135.58,219.65,46.88,674.0,77.1,1,0,HIGH,HIGH,1,410,1,1,RAPID,INTERMEDIATE,99.9,0,BUSINESS_HOURS,0,1,1,16,32
WH-04477,PLANNED,API_SERVICE,319268,3191,15.31,814.24,2825.4,204.34,61.9,,0,1,MEDIUM,VERY_HIGH,0,0,0,0,MEDIUM,INTERMEDIATE,99.9,0,SEASONAL,0,1,0,32,64
WH-04478,PLANNED,SAAS,5444,80,5.98,7.97,12.12,17.86,45.9,,0,1,HIGH,HIGH,1,24,1,0,SLOW,INTERMEDIATE,99.5,0,BUSINESS_HOURS,0,0,1,1,8
WH-04479,LIVE_URL,API_SERVICE,40091,1078,28.59,513.67,924.6,131.35,35.8,71.3,1,1,MEDIUM,VERY_HIGH,0,0,1,0,MEDIUM,ADVANCED,99.95,1,EVENING,0,1,1,32,64
WH-04480,PLANNED,SAAS,5273,106,14.89,26.31,64.19,36.13,48.5,,0,0,HIGH,HIGH,1,51,1,0,RAPID,ADVANCED,99.9,0,EVENT_DRIVEN,0,0,1,4,8
WH-04481,PLANNED,PORTFOLIO,1109,27,3.5,1.57,2.16,25.54,29.6,,0,0,LOW,LOW,0,0,0,0,MEDIUM,INTERMEDIATE,BASIC,0,NORMAL,0,0,0,2,4
WH-04482,PLANNED,MARKETPLACE,542407,4507,18.04,1355.1,2290.13,221.75,27.1,,0,0,HIGH,MEDIUM,1,3307,1,0,MEDIUM,ADVANCED,99.95,1,BUSINESS_HOURS,0,0,1,32,64
WH-04483,PLANNED,ECOMMERCE,428482,868,5.61,81.16,154.2,30.49,162.5,,0,0,HIGH,HIGH,0,0,1,0,MEDIUM,INTERMEDIATE,99.95,1,BUSINESS_HOURS,0,0,0,8,16
WH-04484,NEW_IDEA,MEDIA_STREAMING,469137,112,4.36,8.14,16.11,31.46,221.7,,0,1,MEDIUM,LOW,0,0,0,1,MEDIUM,BEGINNER,99.5,0,BUSINESS_HOURS,0,0,1,1,4
WH-04485,LIVE_URL,CORPORATE,4097,56,4.66,4.35,5.78,29.68,50.9,99.0,1,0,LOW,LOW,0,0,0,0,SLOW,BEGINNER,99.95,1,NORMAL,0,0,0,2,4
WH-04486,PLANNED,SAAS,149466,2779,15.3,708.65,2225.15,545.28,112.8,,0,0,VERY_HIGH,VERY_HIGH,0,0,0,0,SLOW,INTERMEDIATE,99.5,0,EVENT_DRIVEN,0,0,0,32,64
WH-04487,NEW_IDEA,SAAS,1647191,7233,23.87,2877.53,5208.33,522.62,29.3,,0,0,HIGH,HIGH,0,0,1,0,RAPID,BEGINNER,99.95,1,EVENING,0,1,0,32,64
WH-04488,PLANNED,NEWS,110891,880,8.2,120.27,236.93,46.66,104.6,,0,1,MEDIUM,MEDIUM,0,0,0,1,MEDIUM,ADVANCED,99.99,1,EVENING,0,0,0,8,16
WH-04489,PLANNED,MARKETPLACE,310114,4069,11.95,810.41,1612.71,507.61,76.3,,0,0,MEDIUM,HIGH,0,0,0,0,RAPID,INTERMEDIATE,99.9,0,EVENING,0,1,0,32,64
WH-04490,LIVE_URL,SAAS,72011,2115,16.68,587.97,970.15,375.81,42.1,52.4,1,1,MEDIUM,HIGH,1,1199,0,0,SLOW,INTERMEDIATE,99.95,1,BUSINESS_HOURS,0,0,0,32,64
WH-04491,PLANNED,SAAS,35542,75,21.33,26.66,38.93,25.3,17.5,,0,1,MEDIUM,VERY_HIGH,0,0,0,0,SLOW,INTERMEDIATE,99.9,0,BUSINESS_HOURS,0,0,0,2,8
WH-04492,NEW_IDEA,BLOG,68805,6,3.45,0.35,0.59,23.76,70.7,,0,1,LOW,LOW,0,0,0,0,RAPID,INTERMEDIATE,99.9,0,BUSINESS_HOURS,0,0,1,2,4
WH-04493,PLANNED,INTERNAL_BUSINESS,643,14,8.83,2.06,3.98,15.34,75.8,,0,1,MEDIUM,MEDIUM,0,0,0,0,SLOW,BEGINNER,99.5,0,SEASONAL,0,0,0,2,4
WH-04494,LIVE_URL,MEDIA_STREAMING,504393,160,4.11,10.96,20.6,24.16,128.0,67.8,1,1,HIGH,HIGH,0,0,1,1,SLOW,BEGINNER,BASIC,0,EVENING,0,0,1,2,8
WH-04495,PLANNED,API_SERVICE,912562,2191,27.48,1003.48,1946.75,169.12,20.5,,0,1,LOW,VERY_HIGH,0,0,0,0,SLOW,ADVANCED,99.95,1,BUSINESS_HOURS,0,1,0,32,32
WH-04496,PLANNED,MARKETPLACE,287406,5763,18.09,1737.54,2345.69,323.03,1040.1,,0,0,VERY_HIGH,MEDIUM,0,0,1,1,SLOW,INTERMEDIATE,99.99,1,NORMAL,1,0,1,32,64
WH-04497,PLANNED,MARKETPLACE,169503,2594,9.02,389.96,1427.27,113.58,48.8,,0,1,MEDIUM,HIGH,0,0,0,0,RAPID,ADVANCED,99.99,1,EVENT_DRIVEN,0,1,1,32,64
WH-04498,PLANNED,MARKETPLACE,48533,757,8.13,102.57,156.94,36.54,96.3,,0,1,MEDIUM,HIGH,0,0,1,0,SLOW,INTERMEDIATE,BASIC,0,BUSINESS_HOURS,0,0,0,8,16
WH-04499,PLANNED,CORPORATE,21982,119,1.78,3.53,5.97,25.04,78.6,,0,0,LOW,LOW,0,0,1,0,MEDIUM,INTERMEDIATE,BASIC,0,BUSINESS_HOURS,0,0,0,2,4
WH-04500,PLANNED,PORTFOLIO,558,5,1.58,0.13,0.4,16.73,52.1,,0,0,LOW,LOW,0,0,0,1,RAPID,ADVANCED,99.9,0,EVENT_DRIVEN,0,0,0,2,4
WH-04501,PLANNED,ECOMMERCE,256575,67,17.19,19.2,25.53,49.88,281.0,,0,1,HIGH,HIGH,0,0,0,1,STABLE,ADVANCED,99.9,0,NORMAL,0,0,1,2,8
WH-04502,LIVE_URL,ECOMMERCE,12734,65,9.87,10.69,22.35,39.18,111.9,,0,1,HIGH,HIGH,0,0,1,0,RAPID,BEGINNER,99.95,1,EVENING,0,1,0,2,8
WH-04503,LIVE_URL,PORTFOLIO,647,6,2.68,0.27,0.52,22.54,29.1,,0,0,LOW,LOW,0,0,0,0,RAPID,ADVANCED,BASIC,0,BUSINESS_HOURS,0,0,0,1,4
WH-04504,PLANNED,MARKETPLACE,67658,190,15.47,48.99,62.71,21.15,49.9,,0,0,MEDIUM,VERY_HIGH,1,105,1,0,MEDIUM,INTERMEDIATE,99.95,1,WEEKEND,0,0,1,4,8
WH-04505,PLANNED,MARKETPLACE,262315,1212,7.76,156.75,228.86,39.07,124.0,,0,0,HIGH,HIGH,0,0,1,1,MEDIUM,ADVANCED,99.9,0,EVENING,0,0,0,16,32
WH-04506,LIVE_URL,ECOMMERCE,262357,2788,13.33,619.4,2570.51,378.69,118.5,77.0,1,1,MEDIUM,MEDIUM,0,0,1,0,MEDIUM,BEGINNER,BASIC,0,EVENT_DRIVEN,1,0,1,32,64
WH-04507,PLANNED,SAAS,51317,96,11.0,17.6,22.88,26.47,27.1,,0,0,HIGH,HIGH,0,0,1,0,RAPID,ADVANCED,BASIC,0,BUSINESS_HOURS,0,0,1,1,8
WH-04508,LIVE_URL,API_SERVICE,325609,4812,9.59,769.12,2307.35,199.96,130.8,44.8,1,0,MEDIUM,VERY_HIGH,0,0,1,0,MEDIUM,INTERMEDIATE,99.95,1,EVENT_DRIVEN,0,0,0,32,64
WH-04509,LIVE_URL,SAAS,108443,2052,22.32,763.34,1442.72,271.48,48.0,50.3,1,1,HIGH,HIGH,0,0,0,0,RAPID,ADVANCED,99.9,0,BUSINESS_HOURS,0,0,0,32,64
WH-04510,LIVE_URL,INTERNAL_BUSINESS,1485,14,8.89,2.07,4.17,31.22,15.7,87.1,1,1,MEDIUM,LOW,0,0,1,0,SLOW,ADVANCED,99.5,0,WEEKEND,0,0,0,2,4
WH-04511,LIVE_URL,BLOG,2241,24,3.31,1.32,5.04,12.95,34.5,64.5,1,0,LOW,LOW,0,0,0,0,SLOW,INTERMEDIATE,99.99,1,EVENT_DRIVEN,0,0,0,2,4
WH-04512,PLANNED,API_SERVICE,561505,1325,17.03,376.08,1007.89,250.19,50.5,,0,1,MEDIUM,HIGH,0,0,1,0,MEDIUM,INTERMEDIATE,99.95,1,SEASONAL,0,1,1,32,64
WH-04513,LIVE_URL,API_SERVICE,1342873,3807,31.83,2019.61,3635.3,849.08,39.3,,0,1,MEDIUM,HIGH,0,0,1,0,RAPID,INTERMEDIATE,99.95,1,SEASONAL,0,0,1,32,64
WH-04514,LIVE_URL,NEWS,114991,64,8.44,9.0,20.35,30.07,244.3,87.6,1,1,LOW,MEDIUM,0,0,0,1,MEDIUM,INTERMEDIATE,99.9,0,SEASONAL,0,0,0,1,4
WH-04515,PLANNED,API_SERVICE,1093859,3376,19.27,1084.26,1929.98,182.96,10.0,,0,1,LOW,VERY_HIGH,0,0,1,0,STABLE,INTERMEDIATE,99.5,0,WEEKEND,0,1,1,32,32
WH-04516,LIVE_URL,BLOG,6087,16,2.5,0.67,1.01,16.08,42.1,65.8,1,1,LOW,LOW,0,0,0,1,RAPID,BEGINNER,99.99,1,NORMAL,0,0,0,2,4
WH-04517,LIVE_URL,ECOMMERCE,659990,107,17.13,30.55,50.1,37.82,120.9,64.4,1,0,VERY_HIGH,HIGH,0,0,0,0,SLOW,BEGINNER,99.95,1,BUSINESS_HOURS,0,0,1,4,16
WH-04518,LIVE_URL,SAAS,1546518,672,8.1,90.72,168.74,48.84,80.5,73.8,1,1,HIGH,HIGH,0,0,1,0,RAPID,BEGINNER,99.5,0,SEASONAL,0,0,0,8,16
WH-04519,PLANNED,SAAS,492077,4862,11.86,961.06,1422.36,222.12,84.3,,0,1,HIGH,HIGH,0,0,1,0,STABLE,BEGINNER,99.99,1,NORMAL,1,1,0,32,64
WH-04520,NEW_IDEA,BLOG,11311,7,2.37,0.28,0.95,21.96,42.7,,0,1,LOW,LOW,0,0,1,0,STABLE,INTERMEDIATE,99.9,0,EVENT_DRIVEN,0,1,0,2,4
WH-04521,LIVE_URL,API_SERVICE,111226,1726,29.68,853.79,3568.86,284.47,83.7,86.1,1,1,MEDIUM,VERY_HIGH,0,0,1,0,MEDIUM,ADVANCED,99.9,0,EVENT_DRIVEN,0,0,1,32,64
WH-04522,LIVE_URL,ECOMMERCE,281772,3114,12.05,625.4,1113.2,326.35,34.4,69.2,1,1,HIGH,HIGH,0,0,1,0,RAPID,ADVANCED,99.99,1,BUSINESS_HOURS,0,1,1,32,64
WH-04523,PLANNED,EDUCATION,254567,145,9.62,23.25,30.92,35.04,62.0,,0,0,MEDIUM,MEDIUM,0,0,0,1,RAPID,BEGINNER,99.95,1,NORMAL,0,0,0,2,8
WH-04524,PLANNED,MARKETPLACE,10597,49,14.79,12.08,18.6,38.48,97.0,,0,0,MEDIUM,MEDIUM,1,29,0,0,SLOW,ADVANCED,99.9,0,BUSINESS_HOURS,0,0,1,1,4
WH-04525,NEW_IDEA,ECOMMERCE,51904,94,6.71,10.51,42.57,17.17,190.7,,0,1,HIGH,MEDIUM,0,0,0,0,SLOW,INTERMEDIATE,99.9,0,EVENT_DRIVEN,0,0,1,2,8
WH-04526,LIVE_URL,INTERNAL_BUSINESS,313,2,5.14,0.17,0.21,46.45,272.4,76.2,1,0,HIGH,MEDIUM,0,0,0,0,RAPID,INTERMEDIATE,99.9,0,NORMAL,0,0,0,1,8
WH-04527,LIVE_URL,CORPORATE,33058,50,2.7,2.25,3.26,13.76,34.2,68.8,1,1,LOW,LOW,0,0,0,0,SLOW,INTERMEDIATE,99.95,1,NORMAL,0,0,1,2,4
WH-04528,PLANNED,SAAS,430670,2897,18.11,874.41,2186.03,508.18,263.7,,0,0,HIGH,HIGH,1,1825,1,0,MEDIUM,BEGINNER,99.9,0,EVENT_DRIVEN,0,1,1,32,64
WH-04529,PLANNED,PORTFOLIO,23777,33,2.54,1.4,2.04,24.42,19.4,,0,0,LOW,LOW,0,0,0,0,SLOW,INTERMEDIATE,99.95,1,NORMAL,0,0,1,2,4
WH-04530,LIVE_URL,SAAS,25705,184,13.28,40.73,119.73,28.13,224.9,76.0,1,0,HIGH,HIGH,0,0,1,1,MEDIUM,ADVANCED,BASIC,0,SEASONAL,0,0,1,8,16
WH-04531,PLANNED,NEWS,1067441,225,3.41,12.79,26.73,28.0,72.4,,0,0,MEDIUM,HIGH,0,0,0,1,STABLE,INTERMEDIATE,BASIC,0,EVENING,0,1,1,2,8
WH-04532,PLANNED,BLOG,2006,35,3.35,1.95,7.45,48.55,74.0,,0,0,LOW,LOW,0,0,0,0,MEDIUM,ADVANCED,99.5,0,EVENT_DRIVEN,0,0,0,2,4
WH-04533,LIVE_URL,PORTFOLIO,11415,58,1.06,1.02,2.19,8.61,10.6,83.3,1,1,LOW,LOW,0,0,1,0,STABLE,BEGINNER,99.95,1,EVENT_DRIVEN,0,0,1,2,4
WH-04534,LIVE_URL,EDUCATION,14226,354,9.9,58.41,243.57,50.79,40.8,,0,0,MEDIUM,MEDIUM,0,0,0,0,STABLE,INTERMEDIATE,99.99,1,EVENT_DRIVEN,0,0,1,8,16
WH-04535,PLANNED,CORPORATE,20250,45,3.14,2.35,9.84,13.95,10.0,,0,1,LOW,MEDIUM,0,0,0,0,MEDIUM,BEGINNER,99.9,0,EVENT_DRIVEN,0,0,1,1,4
WH-04536,LIVE_URL,PORTFOLIO,14891,10,3.84,0.64,1.81,12.06,10.0,86.4,1,1,LOW,LOW,0,0,0,0,RAPID,BEGINNER,99.9,0,EVENT_DRIVEN,0,0,1,1,2
WH-04537,PLANNED,SAAS,21842,34,14.08,7.98,9.41,22.91,18.2,,0,1,MEDIUM,HIGH,1,28,0,0,MEDIUM,BEGINNER,99.95,1,NORMAL,0,0,0,2,8
WH-04538,PLANNED,MARKETPLACE,102813,234,11.46,44.69,63.91,40.34,486.8,,0,1,MEDIUM,HIGH,0,0,1,1,SLOW,ADVANCED,99.5,0,WEEKEND,0,0,1,4,8
WH-04539,LIVE_URL,SAAS,233011,715,12.7,151.34,222.47,57.06,198.7,55.6,1,1,HIGH,HIGH,1,507,1,0,MEDIUM,BEGINNER,99.9,0,BUSINESS_HOURS,0,0,1,16,32
WH-04540,LIVE_URL,PORTFOLIO,3902,6,3.92,0.39,1.26,22.68,45.1,56.4,1,1,LOW,LOW,0,0,0,1,RAPID,BEGINNER,99.9,0,SEASONAL,0,0,0,1,4
WH-04541,NEW_IDEA,MARKETPLACE,19903,248,13.23,54.68,76.56,26.79,108.0,,0,0,HIGH,HIGH,0,0,0,0,MEDIUM,BEGINNER,99.9,0,WEEKEND,0,0,1,4,8
WH-04542,LIVE_URL,ECOMMERCE,22236,171,11.99,34.17,49.21,28.67,76.8,74.7,1,0,VERY_HIGH,MEDIUM,0,0,1,0,SLOW,ADVANCED,99.9,0,BUSINESS_HOURS,0,0,1,4,16
WH-04543,NEW_IDEA,CORPORATE,44533,121,2.15,4.34,7.37,25.21,17.6,,0,1,LOW,MEDIUM,0,0,1,0,SLOW,BEGINNER,BASIC,0,BUSINESS_HOURS,0,0,0,2,4
WH-04544,PLANNED,EDUCATION,3575,45,10.85,8.14,14.32,50.3,56.2,,0,1,LOW,MEDIUM,1,14,0,0,RAPID,BEGINNER,99.5,0,WEEKEND,0,1,0,2,4
WH-04545,LIVE_URL,CORPORATE,3474,37,5.2,3.21,11.8,28.42,29.1,91.2,1,0,LOW,MEDIUM,0,0,0,0,MEDIUM,INTERMEDIATE,99.9,0,EVENT_DRIVEN,0,0,0,1,4
WH-04546,PLANNED,BLOG,32080,19,3.07,0.97,1.65,16.86,42.4,,0,1,LOW,LOW,0,0,0,0,STABLE,INTERMEDIATE,99.9,0,EVENING,0,0,0,1,4
WH-04547,NEW_IDEA,API_SERVICE,17680,54,29.55,26.6,31.12,25.92,10.3,,0,1,LOW,VERY_HIGH,0,0,0,0,SLOW,BEGINNER,99.5,0,NORMAL,0,0,0,2,4
WH-04548,PLANNED,MARKETPLACE,35987,672,15.03,168.34,220.52,38.42,65.5,,0,1,HIGH,HIGH,0,0,1,0,STABLE,INTERMEDIATE,99.95,1,NORMAL,0,0,1,16,32
WH-04549,PLANNED,PORTFOLIO,1590,2,1.63,0.05,0.16,26.37,13.7,,0,1,LOW,LOW,0,0,0,0,RAPID,BEGINNER,99.9,0,EVENT_DRIVEN,0,0,0,1,4
WH-04550,PLANNED,MARKETPLACE,156785,4190,12.49,872.22,2852.15,596.47,225.9,,0,0,HIGH,HIGH,1,1956,0,0,RAPID,INTERMEDIATE,99.95,1,EVENT_DRIVEN,0,1,1,32,64
WH-04551,PLANNED,SAAS,573641,6290,13.81,1447.75,2736.24,508.11,31.4,,0,0,HIGH,HIGH,1,3229,1,0,MEDIUM,INTERMEDIATE,99.9,0,WEEKEND,0,0,1,32,64
WH-04552,NEW_IDEA,CORPORATE,39901,142,1.95,4.61,10.15,17.58,76.4,,0,0,LOW,LOW,0,0,0,0,RAPID,BEGINNER,99.9,0,WEEKEND,0,0,1,2,4
WH-04553,LIVE_URL,SAAS,121829,1927,23.34,749.6,2166.35,657.5,85.0,41.6,1,0,HIGH,HIGH,0,0,1,0,RAPID,INTERMEDIATE,99.99,1,EVENT_DRIVEN,0,0,1,32,64
WH-04554,PLANNED,NEWS,805868,392,6.58,42.99,54.6,49.42,89.2,,0,1,MEDIUM,MEDIUM,0,0,0,0,RAPID,ADVANCED,BASIC,0,NORMAL,0,0,0,2,8
WH-04555,PLANNED,EDUCATION,267199,955,3.41,54.28,72.73,25.33,28.6,,0,1,MEDIUM,MEDIUM,0,0,0,0,STABLE,INTERMEDIATE,99.9,0,NORMAL,0,0,1,2,8
WH-04556,LIVE_URL,CORPORATE,14921,98,5.64,9.21,12.34,21.16,13.8,72.4,1,0,LOW,LOW,0,0,0,0,RAPID,INTERMEDIATE,99.9,0,NORMAL,0,0,1,1,4
WH-04557,PLANNED,API_SERVICE,16562,204,10.27,34.92,71.23,56.56,66.7,,0,0,MEDIUM,VERY_HIGH,0,0,0,0,MEDIUM,INTERMEDIATE,99.9,0,EVENING,0,0,0,4,8
WH-04558,NEW_IDEA,MARKETPLACE,21757,642,9.99,106.89,386.95,103.87,33.4,,0,1,HIGH,HIGH,0,0,1,0,RAPID,ADVANCED,99.99,1,EVENT_DRIVEN,0,0,0,32,64
WH-04559,PLANNED,MEDIA_STREAMING,1064870,61,4.93,5.01,10.22,15.76,204.4,,0,1,LOW,MEDIUM,0,0,0,1,MEDIUM,BEGINNER,99.9,0,SEASONAL,0,0,0,1,4
WH-04560,NEW_IDEA,SAAS,80002,2093,21.23,740.57,2925.26,357.5,59.4,,0,0,VERY_HIGH,HIGH,1,513,1,0,STABLE,BEGINNER,99.95,1,EVENT_DRIVEN,0,0,0,32,64
WH-04561,LIVE_URL,NEWS,535075,3360,8.32,465.92,670.92,231.79,93.4,64.7,1,1,MEDIUM,MEDIUM,0,0,0,1,STABLE,BEGINNER,99.9,0,NORMAL,0,0,1,32,64
WH-04562,LIVE_URL,MARKETPLACE,400326,4258,15.29,1085.08,2983.97,407.44,64.7,61.6,1,0,HIGH,HIGH,0,0,0,0,STABLE,INTERMEDIATE,99.99,1,EVENT_DRIVEN,0,0,1,32,64
WH-04563,NEW_IDEA,SAAS,1302291,391,17.52,114.17,159.84,72.91,81.2,,0,0,HIGH,HIGH,1,133,1,0,SLOW,INTERMEDIATE,99.9,0,NORMAL,0,0,1,8,16
WH-04564,PLANNED,MARKETPLACE,307769,4190,17.82,1244.43,4044.4,670.55,42.3,,0,0,HIGH,MEDIUM,0,0,0,0,MEDIUM,BEGINNER,99.9,0,SEASONAL,0,0,1,32,64
WH-04565,NEW_IDEA,ECOMMERCE,480523,3148,12.59,660.56,2351.58,1068.07,170.2,,0,0,HIGH,HIGH,1,962,0,1,STABLE,INTERMEDIATE,99.95,1,EVENT_DRIVEN,1,0,1,32,64
WH-04566,LIVE_URL,ECOMMERCE,26877,148,17.54,43.27,50.19,67.26,322.3,,0,1,HIGH,HIGH,0,0,1,1,STABLE,BEGINNER,99.99,1,NORMAL,0,0,0,4,16
WH-04567,LIVE_URL,SAAS,371609,5963,15.88,1578.21,2146.36,277.4,119.1,78.3,1,1,HIGH,HIGH,0,0,0,0,RAPID,INTERMEDIATE,99.9,0,NORMAL,0,0,0,32,64
WH-04568,LIVE_URL,BLOG,54294,30,3.97,1.99,2.66,31.65,27.7,,0,0,LOW,LOW,0,0,0,0,MEDIUM,INTERMEDIATE,99.5,0,NORMAL,0,0,0,1,4
WH-04569,PLANNED,BLOG,11851,35,3.61,2.11,2.7,13.85,23.3,,0,0,LOW,LOW,0,0,0,0,SLOW,INTERMEDIATE,99.9,0,NORMAL,0,0,1,2,4
WH-04570,LIVE_URL,SAAS,679745,4860,15.57,1261.17,2307.94,417.41,506.2,72.9,1,1,HIGH,MEDIUM,0,0,0,1,MEDIUM,ADVANCED,99.95,1,SEASONAL,0,0,1,32,64
WH-04571,LIVE_URL,NEWS,665854,83,2.76,3.82,7.45,8.0,31.2,61.4,1,1,MEDIUM,MEDIUM,0,0,0,0,MEDIUM,INTERMEDIATE,BASIC,0,BUSINESS_HOURS,0,0,1,1,4
WH-04572,PLANNED,MARKETPLACE,462937,303,16.44,83.02,110.42,117.27,311.6,,0,1,VERY_HIGH,HIGH,0,0,0,0,SLOW,INTERMEDIATE,99.9,0,NORMAL,0,0,0,8,16
WH-04573,LIVE_URL,INTERNAL_BUSINESS,149,2,4.9,0.16,0.3,15.35,42.1,74.4,1,0,HIGH,MEDIUM,0,0,0,0,RAPID,INTERMEDIATE,99.9,0,WEEKEND,0,0,1,1,8
WH-04574,NEW_IDEA,SAAS,207903,544,5.7,51.68,82.69,42.11,257.5,,0,0,HIGH,HIGH,0,0,0,0,MEDIUM,INTERMEDIATE,99.9,0,EVENING,0,0,1,4,8
WH-04575,NEW_IDEA,ECOMMERCE,34658,41,10.4,7.11,11.73,48.44,138.9,,0,0,HIGH,HIGH,1,32,1,0,SLOW,INTERMEDIATE,99.9,0,EVENING,0,0,0,1,8
WH-04576,PLANNED,INTERNAL_BUSINESS,207,3,8.53,0.43,0.62,35.02,55.0,,0,1,MEDIUM,MEDIUM,0,0,0,0,SLOW,BEGINNER,99.95,1,WEEKEND,0,0,0,2,8
WH-04577,PLANNED,EDUCATION,84771,62,11.5,11.88,31.85,12.85,25.9,,0,0,LOW,MEDIUM,0,0,0,0,MEDIUM,INTERMEDIATE,99.9,0,SEASONAL,0,0,1,1,4
WH-04578,LIVE_URL,CORPORATE,80688,8,4.29,0.57,1.89,58.84,42.7,,0,1,LOW,LOW,0,0,0,0,STABLE,INTERMEDIATE,99.5,0,SEASONAL,0,0,0,2,4
WH-04579,LIVE_URL,SAAS,6226,108,19.46,35.03,64.8,47.31,31.9,48.8,1,0,MEDIUM,HIGH,0,0,0,0,MEDIUM,BEGINNER,99.9,0,EVENING,0,0,0,4,8
WH-04580,NEW_IDEA,API_SERVICE,365082,4522,18.61,1402.57,1907.5,170.12,56.8,,0,1,LOW,VERY_HIGH,0,0,1,0,MEDIUM,ADVANCED,99.9,0,EVENING,0,0,0,32,32
WH-04581,PLANNED,ECOMMERCE,657017,2864,11.8,563.25,2292.44,218.13,31.6,,0,1,MEDIUM,HIGH,0,0,1,0,RAPID,BEGINNER,99.5,0,EVENT_DRIVEN,1,1,1,32,64
WH-04582,LIVE_URL,EDUCATION,3289,11,8.66,1.59,2.06,18.7,74.3,60.0,1,1,MEDIUM,MEDIUM,0,0,0,0,RAPID,INTERMEDIATE,99.9,0,EVENING,0,0,0,2,4
WH-04583,LIVE_URL,SAAS,718111,6325,12.45,1312.44,5118.51,217.15,27.8,55.3,1,1,VERY_HIGH,VERY_HIGH,0,0,1,0,SLOW,INTERMEDIATE,99.95,1,EVENT_DRIVEN,1,0,1,32,64
WH-04584,PLANNED,BLOG,56985,52,2.24,1.94,3.01,12.02,45.3,,0,0,LOW,LOW,0,0,1,0,STABLE,BEGINNER,99.9,0,WEEKEND,0,0,0,2,4
WH-04585,LIVE_URL,PORTFOLIO,1002,2,1.51,0.05,0.09,26.79,29.4,86.9,1,0,LOW,LOW,0,0,0,0,RAPID,INTERMEDIATE,99.5,0,BUSINESS_HOURS,0,0,0,1,4
WH-04586,LIVE_URL,ECOMMERCE,127182,607,9.76,98.74,186.62,40.41,42.8,74.0,1,0,VERY_HIGH,HIGH,0,0,1,0,SLOW,BEGINNER,99.9,0,BUSINESS_HOURS,0,0,1,16,32
WH-04587,PLANNED,SAAS,1208089,2494,14.13,587.34,1891.23,162.24,100.7,,0,1,HIGH,HIGH,0,0,1,0,MEDIUM,INTERMEDIATE,99.9,0,SEASONAL,1,1,0,32,64
WH-04588,LIVE_URL,CORPORATE,19713,6,5.97,0.6,1.08,14.13,25.2,81.9,1,0,LOW,LOW,0,0,0,0,MEDIUM,INTERMEDIATE,99.99,1,BUSINESS_HOURS,0,0,0,2,4
WH-04589,PLANNED,ECOMMERCE,290155,3285,15.15,829.46,2546.45,191.47,37.6,,0,0,MEDIUM,VERY_HIGH,0,0,1,0,RAPID,BEGINNER,99.9,0,SEASONAL,0,0,0,32,64
WH-04590,PLANNED,ECOMMERCE,105883,50,10.82,9.02,18.57,25.93,71.9,,0,0,VERY_HIGH,HIGH,0,0,0,0,STABLE,ADVANCED,99.9,0,WEEKEND,0,0,1,2,16
WH-04591,LIVE_URL,API_SERVICE,12864,34,14.9,8.44,26.93,16.21,34.2,59.8,1,1,HIGH,VERY_HIGH,1,28,0,0,MEDIUM,INTERMEDIATE,99.99,1,SEASONAL,0,0,1,4,8
WH-04592,PLANNED,MARKETPLACE,257066,117,17.3,33.73,50.27,27.0,23.6,,0,1,HIGH,HIGH,0,0,1,0,MEDIUM,BEGINNER,99.9,0,NORMAL,0,0,1,4,8
WH-04593,LIVE_URL,NEWS,1237797,458,4.65,35.5,68.86,64.79,57.5,78.4,1,1,MEDIUM,MEDIUM,0,0,0,0,RAPID,BEGINNER,BASIC,0,BUSINESS_HOURS,0,0,0,2,8
WH-04594,NEW_IDEA,PORTFOLIO,9594,17,2.64,0.75,1.29,13.85,30.5,,0,1,LOW,LOW,0,0,0,0,STABLE,BEGINNER,99.99,1,BUSINESS_HOURS,0,0,1,2,4
WH-04595,PLANNED,BLOG,67529,62,2.47,2.55,8.6,24.35,18.3,,0,0,LOW,LOW,0,0,0,0,MEDIUM,INTERMEDIATE,99.9,0,SEASONAL,0,0,0,1,4
WH-04596,NEW_IDEA,SAAS,238005,40,22.12,14.75,25.51,23.34,161.5,,0,0,HIGH,HIGH,0,0,1,0,MEDIUM,BEGINNER,99.9,0,EVENING,0,0,1,1,8
WH-04597,LIVE_URL,NEWS,286618,1722,6.95,199.47,369.01,51.13,23.4,,0,0,HIGH,MEDIUM,0,0,0,0,MEDIUM,ADVANCED,99.9,0,BUSINESS_HOURS,0,0,1,16,32
WH-04598,PLANNED,BLOG,43204,6,3.58,0.36,1.24,8.94,21.0,,0,1,LOW,MEDIUM,0,0,0,0,MEDIUM,BEGINNER,99.95,1,EVENT_DRIVEN,0,0,0,2,4
WH-04599,LIVE_URL,ECOMMERCE,159399,34,5.97,3.38,6.5,24.37,188.7,57.5,1,1,HIGH,VERY_HIGH,0,0,1,1,MEDIUM,ADVANCED,99.9,0,EVENING,0,0,1,1,8
WH-04600,LIVE_URL,COMMUNITY,6694,95,14.57,23.07,40.6,37.47,24.7,54.8,1,0,LOW,MEDIUM,0,0,0,0,MEDIUM,BEGINNER,99.9,0,WEEKEND,0,0,1,2,4
WH-04601,LIVE_URL,MEDIA_STREAMING,118259,283,6.32,29.81,38.75,36.48,200.7,58.1,1,0,LOW,MEDIUM,0,0,0,1,STABLE,INTERMEDIATE,99.9,0,WEEKEND,0,0,0,2,8
WH-04602,LIVE_URL,BLOG,2575,22,4.1,1.5,2.5,8.22,13.3,90.9,1,1,LOW,LOW,0,0,0,0,RAPID,BEGINNER,99.9,0,WEEKEND,0,1,0,2,4
WH-04603,NEW_IDEA,API_SERVICE,177237,1067,15.14,269.24,452.32,90.36,13.3,,0,0,MEDIUM,VERY_HIGH,0,0,1,0,STABLE,ADVANCED,99.99,1,BUSINESS_HOURS,1,0,0,32,64
WH-04604,LIVE_URL,SAAS,49905,418,23.37,162.81,625.19,192.19,32.6,59.4,1,0,HIGH,HIGH,0,0,1,0,MEDIUM,BEGINNER,99.9,0,EVENT_DRIVEN,0,0,1,32,64
WH-04605,PLANNED,SAAS,318040,37,7.96,4.91,9.52,16.42,142.2,,0,0,VERY_HIGH,HIGH,0,0,0,0,SLOW,BEGINNER,99.9,0,SEASONAL,0,0,1,1,16
WH-04606,NEW_IDEA,API_SERVICE,377865,2969,29.17,1443.43,1789.85,178.07,106.1,,0,0,MEDIUM,VERY_HIGH,0,0,1,0,STABLE,ADVANCED,99.95,1,NORMAL,0,1,0,32,64
WH-04607,PLANNED,API_SERVICE,371306,565,30.05,282.97,424.46,39.18,24.8,,0,1,MEDIUM,VERY_HIGH,0,0,0,0,MEDIUM,INTERMEDIATE,99.95,1,NORMAL,0,0,0,32,64
WH-04608,PLANNED,BLOG,24183,17,1.79,0.51,0.98,12.68,22.8,,0,0,LOW,LOW,0,0,0,0,MEDIUM,BEGINNER,99.9,0,BUSINESS_HOURS,0,0,1,2,4
WH-04609,NEW_IDEA,EDUCATION,372938,113,7.02,13.22,15.47,16.68,33.5,,0,0,LOW,MEDIUM,0,0,0,0,STABLE,BEGINNER,BASIC,0,NORMAL,0,0,0,2,4
WH-04610,LIVE_URL,ECOMMERCE,257255,61,9.41,9.57,14.83,51.44,146.6,,0,0,HIGH,HIGH,0,0,0,0,MEDIUM,INTERMEDIATE,99.95,1,NORMAL,0,0,0,2,8
WH-04611,NEW_IDEA,ECOMMERCE,45963,102,15.2,25.84,41.34,26.66,385.9,,0,1,HIGH,HIGH,0,0,0,1,SLOW,BEGINNER,99.95,1,BUSINESS_HOURS,0,0,0,4,16
WH-04612,PLANNED,CORPORATE,63534,157,1.98,5.18,7.82,23.05,50.7,,0,1,LOW,LOW,0,0,0,0,MEDIUM,ADVANCED,99.95,1,EVENING,0,0,0,2,4
WH-04613,PLANNED,API_SERVICE,6506,99,31.21,51.5,74.67,11.31,12.7,,0,1,MEDIUM,VERY_HIGH,1,68,0,0,RAPID,BEGINNER,99.9,0,NORMAL,0,0,0,4,8
WH-04614,PLANNED,SAAS,832185,1788,14.64,436.27,999.06,151.13,37.4,,0,0,VERY_HIGH,VERY_HIGH,1,1040,1,0,SLOW,INTERMEDIATE,99.99,1,EVENT_DRIVEN,1,0,0,32,64
WH-04615,LIVE_URL,SAAS,13170,354,11.26,66.43,96.33,98.44,128.2,71.7,1,0,HIGH,HIGH,0,0,1,0,STABLE,BEGINNER,99.95,1,NORMAL,0,0,1,8,16
WH-04616,NEW_IDEA,MARKETPLACE,115241,1109,10.64,196.66,277.29,77.18,83.1,,0,0,HIGH,HIGH,0,0,0,0,STABLE,BEGINNER,99.95,1,NORMAL,0,0,1,16,32
WH-04617,NEW_IDEA,NEWS,764428,57,7.7,7.32,11.27,19.85,20.8,,0,0,MEDIUM,MEDIUM,0,0,0,0,RAPID,ADVANCED,BASIC,0,EVENING,0,0,0,2,4
WH-04618,NEW_IDEA,API_SERVICE,33518,688,24.84,284.83,558.27,121.71,142.7,,0,0,MEDIUM,VERY_HIGH,0,0,0,0,MEDIUM,INTERMEDIATE,99.9,0,WEEKEND,0,0,1,32,64
WH-04619,PLANNED,ECOMMERCE,361423,1034,6.39,110.12,265.39,85.14,24.8,,0,1,HIGH,HIGH,0,0,0,0,MEDIUM,ADVANCED,99.9,0,SEASONAL,0,0,0,16,32
WH-04620,LIVE_URL,CORPORATE,23696,80,5.39,7.19,13.94,8.0,10.0,83.2,1,0,LOW,LOW,0,0,1,0,RAPID,INTERMEDIATE,BASIC,0,EVENING,0,0,1,2,4
WH-04621,NEW_IDEA,SAAS,177962,3049,13.82,702.29,1250.07,144.69,38.1,,0,0,HIGH,HIGH,0,0,1,0,RAPID,INTERMEDIATE,99.95,1,WEEKEND,0,1,0,32,64
WH-04622,LIVE_URL,BLOG,29228,6,4.92,0.49,0.93,21.78,10.0,,0,0,LOW,LOW,0,0,0,0,SLOW,BEGINNER,99.9,0,BUSINESS_HOURS,0,0,0,1,4
WH-04623,NEW_IDEA,EDUCATION,265037,946,3.72,58.65,83.87,67.99,59.4,,0,0,HIGH,HIGH,0,0,1,0,MEDIUM,INTERMEDIATE,99.5,0,NORMAL,0,0,1,4,16
WH-04624,LIVE_URL,MARKETPLACE,719020,4923,14.78,1212.7,3989.78,2097.04,127.5,66.7,1,0,HIGH,MEDIUM,0,0,1,1,MEDIUM,BEGINNER,BASIC,0,SEASONAL,0,1,1,32,64
WH-04625,NEW_IDEA,MARKETPLACE,1221020,3884,14.58,943.81,1595.04,159.88,108.4,,0,0,HIGH,HIGH,0,0,0,0,RAPID,ADVANCED,99.9,0,BUSINESS_HOURS,0,1,0,32,64
WH-04626,LIVE_URL,BLOG,41880,5,2.19,0.18,0.47,98.56,65.3,89.3,1,0,LOW,LOW,0,0,0,0,MEDIUM,BEGINNER,BASIC,0,EVENT_DRIVEN,0,0,1,1,4
WH-04627,LIVE_URL,SAAS,363744,4894,15.27,1245.52,1818.46,228.75,55.4,71.2,1,0,HIGH,MEDIUM,0,0,1,0,STABLE,INTERMEDIATE,BASIC,0,NORMAL,1,0,1,32,64
WH-04628,LIVE_URL,MARKETPLACE,110341,53,8.38,7.4,13.03,171.79,1048.4,88.5,1,1,HIGH,HIGH,0,0,1,1,MEDIUM,INTERMEDIATE,99.95,1,EVENING,0,0,0,2,8
WH-04629,LIVE_URL,MARKETPLACE,481143,4028,16.76,1125.15,1563.96,147.8,43.0,61.4,1,0,HIGH,VERY_HIGH,1,2473,1,0,MEDIUM,INTERMEDIATE,99.99,1,BUSINESS_HOURS,1,1,0,32,64
WH-04630,LIVE_URL,PORTFOLIO,6009,7,3.96,0.46,1.73,19.82,74.0,90.7,1,0,LOW,LOW,0,0,0,0,STABLE,BEGINNER,99.95,1,EVENT_DRIVEN,0,0,0,2,4
WH-04631,NEW_IDEA,BLOG,4938,58,3.05,2.95,10.32,9.12,13.1,,0,1,LOW,LOW,0,0,0,0,RAPID,ADVANCED,99.9,0,EVENT_DRIVEN,0,0,1,1,4
WH-04632,LIVE_URL,ECOMMERCE,65849,1253,13.64,284.85,390.24,94.53,305.1,65.3,1,0,HIGH,VERY_HIGH,0,0,0,1,SLOW,BEGINNER,99.9,0,BUSINESS_HOURS,0,1,1,32,64
WH-04633,NEW_IDEA,SAAS,48704,374,14.7,91.63,133.78,21.82,119.4,,0,0,HIGH,MEDIUM,0,0,0,0,SLOW,BEGINNER,99.99,1,EVENING,0,0,1,8,16
WH-04634,LIVE_URL,BLOG,5395,22,2.15,0.79,1.38,37.82,22.4,71.1,1,0,LOW,LOW,0,0,0,0,SLOW,ADVANCED,99.9,0,BUSINESS_HOURS,0,0,0,2,4
WH-04635,PLANNED,EDUCATION,250140,40,8.91,5.94,13.72,44.85,27.5,,0,0,MEDIUM,MEDIUM,0,0,0,0,MEDIUM,INTERMEDIATE,99.9,0,EVENT_DRIVEN,0,0,0,2,4
WH-04636,PLANNED,INTERNAL_BUSINESS,10280,134,5.63,12.57,32.82,70.4,120.2,,0,1,MEDIUM,MEDIUM,0,0,0,0,SLOW,ADVANCED,99.5,0,EVENT_DRIVEN,0,0,0,2,8
WH-04637,LIVE_URL,BLOG,6581,9,4.41,0.66,0.88,8.0,48.8,,0,0,LOW,LOW,0,0,1,0,RAPID,BEGINNER,99.95,1,WEEKEND,0,0,0,2,4
WH-04638,PLANNED,BLOG,78192,49,3.9,3.19,3.76,95.38,12.6,,0,0,LOW,LOW,0,0,0,0,STABLE,ADVANCED,99.95,1,NORMAL,0,0,0,2,4
WH-04639,PLANNED,BLOG,2442,69,2.96,3.4,4.05,23.04,28.2,,0,1,LOW,LOW,0,0,0,0,MEDIUM,BEGINNER,99.99,1,NORMAL,0,0,0,2,4
WH-04640,LIVE_URL,PORTFOLIO,8636,5,2.8,0.23,0.29,22.45,63.9,75.5,1,0,LOW,LOW,0,0,0,1,RAPID,INTERMEDIATE,99.95,1,NORMAL,0,0,1,2,4
WH-04641,LIVE_URL,CORPORATE,52633,45,2.3,1.72,2.93,26.52,27.8,82.0,1,0,LOW,MEDIUM,0,0,1,0,MEDIUM,BEGINNER,99.9,0,BUSINESS_HOURS,0,0,0,2,4
WH-04642,NEW_IDEA,ECOMMERCE,154089,573,17.24,164.64,227.21,59.47,92.5,,0,0,HIGH,HIGH,0,0,1,0,MEDIUM,INTERMEDIATE,99.9,0,BUSINESS_HOURS,0,0,1,16,32
WH-04643,PLANNED,MARKETPLACE,18978,285,6.38,30.3,39.4,29.95,209.5,,0,0,HIGH,HIGH,0,0,1,0,MEDIUM,INTERMEDIATE,99.9,0,WEEKEND,0,0,1,2,8
WH-04644,LIVE_URL,API_SERVICE,416809,1880,33.79,1058.75,2784.52,691.2,13.9,91.7,1,1,LOW,VERY_HIGH,1,382,1,0,STABLE,BEGINNER,99.9,0,EVENT_DRIVEN,1,1,1,32,32
WH-04645,NEW_IDEA,SAAS,136972,992,19.91,329.18,1013.87,220.84,37.4,,0,1,HIGH,HIGH,1,431,1,0,SLOW,INTERMEDIATE,99.95,1,EVENT_DRIVEN,0,0,0,32,64
WH-04646,NEW_IDEA,BLOG,67182,96,3.04,4.86,5.93,8.0,10.0,,0,1,LOW,LOW,0,0,0,0,MEDIUM,BEGINNER,99.99,1,NORMAL,0,0,1,2,4
WH-04647,LIVE_URL,API_SERVICE,75211,1314,23.88,522.97,732.16,39.89,126.4,64.5,1,0,LOW,VERY_HIGH,0,0,0,1,SLOW,INTERMEDIATE,99.99,1,NORMAL,0,0,0,32,32
WH-04648,NEW_IDEA,BLOG,76548,94,4.43,6.94,10.27,42.98,46.1,,0,0,LOW,MEDIUM,0,0,0,1,MEDIUM,INTERMEDIATE,99.95,1,NORMAL,0,0,1,2,4
WH-04649,PLANNED,CORPORATE,4191,33,1.76,0.97,2.16,12.28,43.2,,0,0,LOW,LOW,0,0,0,0,MEDIUM,ADVANCED,99.99,1,SEASONAL,0,0,0,2,4
WH-04650,LIVE_URL,ECOMMERCE,269575,304,16.19,82.03,138.63,55.69,32.7,77.1,1,0,MEDIUM,MEDIUM,0,0,1,0,SLOW,INTERMEDIATE,99.9,0,BUSINESS_HOURS,0,0,0,8,16
WH-04651,PLANNED,BLOG,6120,26,2.68,1.16,1.67,9.42,50.0,,0,0,LOW,LOW,0,0,1,0,SLOW,ADVANCED,99.95,1,NORMAL,0,0,0,2,4
WH-04652,PLANNED,MEDIA_STREAMING,499854,2376,5.27,208.69,313.04,86.5,206.4,,0,1,MEDIUM,MEDIUM,0,0,0,1,RAPID,ADVANCED,99.9,0,NORMAL,0,0,0,16,32
WH-04653,NEW_IDEA,SAAS,274205,5994,11.95,1193.81,2256.29,1184.85,116.9,,0,1,HIGH,HIGH,0,0,0,0,MEDIUM,INTERMEDIATE,99.95,1,EVENING,1,0,1,32,64
WH-04654,PLANNED,NEWS,1033797,1415,6.48,152.82,194.08,21.97,114.4,,0,1,MEDIUM,LOW,0,0,0,0,SLOW,INTERMEDIATE,99.9,0,NORMAL,0,0,1,4,8
WH-04655,LIVE_URL,ECOMMERCE,98383,549,12.59,115.2,182.01,91.96,586.0,45.1,1,1,HIGH,HIGH,0,0,0,1,SLOW,INTERMEDIATE,BASIC,0,WEEKEND,0,0,0,16,32
WH-04656,LIVE_URL,API_SERVICE,78847,1803,32.47,975.72,1912.42,330.76,13.7,78.3,1,0,LOW,VERY_HIGH,0,0,1,0,STABLE,INTERMEDIATE,99.99,1,BUSINESS_HOURS,0,1,0,32,32
WH-04657,PLANNED,ECOMMERCE,79511,1204,14.44,289.76,350.61,64.87,162.9,,0,0,HIGH,HIGH,0,0,0,0,MEDIUM,INTERMEDIATE,99.5,0,NORMAL,0,0,0,16,32
WH-04658,LIVE_URL,BLOG,3161,45,3.68,2.76,7.12,38.96,55.2,73.2,1,0,LOW,LOW,0,0,0,1,RAPID,BEGINNER,99.5,0,EVENT_DRIVEN,0,0,1,1,4
WH-04659,LIVE_URL,COMMUNITY,61948,459,9.93,75.96,212.7,53.55,430.3,76.8,1,1,MEDIUM,MEDIUM,1,250,1,1,MEDIUM,BEGINNER,99.5,0,SEASONAL,0,0,1,8,16
WH-04660,LIVE_URL,CORPORATE,47560,25,5.77,2.4,3.17,12.71,48.4,83.8,1,1,LOW,LOW,0,0,0,0,STABLE,ADVANCED,99.5,0,NORMAL,0,0,1,2,4
WH-04661,LIVE_URL,BLOG,2078,13,4.17,0.9,3.14,8.0,21.6,81.0,1,0,LOW,LOW,0,0,1,0,STABLE,INTERMEDIATE,99.95,1,EVENT_DRIVEN,0,0,0,2,4
WH-04662,PLANNED,CORPORATE,5980,17,4.58,1.3,1.53,14.0,24.9,,0,1,LOW,MEDIUM,0,0,0,0,RAPID,BEGINNER,99.5,0,NORMAL,0,1,0,2,4
WH-04663,LIVE_URL,BLOG,4130,37,3.14,1.94,2.65,23.12,26.3,82.1,1,0,LOW,LOW,0,0,0,0,MEDIUM,BEGINNER,BASIC,0,NORMAL,0,0,0,2,4
WH-04664,NEW_IDEA,SAAS,7644,183,8.08,24.64,47.07,47.0,57.8,,0,0,HIGH,HIGH,1,131,0,0,SLOW,BEGINNER,99.9,0,WEEKEND,0,0,1,4,8
WH-04665,LIVE_URL,NEWS,1756734,143,5.45,12.99,17.8,12.04,122.9,49.1,1,1,MEDIUM,MEDIUM,0,0,0,0,SLOW,INTERMEDIATE,99.9,0,EVENING,0,0,0,2,4
WH-04666,LIVE_URL,MARKETPLACE,44228,788,17.47,229.44,429.05,42.01,133.4,76.2,1,1,VERY_HIGH,HIGH,0,0,0,0,MEDIUM,BEGINNER,99.5,0,BUSINESS_HOURS,0,0,0,32,64
WH-04667,PLANNED,ECOMMERCE,610981,2255,12.49,469.42,1685.2,418.83,35.6,,0,1,HIGH,MEDIUM,1,1213,1,0,MEDIUM,INTERMEDIATE,99.95,1,EVENT_DRIVEN,0,1,1,32,64
WH-04668,LIVE_URL,SAAS,105685,2133,13.0,462.15,1589.8,145.42,33.3,82.1,1,1,MEDIUM,MEDIUM,0,0,1,0,STABLE,INTERMEDIATE,99.9,0,SEASONAL,0,0,0,32,64
WH-04669,PLANNED,ECOMMERCE,98032,970,15.37,248.48,474.6,103.13,24.3,,0,0,HIGH,HIGH,0,0,1,0,MEDIUM,INTERMEDIATE,99.5,0,BUSINESS_HOURS,0,0,1,32,64
WH-04670,LIVE_URL,SAAS,112784,313,7.87,41.06,119.88,90.07,141.0,61.6,1,1,VERY_HIGH,HIGH,0,0,1,0,MEDIUM,INTERMEDIATE,99.95,1,EVENT_DRIVEN,0,1,0,8,16
WH-04671,LIVE_URL,PORTFOLIO,3419,45,1.42,1.06,1.46,11.55,27.8,50.0,1,0,LOW,MEDIUM,0,0,0,0,MEDIUM,INTERMEDIATE,99.9,0,EVENING,0,1,0,2,4
WH-04672,LIVE_URL,MARKETPLACE,62377,158,7.75,20.41,24.9,17.19,255.6,48.9,1,1,VERY_HIGH,HIGH,0,0,1,0,STABLE,BEGINNER,99.9,0,NORMAL,0,0,0,2,16
WH-04673,LIVE_URL,BLOG,8163,7,2.71,0.32,0.59,9.22,34.6,64.7,1,1,LOW,LOW,0,0,0,0,MEDIUM,BEGINNER,99.5,0,BUSINESS_HOURS,0,0,1,2,4
WH-04674,PLANNED,NEWS,31152,65,7.27,7.88,9.69,16.26,558.9,,0,0,HIGH,MEDIUM,0,0,0,1,RAPID,ADVANCED,99.9,0,NORMAL,0,0,1,1,8
WH-04675,NEW_IDEA,MARKETPLACE,342290,4144,5.88,406.11,1535.1,214.95,81.7,,0,1,HIGH,HIGH,0,0,1,0,RAPID,ADVANCED,99.9,0,EVENT_DRIVEN,0,1,1,32,64
WH-04676,NEW_IDEA,API_SERVICE,1065094,3316,12.75,704.65,1902.56,388.82,16.3,,0,0,MEDIUM,VERY_HIGH,1,1054,0,0,RAPID,INTERMEDIATE,99.95,1,SEASONAL,1,0,0,32,64
WH-04677,LIVE_URL,API_SERVICE,163032,1669,20.01,556.61,723.59,77.47,19.8,80.4,1,0,MEDIUM,VERY_HIGH,0,0,0,0,SLOW,INTERMEDIATE,99.9,0,BUSINESS_HOURS,0,0,0,32,64
WH-04678,LIVE_URL,EDUCATION,206736,117,6.69,13.05,32.87,30.13,75.2,82.3,1,0,MEDIUM,HIGH,0,0,0,0,SLOW,ADVANCED,99.99,1,EVENT_DRIVEN,0,0,0,2,8
WH-04679,NEW_IDEA,ECOMMERCE,885687,2939,14.54,712.22,1331.85,260.68,130.8,,0,0,MEDIUM,HIGH,0,0,1,0,SLOW,INTERMEDIATE,99.9,0,WEEKEND,0,0,1,32,64
WH-04680,PLANNED,CORPORATE,49513,33,2.9,1.59,2.44,10.15,55.1,,0,1,LOW,LOW,0,0,0,1,SLOW,ADVANCED,99.9,0,NORMAL,0,0,1,1,4
WH-04681,NEW_IDEA,MARKETPLACE,548196,64,10.88,11.61,30.64,23.04,170.4,,0,1,HIGH,VERY_HIGH,0,0,0,1,MEDIUM,INTERMEDIATE,BASIC,0,SEASONAL,0,1,0,2,8
WH-04682,NEW_IDEA,SAAS,922551,59,18.41,18.1,27.88,22.38,44.1,,0,0,VERY_HIGH,HIGH,0,0,0,0,STABLE,BEGINNER,99.99,1,NORMAL,0,0,1,4,16
WH-04683,LIVE_URL,SAAS,1101555,7331,16.28,1989.14,5151.88,1291.92,20.9,63.7,1,1,HIGH,HIGH,0,0,1,0,STABLE,INTERMEDIATE,99.95,1,EVENT_DRIVEN,0,1,1,32,64
WH-04684,PLANNED,ECOMMERCE,40152,115,8.68,16.64,21.63,23.06,43.7,,0,0,HIGH,VERY_HIGH,0,0,1,0,RAPID,BEGINNER,99.9,0,BUSINESS_HOURS,0,0,1,1,8
WH-04685,PLANNED,INTERNAL_BUSINESS,5832,70,5.91,6.89,8.83,13.49,12.8,,0,1,MEDIUM,MEDIUM,1,25,0,0,STABLE,ADVANCED,99.9,0,NORMAL,0,0,1,1,4
WH-04686,PLANNED,SAAS,1099368,3440,17.09,979.83,2028.24,247.22,50.6,,0,1,HIGH,HIGH,0,0,1,0,SLOW,ADVANCED,99.9,0,WEEKEND,0,0,1,32,64
WH-04687,NEW_IDEA,SAAS,602651,4460,23.65,1757.98,2742.45,479.52,100.2,,0,0,HIGH,HIGH,0,0,1,0,MEDIUM,ADVANCED,99.9,0,EVENING,1,1,1,32,64
WH-04688,PLANNED,API_SERVICE,510620,2302,17.48,670.65,1864.41,485.4,44.8,,0,1,LOW,VERY_HIGH,1,881,1,0,MEDIUM,BEGINNER,99.9,0,SEASONAL,1,1,1,32,32
WH-04689,NEW_IDEA,API_SERVICE,474496,665,21.58,239.18,296.58,151.72,91.5,,0,0,MEDIUM,HIGH,0,0,0,0,MEDIUM,INTERMEDIATE,99.9,0,NORMAL,0,0,0,16,32
WH-04690,NEW_IDEA,SAAS,19626,182,21.54,65.34,98.66,70.93,100.5,,0,1,HIGH,MEDIUM,0,0,1,0,SLOW,INTERMEDIATE,99.9,0,NORMAL,0,0,0,4,8
WH-04691,LIVE_URL,ECOMMERCE,242186,2532,15.33,646.93,2076.63,150.96,37.0,53.3,1,0,HIGH,HIGH,0,0,1,0,SLOW,INTERMEDIATE,99.5,0,EVENT_DRIVEN,0,1,1,32,64
WH-04692,NEW_IDEA,API_SERVICE,10055,104,12.12,21.01,30.04,27.39,51.7,,0,1,MEDIUM,VERY_HIGH,0,0,0,0,MEDIUM,INTERMEDIATE,99.9,0,BUSINESS_HOURS,0,0,0,2,4
WH-04693,PLANNED,SAAS,13271,350,14.63,85.34,166.42,36.91,37.6,,0,0,MEDIUM,HIGH,0,0,1,0,MEDIUM,INTERMEDIATE,99.95,1,EVENING,0,0,1,8,16
WH-04694,NEW_IDEA,ECOMMERCE,66503,143,13.22,31.51,50.41,70.46,34.6,,0,1,HIGH,HIGH,0,0,1,0,SLOW,INTERMEDIATE,99.9,0,BUSINESS_HOURS,0,0,0,4,8
WH-04695,PLANNED,EDUCATION,51369,753,5.59,70.15,107.34,36.2,104.3,,0,0,HIGH,LOW,0,0,0,0,MEDIUM,INTERMEDIATE,99.9,0,NORMAL,0,0,1,4,8
WH-04696,LIVE_URL,MARKETPLACE,21368,553,8.12,74.84,127.23,33.6,596.9,81.0,1,1,HIGH,HIGH,1,225,1,1,MEDIUM,BEGINNER,99.99,1,BUSINESS_HOURS,0,0,1,16,32
WH-04697,PLANNED,COMMUNITY,545777,39,14.19,9.22,20.85,35.99,107.7,,0,0,HIGH,HIGH,0,0,0,0,RAPID,BEGINNER,99.99,1,SEASONAL,0,0,0,2,8
WH-04698,LIVE_URL,ECOMMERCE,162395,80,7.2,9.6,14.88,15.95,599.0,54.4,1,1,VERY_HIGH,HIGH,0,0,1,1,MEDIUM,BEGINNER,99.9,0,EVENING,0,0,1,2,16
WH-04699,PLANNED,SAAS,786260,1844,19.38,595.61,1500.94,251.09,136.1,,0,0,HIGH,VERY_HIGH,0,0,0,0,MEDIUM,INTERMEDIATE,99.95,1,EVENT_DRIVEN,0,1,1,32,64
WH-04700,NEW_IDEA,CORPORATE,74396,46,2.8,2.15,7.23,55.23,162.9,,0,0,LOW,LOW,0,0,1,1,SLOW,BEGINNER,99.9,0,SEASONAL,0,0,0,1,4
WH-04701,PLANNED,SAAS,834398,3169,14.37,758.98,1297.85,490.82,54.2,,0,0,HIGH,HIGH,0,0,0,0,SLOW,INTERMEDIATE,BASIC,0,WEEKEND,1,1,1,32,64
WH-04702,PLANNED,API_SERVICE,766579,3942,18.38,1207.57,4021.19,730.48,13.4,,0,1,MEDIUM,VERY_HIGH,0,0,0,0,MEDIUM,BEGINNER,99.9,0,SEASONAL,0,0,1,32,64
WH-04703,LIVE_URL,SAAS,309096,6867,11.23,1285.27,2943.28,924.04,179.2,73.7,1,1,VERY_HIGH,HIGH,0,0,1,0,STABLE,BEGINNER,99.9,0,SEASONAL,0,0,0,32,64
WH-04704,LIVE_URL,BLOG,26856,73,4.06,4.94,5.78,35.37,231.3,78.5,1,1,LOW,LOW,0,0,0,1,STABLE,BEGINNER,99.9,0,NORMAL,0,0,1,1,4
WH-04705,PLANNED,COMMUNITY,3189,58,13.79,13.33,22.93,13.74,67.1,,0,0,MEDIUM,LOW,1,15,0,0,RAPID,ADVANCED,99.5,0,SEASONAL,0,0,1,2,4
WH-04706,LIVE_URL,API_SERVICE,1070732,6686,16.17,1801.88,2955.08,179.94,77.0,77.3,1,0,MEDIUM,VERY_HIGH,0,0,1,0,MEDIUM,INTERMEDIATE,99.95,1,BUSINESS_HOURS,1,0,0,32,64
WH-04707,LIVE_URL,CORPORATE,4601,33,3.2,1.76,2.76,12.16,29.1,86.0,1,1,LOW,LOW,0,0,0,0,RAPID,INTERMEDIATE,BASIC,0,BUSINESS_HOURS,0,0,1,1,4
WH-04708,LIVE_URL,BLOG,6733,11,2.3,0.42,0.73,13.53,21.7,80.3,1,1,LOW,MEDIUM,0,0,0,0,STABLE,BEGINNER,99.95,1,EVENING,0,0,1,2,4
WH-04709,LIVE_URL,EDUCATION,184125,180,4.93,14.79,25.88,15.86,45.4,87.0,1,1,LOW,HIGH,0,0,0,0,SLOW,INTERMEDIATE,99.9,0,EVENING,0,0,0,1,4
WH-04710,NEW_IDEA,MARKETPLACE,49061,269,18.32,82.13,104.31,37.16,140.5,,0,1,HIGH,MEDIUM,0,0,0,0,MEDIUM,BEGINNER,BASIC,0,NORMAL,0,0,0,8,16
WH-04711,NEW_IDEA,API_SERVICE,19541,73,16.81,20.45,47.04,157.54,92.3,,0,1,MEDIUM,VERY_HIGH,0,0,0,0,STABLE,INTERMEDIATE,99.95,1,EVENT_DRIVEN,0,0,0,4,8
WH-04712,PLANNED,SAAS,42042,727,17.82,215.92,414.56,28.42,25.5,,0,1,HIGH,HIGH,0,0,1,0,RAPID,INTERMEDIATE,99.9,0,BUSINESS_HOURS,0,0,1,32,64
WH-04713,NEW_IDEA,MEDIA_STREAMING,248022,817,7.63,103.9,157.92,63.41,107.5,,0,0,LOW,MEDIUM,0,0,0,1,SLOW,INTERMEDIATE,99.95,1,WEEKEND,0,0,1,8,8
WH-04714,LIVE_URL,CORPORATE,10332,6,4.66,0.47,0.97,13.34,25.2,86.4,1,1,LOW,LOW,0,0,0,0,MEDIUM,BEGINNER,99.5,0,EVENING,0,0,0,2,4
WH-04715,PLANNED,PORTFOLIO,552,10,1.3,0.22,0.57,14.43,18.2,,0,1,LOW,LOW,0,0,0,0,MEDIUM,ADVANCED,99.99,1,EVENT_DRIVEN,0,0,1,2,4
WH-04716,PLANNED,SAAS,69490,210,16.64,58.24,80.95,19.51,41.9,,0,1,HIGH,HIGH,0,0,1,0,SLOW,INTERMEDIATE,99.5,0,NORMAL,0,0,0,4,8
WH-04717,NEW_IDEA,BLOG,2864,7,4.48,0.52,1.58,9.89,55.9,,0,1,LOW,LOW,0,0,0,0,MEDIUM,BEGINNER,BASIC,0,EVENT_DRIVEN,0,0,0,1,4
WH-04718,PLANNED,EDUCATION,5080,13,9.76,2.11,3.4,113.76,37.7,,0,1,MEDIUM,MEDIUM,1,4,0,0,STABLE,ADVANCED,99.9,0,BUSINESS_HOURS,0,0,0,2,4
WH-04719,PLANNED,INTERNAL_BUSINESS,27463,5,3.62,0.3,0.56,41.11,35.3,,0,0,LOW,LOW,0,0,0,0,MEDIUM,INTERMEDIATE,99.95,1,WEEKEND,0,0,0,2,4
WH-04720,PLANNED,API_SERVICE,58480,1004,26.45,442.6,1801.37,145.91,30.4,,0,0,MEDIUM,VERY_HIGH,1,528,0,0,STABLE,INTERMEDIATE,99.95,1,EVENT_DRIVEN,0,0,0,32,64
WH-04721,LIVE_URL,API_SERVICE,244569,2456,20.69,846.91,1126.39,104.95,120.2,91.7,1,0,HIGH,VERY_HIGH,0,0,0,0,RAPID,INTERMEDIATE,99.9,0,BUSINESS_HOURS,0,0,1,32,64
WH-04722,LIVE_URL,MARKETPLACE,823016,4726,12.84,1011.36,1537.27,783.6,36.1,66.1,1,1,VERY_HIGH,HIGH,0,0,0,0,MEDIUM,INTERMEDIATE,99.5,0,NORMAL,1,1,0,32,64
WH-04723,NEW_IDEA,ECOMMERCE,399780,3008,7.09,355.45,433.64,141.06,58.5,,0,1,HIGH,HIGH,0,0,0,0,MEDIUM,ADVANCED,99.9,0,NORMAL,0,0,1,32,64
WH-04724,LIVE_URL,SAAS,772743,6323,8.21,865.2,3071.45,187.14,222.8,89.4,1,1,VERY_HIGH,HIGH,0,0,1,0,MEDIUM,BEGINNER,99.9,0,EVENT_DRIVEN,0,0,1,32,64
WH-04725,PLANNED,CORPORATE,35576,36,5.78,3.47,4.37,19.04,10.0,,0,1,LOW,LOW,0,0,0,0,SLOW,BEGINNER,99.9,0,NORMAL,0,0,0,1,4
WH-04726,NEW_IDEA,ECOMMERCE,382648,167,16.6,46.2,54.98,25.23,143.1,,0,0,HIGH,HIGH,0,0,1,0,MEDIUM,INTERMEDIATE,99.9,0,NORMAL,0,0,0,4,8
WH-04727,NEW_IDEA,MARKETPLACE,24535,244,18.85,76.66,106.55,29.72,16.7,,0,1,HIGH,HIGH,0,0,0,0,SLOW,BEGINNER,99.9,0,NORMAL,0,0,1,8,16
WH-04728,LIVE_URL,SAAS,894133,176,8.69,25.49,46.9,9.59,244.7,63.1,1,1,HIGH,HIGH,0,0,1,0,STABLE,ADVANCED,99.9,0,BUSINESS_HOURS,0,0,0,4,8
WH-04729,LIVE_URL,SAAS,12163,234,23.03,89.82,113.17,8.99,100.2,80.7,1,0,HIGH,HIGH,0,0,0,0,STABLE,ADVANCED,BASIC,0,NORMAL,0,0,0,8,16
WH-04730,LIVE_URL,SAAS,361915,4069,19.99,1355.66,2914.66,502.23,160.4,84.8,1,0,HIGH,MEDIUM,0,0,0,0,RAPID,INTERMEDIATE,99.9,0,SEASONAL,0,1,1,32,64
WH-04731,LIVE_URL,NEWS,21402,280,7.18,33.51,53.95,30.3,85.2,85.7,1,1,MEDIUM,MEDIUM,0,0,0,0,RAPID,INTERMEDIATE,BASIC,0,BUSINESS_HOURS,0,0,0,2,4
WH-04732,LIVE_URL,INTERNAL_BUSINESS,2069,3,4.71,0.24,0.4,17.17,67.2,67.1,1,1,MEDIUM,MEDIUM,0,0,0,0,STABLE,INTERMEDIATE,99.95,1,EVENING,0,0,0,2,8
WH-04733,NEW_IDEA,BLOG,10951,8,2.31,0.31,0.47,27.55,13.5,,0,0,LOW,LOW,0,0,0,0,STABLE,BEGINNER,99.5,0,NORMAL,0,0,0,2,4
WH-04734,LIVE_URL,SAAS,1695284,4558,14.18,1077.21,2628.39,190.37,56.7,79.6,1,1,HIGH,VERY_HIGH,0,0,1,0,RAPID,ADVANCED,99.9,0,EVENT_DRIVEN,1,1,0,32,64
WH-04735,LIVE_URL,SAAS,408109,1876,9.01,281.71,847.96,181.92,233.3,84.9,1,0,MEDIUM,MEDIUM,0,0,0,1,SLOW,ADVANCED,99.9,0,EVENT_DRIVEN,0,1,0,32,64
WH-04736,LIVE_URL,NEWS,136117,203,7.93,26.83,110.54,50.03,63.8,82.7,1,1,MEDIUM,MEDIUM,0,0,0,0,STABLE,INTERMEDIATE,99.95,1,EVENT_DRIVEN,0,0,0,4,8
WH-04737,PLANNED,NEWS,60592,353,4.85,28.53,55.36,8.0,46.9,,0,0,MEDIUM,LOW,0,0,0,0,MEDIUM,BEGINNER,99.95,1,EVENING,0,0,0,2,8
WH-04738,PLANNED,PORTFOLIO,1522,6,2.71,0.27,0.59,13.8,29.6,,0,0,LOW,LOW,0,0,0,0,RAPID,BEGINNER,99.9,0,EVENT_DRIVEN,0,0,1,2,4
WH-04739,PLANNED,EDUCATION,146135,37,5.93,3.66,5.96,32.6,44.7,,0,1,MEDIUM,LOW,0,0,0,0,MEDIUM,BEGINNER,99.95,1,BUSINESS_HOURS,0,0,0,2,8
WH-04740,LIVE_URL,API_SERVICE,99273,1093,10.61,193.28,672.61,251.03,39.9,62.9,1,0,MEDIUM,VERY_HIGH,0,0,0,0,STABLE,ADVANCED,99.95,1,SEASONAL,0,0,0,32,64
WH-04741,PLANNED,CORPORATE,19482,9,3.98,0.6,0.92,21.16,25.2,,0,0,LOW,LOW,1,3,0,0,RAPID,BEGINNER,99.5,0,WEEKEND,0,0,0,1,4
WH-04742,LIVE_URL,API_SERVICE,961155,6791,17.42,1971.65,5126.3,280.81,39.3,51.5,1,1,MEDIUM,VERY_HIGH,1,3919,0,0,MEDIUM,BEGINNER,BASIC,0,SEASONAL,0,0,0,32,64
WH-04743,NEW_IDEA,INTERNAL_BUSINESS,269,2,4.79,0.16,0.44,13.2,100.3,,0,1,MEDIUM,MEDIUM,0,0,0,0,RAPID,BEGINNER,99.9,0,EVENT_DRIVEN,0,0,0,1,4
WH-04744,NEW_IDEA,MARKETPLACE,155426,362,14.57,87.91,116.04,45.98,133.5,,0,1,VERY_HIGH,HIGH,0,0,1,0,MEDIUM,INTERMEDIATE,99.95,1,NORMAL,0,1,1,8,16
WH-04745,LIVE_URL,SAAS,91522,2177,20.89,757.96,1561.4,1078.28,37.4,38.9,1,1,VERY_HIGH,HIGH,0,0,1,0,SLOW,ADVANCED,99.9,0,EVENT_DRIVEN,0,1,0,32,64
WH-04746,PLANNED,MEDIA_STREAMING,990812,179,4.89,14.59,38.22,39.89,215.6,,0,0,LOW,LOW,0,0,0,1,STABLE,INTERMEDIATE,99.9,0,EVENT_DRIVEN,0,0,1,1,4
WH-04747,NEW_IDEA,MARKETPLACE,26403,500,12.5,104.17,257.29,97.7,294.5,,0,1,HIGH,HIGH,0,0,1,0,RAPID,INTERMEDIATE,99.5,0,EVENT_DRIVEN,0,0,1,16,32
WH-04748,NEW_IDEA,SAAS,1675740,3451,12.55,721.83,2807.93,648.64,24.0,,0,1,MEDIUM,HIGH,0,0,0,0,STABLE,BEGINNER,99.9,0,EVENT_DRIVEN,1,0,0,32,64
WH-04749,PLANNED,CORPORATE,15086,39,3.57,2.32,3.18,20.91,65.0,,0,0,LOW,LOW,0,0,0,0,MEDIUM,BEGINNER,99.9,0,EVENING,0,0,0,1,4
WH-04750,PLANNED,API_SERVICE,111694,565,27.1,255.19,311.33,63.9,211.7,,0,0,MEDIUM,VERY_HIGH,0,0,0,1,SLOW,INTERMEDIATE,99.95,1,NORMAL,0,0,0,32,64
WH-04751,NEW_IDEA,NEWS,1990801,2311,2.91,112.08,402.38,280.04,27.1,,0,0,MEDIUM,MEDIUM,0,0,0,0,SLOW,ADVANCED,BASIC,0,EVENT_DRIVEN,1,0,0,16,32
WH-04752,PLANNED,CORPORATE,90089,36,1.84,1.1,1.74,17.14,42.8,,0,1,LOW,LOW,0,0,1,0,MEDIUM,BEGINNER,99.9,0,WEEKEND,0,1,0,2,4
WH-04753,LIVE_URL,SAAS,18628,257,19.88,85.15,175.41,73.18,136.0,75.9,1,1,HIGH,MEDIUM,0,0,1,0,STABLE,BEGINNER,99.95,1,EVENT_DRIVEN,0,1,1,8,16
WH-04754,PLANNED,EDUCATION,52409,77,8.64,11.09,23.95,18.77,117.7,,0,1,MEDIUM,MEDIUM,0,0,0,0,SLOW,BEGINNER,99.9,0,SEASONAL,0,0,0,2,8
WH-04755,NEW_IDEA,CORPORATE,22932,18,2.07,0.62,0.76,17.42,34.4,,0,1,LOW,LOW,0,0,0,0,MEDIUM,BEGINNER,99.95,1,NORMAL,0,0,0,2,4
WH-04756,LIVE_URL,SAAS,11856,118,7.72,15.18,18.83,82.1,79.8,58.1,1,0,HIGH,MEDIUM,1,27,1,1,MEDIUM,INTERMEDIATE,99.9,0,NORMAL,0,0,1,2,8
WH-04757,LIVE_URL,EDUCATION,67682,165,5.25,14.44,24.25,48.1,109.8,81.8,1,1,MEDIUM,LOW,1,90,0,1,MEDIUM,INTERMEDIATE,99.95,1,WEEKEND,0,0,1,2,8
WH-04758,LIVE_URL,API_SERVICE,596947,5862,15.06,1471.36,6150.29,1080.83,184.7,81.5,1,0,HIGH,VERY_HIGH,1,2945,0,0,MEDIUM,ADVANCED,99.9,0,EVENT_DRIVEN,0,0,0,32,64
WH-04759,NEW_IDEA,API_SERVICE,43155,136,33.58,76.11,134.72,46.29,40.1,,0,0,MEDIUM,VERY_HIGH,0,0,0,0,STABLE,INTERMEDIATE,99.95,1,EVENING,0,0,1,8,16
WH-04760,PLANNED,MARKETPLACE,380795,4209,11.04,774.46,3097.82,345.9,24.9,,0,1,HIGH,HIGH,1,950,0,0,STABLE,BEGINNER,99.99,1,EVENT_DRIVEN,0,0,1,32,64
WH-04761,LIVE_URL,API_SERVICE,278608,98,15.1,24.66,32.31,9.58,21.9,79.7,1,0,MEDIUM,VERY_HIGH,0,0,0,0,STABLE,BEGINNER,99.9,0,NORMAL,0,0,0,2,4
WH-04762,LIVE_URL,ECOMMERCE,499166,88,6.6,9.68,12.29,29.11,137.9,77.8,1,0,HIGH,HIGH,0,0,0,0,MEDIUM,BEGINNER,99.9,0,NORMAL,0,1,1,2,8
WH-04763,PLANNED,MARKETPLACE,875017,3157,10.22,537.74,1398.13,146.7,139.2,,0,1,HIGH,HIGH,0,0,1,1,MEDIUM,ADVANCED,99.9,0,SEASONAL,0,0,1,32,64
WH-04764,LIVE_URL,BLOG,2336,26,2.6,1.13,2.56,22.83,51.0,84.7,1,0,LOW,LOW,0,0,1,0,STABLE,ADVANCED,99.9,0,EVENT_DRIVEN,0,0,0,1,4
WH-04765,PLANNED,CORPORATE,21638,25,3.02,1.26,1.64,8.0,60.7,,0,1,LOW,MEDIUM,0,0,0,1,SLOW,INTERMEDIATE,99.5,0,BUSINESS_HOURS,0,0,0,2,4
WH-04766,PLANNED,EDUCATION,38398,239,7.27,28.96,71.53,18.81,50.7,,0,0,HIGH,LOW,0,0,1,0,SLOW,ADVANCED,99.5,0,SEASONAL,0,0,1,4,8
WH-04767,PLANNED,CORPORATE,58370,5,2.97,0.25,0.37,17.39,133.4,,0,0,LOW,LOW,0,0,0,1,RAPID,INTERMEDIATE,99.5,0,BUSINESS_HOURS,0,0,0,2,4
WH-04768,PLANNED,SAAS,82558,1393,16.35,379.59,876.86,224.71,30.3,,0,1,HIGH,HIGH,1,1044,1,0,RAPID,INTERMEDIATE,99.99,1,SEASONAL,0,1,1,32,64
WH-04769,PLANNED,NEWS,35228,90,7.11,10.66,18.34,17.43,121.1,,0,1,MEDIUM,MEDIUM,0,0,0,0,MEDIUM,INTERMEDIATE,99.9,0,EVENING,0,0,0,1,4
WH-04770,PLANNED,BLOG,13191,43,2.44,1.75,2.47,22.45,11.3,,0,0,LOW,LOW,0,0,0,0,STABLE,BEGINNER,99.9,0,EVENING,0,0,0,1,4
WH-04771,PLANNED,ECOMMERCE,731463,68,8.4,9.52,17.52,22.01,35.9,,0,0,HIGH,HIGH,0,0,0,0,RAPID,BEGINNER,99.9,0,BUSINESS_HOURS,0,0,1,2,8
WH-04772,NEW_IDEA,BLOG,10117,6,2.86,0.29,0.39,16.55,10.0,,0,1,LOW,MEDIUM,0,0,0,0,STABLE,BEGINNER,99.5,0,NORMAL,0,0,0,1,4
WH-04773,PLANNED,BLOG,3196,74,3.68,4.54,13.93,20.17,10.0,,0,0,LOW,LOW,0,0,1,0,SLOW,INTERMEDIATE,99.95,1,SEASONAL,0,0,0,2,4
WH-04774,LIVE_URL,MARKETPLACE,127349,3066,12.65,646.42,1687.14,207.68,622.7,67.2,1,0,VERY_HIGH,HIGH,0,0,1,1,STABLE,ADVANCED,99.99,1,EVENT_DRIVEN,0,0,0,32,64
WH-04775,PLANNED,SAAS,1615961,4657,17.8,1381.58,4724.99,748.35,173.3,,0,0,HIGH,VERY_HIGH,0,0,1,0,RAPID,ADVANCED,99.95,1,SEASONAL,0,0,1,32,64
WH-04776,PLANNED,ECOMMERCE,174204,118,14.27,28.06,49.95,34.35,334.7,,0,1,VERY_HIGH,HIGH,0,0,1,0,RAPID,INTERMEDIATE,99.5,0,BUSINESS_HOURS,0,0,0,4,16
WH-04777,PLANNED,BLOG,2939,49,3.02,2.47,7.79,19.03,49.8,,0,1,LOW,LOW,0,0,0,0,RAPID,BEGINNER,99.95,1,SEASONAL,0,0,0,2,4
WH-04778,NEW_IDEA,SAAS,440162,174,19.29,55.94,125.87,74.55,37.4,,0,1,HIGH,HIGH,0,0,1,0,MEDIUM,ADVANCED,99.9,0,SEASONAL,0,0,1,8,16
WH-04779,PLANNED,CORPORATE,118816,11,2.55,0.47,1.69,16.87,49.4,,0,0,LOW,LOW,0,0,1,0,RAPID,ADVANCED,99.99,1,EVENT_DRIVEN,0,0,0,2,4
WH-04780,PLANNED,SAAS,75046,414,16.56,114.26,162.25,85.41,172.9,,0,1,HIGH,VERY_HIGH,0,0,0,0,MEDIUM,ADVANCED,99.9,0,BUSINESS_HOURS,0,0,0,16,32
WH-04781,NEW_IDEA,API_SERVICE,26257,68,12.97,14.7,56.3,25.65,36.2,,0,1,MEDIUM,HIGH,0,0,0,0,SLOW,INTERMEDIATE,99.95,1,EVENT_DRIVEN,0,0,0,4,8
WH-04782,NEW_IDEA,SAAS,408001,2685,11.45,512.39,1947.07,299.87,110.6,,0,0,HIGH,HIGH,0,0,0,0,SLOW,BEGINNER,99.95,1,EVENT_DRIVEN,1,0,1,32,64
WH-04783,PLANNED,MEDIA_STREAMING,59869,395,4.08,26.86,45.39,55.92,115.9,,0,1,MEDIUM,LOW,0,0,0,1,RAPID,BEGINNER,99.95,1,BUSINESS_HOURS,0,0,0,2,8
WH-04784,NEW_IDEA,EDUCATION,36492,161,6.93,18.6,33.84,13.08,11.5,,0,0,MEDIUM,MEDIUM,1,98,0,0,STABLE,BEGINNER,99.5,0,EVENING,0,0,0,2,4
WH-04785,PLANNED,MARKETPLACE,411938,240,10.07,40.28,67.27,148.78,235.6,,0,0,VERY_HIGH,MEDIUM,1,174,1,0,RAPID,INTERMEDIATE,BASIC,0,BUSINESS_HOURS,0,0,1,4,16
WH-04786,LIVE_URL,API_SERVICE,1144270,5942,27.77,2750.16,11303.14,1517.62,268.3,74.3,1,0,LOW,VERY_HIGH,0,0,1,1,SLOW,ADVANCED,99.9,0,EVENT_DRIVEN,0,1,0,32,32
WH-04787,LIVE_URL,BLOG,4233,10,2.05,0.34,0.46,8.0,18.9,75.2,1,1,LOW,LOW,0,0,0,0,MEDIUM,INTERMEDIATE,99.9,0,NORMAL,0,0,1,2,4
WH-04788,LIVE_URL,CORPORATE,7518,18,3.3,0.99,1.34,9.16,47.8,96.8,1,1,LOW,LOW,0,0,0,0,SLOW,INTERMEDIATE,99.9,0,BUSINESS_HOURS,0,0,0,1,4
WH-04789,LIVE_URL,CORPORATE,51088,113,2.61,4.92,10.18,12.55,74.3,,0,0,LOW,LOW,0,0,0,0,MEDIUM,INTERMEDIATE,99.9,0,WEEKEND,0,0,1,2,4
WH-04790,LIVE_URL,CORPORATE,2904,19,4.94,1.56,1.91,13.87,27.2,67.3,1,0,LOW,LOW,0,0,0,0,MEDIUM,BEGINNER,99.9,0,NORMAL,0,0,0,1,4
WH-04791,LIVE_URL,MEDIA_STREAMING,1188356,3448,2.49,143.09,409.24,34.63,307.2,78.9,1,1,MEDIUM,MEDIUM,0,0,0,1,MEDIUM,INTERMEDIATE,99.95,1,SEASONAL,0,0,0,16,32
WH-04792,PLANNED,MARKETPLACE,889501,3821,19.63,1250.1,4275.36,808.17,81.3,,0,1,HIGH,HIGH,1,2777,1,0,SLOW,BEGINNER,99.99,1,EVENT_DRIVEN,1,0,1,32,64
WH-04793,NEW_IDEA,MARKETPLACE,1265813,1397,19.95,464.5,617.79,84.39,49.6,,0,0,HIGH,VERY_HIGH,1,991,1,0,MEDIUM,BEGINNER,99.95,1,NORMAL,0,1,1,32,64
WH-04794,LIVE_URL,BLOG,3285,7,3.41,0.4,0.82,8.99,72.3,68.5,1,0,LOW,LOW,0,0,0,0,RAPID,INTERMEDIATE,99.9,0,EVENING,0,0,0,2,4
WH-04795,PLANNED,API_SERVICE,243650,1590,32.22,853.83,1323.44,166.22,82.9,,0,1,MEDIUM,VERY_HIGH,0,0,1,0,MEDIUM,ADVANCED,99.9,0,BUSINESS_HOURS,0,1,1,32,64
WH-04796,LIVE_URL,COMMUNITY,170512,1102,10.52,193.22,367.11,152.18,11.0,70.7,1,1,LOW,MEDIUM,1,528,0,0,MEDIUM,INTERMEDIATE,99.9,0,EVENING,0,0,0,16,16
WH-04797,LIVE_URL,MARKETPLACE,21867,99,9.71,16.02,23.39,60.45,334.7,66.6,1,1,HIGH,HIGH,0,0,0,1,MEDIUM,ADVANCED,BASIC,0,NORMAL,0,0,1,1,8
WH-04798,PLANNED,PORTFOLIO,18058,5,1.95,0.16,0.31,39.59,77.6,,0,0,LOW,LOW,0,0,0,0,STABLE,ADVANCED,99.9,0,BUSINESS_HOURS,0,1,0,2,4
WH-04799,NEW_IDEA,INTERNAL_BUSINESS,516,7,2.36,0.28,0.35,29.34,59.5,,0,1,LOW,MEDIUM,1,2,0,0,MEDIUM,INTERMEDIATE,99.9,0,NORMAL,0,0,0,1,4
WH-04800,LIVE_URL,EDUCATION,23925,46,5.84,4.48,8.82,23.94,164.1,80.9,1,0,HIGH,MEDIUM,0,0,0,0,RAPID,BEGINNER,99.95,1,BUSINESS_HOURS,0,0,1,2,8
WH-04801,LIVE_URL,EDUCATION,37073,71,3.5,4.14,8.03,11.04,19.7,,0,0,MEDIUM,MEDIUM,0,0,0,0,RAPID,INTERMEDIATE,99.9,0,BUSINESS_HOURS,0,0,1,1,4
WH-04802,PLANNED,API_SERVICE,870452,2880,27.44,1317.12,1791.28,215.87,72.4,,0,1,MEDIUM,VERY_HIGH,0,0,1,0,RAPID,ADVANCED,99.9,0,NORMAL,0,1,0,32,64
WH-04803,PLANNED,API_SERVICE,222884,3004,33.28,1666.22,2599.3,270.68,92.5,,0,1,MEDIUM,HIGH,0,0,1,0,STABLE,BEGINNER,99.95,1,WEEKEND,0,1,0,32,64
WH-04804,PLANNED,BLOG,8142,66,1.88,2.07,3.02,8.78,10.0,,0,0,LOW,LOW,0,0,0,0,MEDIUM,BEGINNER,99.99,1,EVENING,0,0,0,2,4
WH-04805,LIVE_URL,MARKETPLACE,166146,999,6.24,103.9,221.3,165.54,51.1,72.4,1,0,HIGH,MEDIUM,0,0,0,0,STABLE,INTERMEDIATE,99.9,0,SEASONAL,0,0,0,16,32
WH-04806,LIVE_URL,CORPORATE,67859,23,5.52,2.12,3.51,13.51,52.8,58.9,1,0,LOW,LOW,0,0,0,0,RAPID,BEGINNER,99.5,0,EVENING,0,0,0,2,4
WH-04807,LIVE_URL,SAAS,1514406,3503,20.16,1177.01,3130.84,255.29,195.9,74.2,1,1,HIGH,HIGH,0,0,0,0,MEDIUM,BEGINNER,99.9,0,EVENT_DRIVEN,0,1,1,32,64
WH-04808,PLANNED,COMMUNITY,48282,90,8.95,13.42,17.72,33.53,126.9,,0,0,HIGH,MEDIUM,0,0,0,0,MEDIUM,BEGINNER,99.5,0,NORMAL,0,0,1,1,8
WH-04809,LIVE_URL,NEWS,72773,538,4.19,37.57,64.62,34.51,42.0,76.5,1,1,MEDIUM,MEDIUM,0,0,0,1,RAPID,INTERMEDIATE,99.5,0,WEEKEND,0,1,0,2,8
WH-04810,LIVE_URL,EDUCATION,381973,110,9.14,16.76,20.28,14.6,52.1,,0,0,MEDIUM,MEDIUM,0,0,0,0,SLOW,BEGINNER,99.9,0,NORMAL,0,0,1,1,8
WH-04811,PLANNED,MARKETPLACE,742353,2911,19.9,965.48,1815.11,95.12,224.9,,0,1,HIGH,HIGH,0,0,1,0,MEDIUM,INTERMEDIATE,99.99,1,WEEKEND,1,0,0,32,64
WH-04812,PLANNED,SAAS,268434,2661,17.53,777.46,2138.0,206.54,135.1,,0,0,HIGH,HIGH,0,0,0,1,RAPID,INTERMEDIATE,99.5,0,SEASONAL,0,0,0,32,64
WH-04813,PLANNED,SAAS,240340,4978,16.94,1405.46,3007.67,412.84,35.7,,0,0,HIGH,HIGH,0,0,0,0,RAPID,ADVANCED,BASIC,0,EVENT_DRIVEN,1,1,1,32,64
WH-04814,NEW_IDEA,ECOMMERCE,153084,306,7.05,35.95,47.82,68.69,50.0,,0,1,VERY_HIGH,HIGH,0,0,0,0,MEDIUM,INTERMEDIATE,99.95,1,NORMAL,0,0,1,4,16
WH-04815,LIVE_URL,PORTFOLIO,5569,17,1.4,0.4,0.52,22.97,26.4,,0,1,LOW,LOW,0,0,1,0,STABLE,BEGINNER,99.9,0,NORMAL,0,1,0,2,4
WH-04816,NEW_IDEA,ECOMMERCE,29693,205,6.45,22.04,87.93,41.34,53.9,,0,0,HIGH,VERY_HIGH,0,0,0,0,SLOW,INTERMEDIATE,99.5,0,EVENT_DRIVEN,0,0,0,4,8
WH-04817,PLANNED,ECOMMERCE,89385,378,14.77,93.05,139.58,61.93,96.5,,0,0,VERY_HIGH,MEDIUM,0,0,1,0,RAPID,INTERMEDIATE,99.9,0,NORMAL,0,0,1,8,16
WH-04818,PLANNED,ECOMMERCE,90564,650,15.05,163.04,288.58,151.15,60.2,,0,1,HIGH,HIGH,0,0,1,0,MEDIUM,INTERMEDIATE,99.95,1,BUSINESS_HOURS,0,0,0,16,32
WH-04819,LIVE_URL,MARKETPLACE,14370,193,12.55,40.37,132.01,42.27,72.6,68.9,1,1,HIGH,MEDIUM,0,0,1,0,SLOW,BEGINNER,99.5,0,SEASONAL,0,0,1,8,16
WH-04820,NEW_IDEA,BLOG,50114,34,4.0,2.27,3.08,15.15,42.2,,0,0,LOW,LOW,0,0,0,1,MEDIUM,INTERMEDIATE,99.5,0,NORMAL,0,0,0,1,4
WH-04821,PLANNED,SAAS,177109,45,11.89,8.92,12.66,32.69,321.6,,0,1,HIGH,MEDIUM,0,0,0,1,RAPID,BEGINNER,99.9,0,BUSINESS_HOURS,0,0,1,1,8
WH-04822,NEW_IDEA,SAAS,1288258,405,21.64,146.07,188.43,42.1,27.2,,0,1,MEDIUM,HIGH,0,0,1,0,RAPID,BEGINNER,99.99,1,NORMAL,0,0,1,16,32
WH-04823,LIVE_URL,PORTFOLIO,696,3,2.32,0.12,0.16,19.62,217.7,76.4,1,1,LOW,LOW,0,0,0,1,MEDIUM,INTERMEDIATE,99.99,1,EVENING,0,0,1,2,4
WH-04824,LIVE_URL,BLOG,3273,37,2.67,1.65,6.06,95.85,32.2,75.9,1,1,LOW,LOW,0,0,1,0,RAPID,INTERMEDIATE,99.9,0,EVENT_DRIVEN,0,0,0,2,4
WH-04825,PLANNED,ECOMMERCE,200469,592,11.19,110.41,248.42,55.92,36.4,,0,0,HIGH,HIGH,1,427,1,0,MEDIUM,INTERMEDIATE,99.95,1,SEASONAL,0,0,1,16,32
WH-04826,LIVE_URL,ECOMMERCE,71559,1223,16.97,345.91,660.68,150.86,112.9,56.8,1,1,MEDIUM,HIGH,0,0,0,1,MEDIUM,BEGINNER,99.9,0,BUSINESS_HOURS,0,0,0,32,64
WH-04827,LIVE_URL,SAAS,245148,2688,22.28,998.14,2046.2,337.27,22.7,,0,1,HIGH,VERY_HIGH,0,0,0,0,SLOW,INTERMEDIATE,BASIC,0,EVENT_DRIVEN,0,1,1,32,64
WH-04828,PLANNED,CORPORATE,53738,8,4.59,0.61,0.82,8.0,23.8,,0,0,LOW,LOW,0,0,0,0,SLOW,BEGINNER,99.5,0,NORMAL,0,0,1,2,4
WH-04829,PLANNED,COMMUNITY,61482,287,14.24,68.11,207.75,62.29,126.9,,0,0,MEDIUM,MEDIUM,1,68,0,0,STABLE,BEGINNER,99.9,0,SEASONAL,0,0,0,8,16
WH-04830,PLANNED,API_SERVICE,356089,6705,24.31,2716.64,5378.95,241.13,44.8,,0,0,MEDIUM,VERY_HIGH,1,4285,0,0,MEDIUM,INTERMEDIATE,99.5,0,BUSINESS_HOURS,0,0,0,32,64
WH-04831,PLANNED,SAAS,440958,102,18.55,31.54,42.57,42.83,90.5,,0,0,HIGH,HIGH,0,0,1,0,SLOW,BEGINNER,99.9,0,NORMAL,0,0,1,2,8
WH-04832,LIVE_URL,ECOMMERCE,15478,361,13.99,84.17,267.67,75.84,367.0,78.7,1,0,HIGH,HIGH,0,0,1,1,RAPID,BEGINNER,99.9,0,EVENT_DRIVEN,0,0,1,16,32
WH-04833,NEW_IDEA,COMMUNITY,12956,178,6.04,17.92,26.52,29.66,29.0,,0,1,MEDIUM,MEDIUM,0,0,0,0,RAPID,INTERMEDIATE,99.9,0,BUSINESS_HOURS,0,0,0,2,4
WH-04834,LIVE_URL,CORPORATE,10361,5,1.95,0.16,0.36,8.0,10.0,67.5,1,0,LOW,LOW,0,0,0,0,MEDIUM,INTERMEDIATE,99.9,0,SEASONAL,0,0,0,1,4
WH-04835,LIVE_URL,MARKETPLACE,269060,4502,16.0,1200.53,2196.98,742.44,91.6,54.3,1,0,VERY_HIGH,HIGH,0,0,0,0,STABLE,INTERMEDIATE,99.9,0,WEEKEND,0,0,0,32,64
WH-04836,NEW_IDEA,ECOMMERCE,289502,725,13.33,161.07,227.11,25.56,178.5,,0,0,HIGH,HIGH,0,0,0,1,RAPID,INTERMEDIATE,99.95,1,EVENING,0,0,0,16,32
WH-04837,PLANNED,COMMUNITY,63467,1187,10.97,217.02,418.85,75.5,41.0,,0,0,LOW,HIGH,0,0,0,0,MEDIUM,INTERMEDIATE,99.9,0,EVENING,0,0,0,16,16
WH-04838,LIVE_URL,API_SERVICE,347374,4729,25.09,1977.51,5359.05,374.72,27.5,69.0,1,0,MEDIUM,VERY_HIGH,0,0,0,0,RAPID,ADVANCED,99.9,0,SEASONAL,0,1,0,32,64
WH-04839,LIVE_URL,BLOG,26004,11,4.48,0.82,1.22,21.06,133.6,99.0,1,1,LOW,LOW,0,0,0,1,SLOW,BEGINNER,99.5,0,EVENING,0,0,1,1,4
WH-04840,PLANNED,BLOG,3823,53,3.75,3.31,5.13,46.74,32.6,,0,0,LOW,LOW,0,0,0,0,SLOW,ADVANCED,99.5,0,BUSINESS_HOURS,0,0,0,2,4
WH-04841,PLANNED,API_SERVICE,1193692,3753,13.29,831.29,2327.61,1405.98,59.8,,0,0,MEDIUM,VERY_HIGH,0,0,1,0,MEDIUM,INTERMEDIATE,99.9,0,SEASONAL,0,1,1,32,64
WH-04842,LIVE_URL,COMMUNITY,7914,66,13.37,14.71,26.91,14.4,96.3,94.2,1,0,MEDIUM,MEDIUM,0,0,0,1,STABLE,BEGINNER,99.9,0,SEASONAL,0,0,0,1,8
WH-04843,PLANNED,SAAS,212813,4043,21.21,1429.2,2458.22,523.93,58.7,,0,1,VERY_HIGH,HIGH,0,0,1,0,SLOW,INTERMEDIATE,99.5,0,EVENING,0,0,1,32,64
WH-04844,NEW_IDEA,MARKETPLACE,370129,3233,9.42,507.58,781.67,209.5,165.8,,0,0,HIGH,HIGH,0,0,1,0,SLOW,ADVANCED,99.99,1,WEEKEND,1,0,0,32,64
WH-04845,PLANNED,ECOMMERCE,111712,54,17.78,16.0,28.32,38.1,56.1,,0,0,MEDIUM,HIGH,0,0,0,0,MEDIUM,INTERMEDIATE,99.5,0,EVENING,0,0,1,1,4
WH-04846,PLANNED,MARKETPLACE,598226,3353,12.56,701.89,1031.79,85.93,183.0,,0,0,HIGH,HIGH,0,0,1,0,SLOW,INTERMEDIATE,99.95,1,WEEKEND,0,0,1,32,64
WH-04847,LIVE_URL,CORPORATE,14783,36,1.62,0.97,1.63,38.2,42.1,81.4,1,1,LOW,LOW,0,0,0,0,SLOW,BEGINNER,BASIC,0,BUSINESS_HOURS,0,0,0,1,4
WH-04848,LIVE_URL,CORPORATE,2256,19,3.3,1.04,3.99,8.0,21.3,85.5,1,0,LOW,LOW,0,0,0,0,STABLE,BEGINNER,99.5,0,EVENT_DRIVEN,0,0,0,1,4
WH-04849,PLANNED,ECOMMERCE,334196,793,15.12,199.84,523.57,160.22,90.1,,0,0,HIGH,VERY_HIGH,0,0,1,0,MEDIUM,ADVANCED,99.9,0,SEASONAL,0,0,0,32,64
WH-04850,PLANNED,SAAS,7778,67,18.66,20.84,29.17,18.45,325.5,,0,0,HIGH,HIGH,0,0,1,1,STABLE,BEGINNER,99.9,0,NORMAL,0,0,1,2,8
WH-04851,PLANNED,PORTFOLIO,3712,14,1.21,0.28,0.89,28.27,11.9,,0,1,LOW,LOW,0,0,0,0,RAPID,INTERMEDIATE,99.9,0,EVENT_DRIVEN,0,1,0,2,4
WH-04852,PLANNED,NEWS,121827,383,8.24,52.6,76.79,49.9,28.5,,0,1,MEDIUM,MEDIUM,0,0,0,0,MEDIUM,BEGINNER,BASIC,0,NORMAL,0,0,0,2,4
WH-04853,NEW_IDEA,SAAS,15795,297,15.28,75.64,138.41,46.01,65.0,,0,0,HIGH,HIGH,0,0,1,0,SLOW,INTERMEDIATE,99.9,0,BUSINESS_HOURS,0,0,0,8,16
WH-04854,LIVE_URL,MARKETPLACE,48700,187,12.99,40.49,78.54,101.28,867.8,66.5,1,0,VERY_HIGH,HIGH,0,0,1,1,MEDIUM,BEGINNER,99.9,0,WEEKEND,0,0,1,8,16
WH-04855,LIVE_URL,CORPORATE,6181,8,3.22,0.43,0.58,11.49,17.2,56.2,1,0,LOW,LOW,0,0,0,0,STABLE,BEGINNER,99.99,1,NORMAL,0,0,0,2,4
WH-04856,LIVE_URL,ECOMMERCE,858843,42,8.33,5.83,15.39,21.36,82.9,72.2,1,0,HIGH,HIGH,0,0,1,0,MEDIUM,ADVANCED,99.95,1,EVENT_DRIVEN,0,0,1,2,8
WH-04857,PLANNED,API_SERVICE,134238,1498,32.51,811.67,1501.58,127.49,28.5,,0,1,MEDIUM,HIGH,0,0,0,0,SLOW,INTERMEDIATE,99.9,0,BUSINESS_HOURS,1,0,0,32,64
WH-04858,PLANNED,EDUCATION,20629,326,9.49,51.56,67.55,17.82,225.6,,0,0,MEDIUM,LOW,0,0,0,1,RAPID,BEGINNER,99.9,0,EVENING,0,0,1,2,8
WH-04859,PLANNED,SAAS,31509,457,9.14,69.62,105.12,44.49,39.9,,0,0,HIGH,HIGH,0,0,1,0,RAPID,ADVANCED,99.9,0,NORMAL,0,1,0,8,16
WH-04860,NEW_IDEA,API_SERVICE,641903,3415,30.7,1747.34,3285.0,844.93,98.5,,0,0,MEDIUM,VERY_HIGH,1,897,0,0,SLOW,INTERMEDIATE,99.95,1,WEEKEND,0,1,0,32,64
WH-04861,NEW_IDEA,MARKETPLACE,23509,212,18.65,65.9,100.16,24.32,31.6,,0,0,HIGH,HIGH,0,0,0,0,RAPID,ADVANCED,99.95,1,EVENING,0,0,1,8,16
WH-04862,LIVE_URL,MARKETPLACE,111947,938,6.13,95.83,370.87,34.01,110.6,71.5,1,1,HIGH,HIGH,0,0,0,1,RAPID,BEGINNER,BASIC,0,EVENT_DRIVEN,0,0,1,32,64
WH-04863,LIVE_URL,CORPORATE,12708,19,4.04,1.28,1.47,14.57,23.0,71.8,1,1,LOW,LOW,0,0,1,0,MEDIUM,BEGINNER,99.5,0,NORMAL,0,0,0,1,4
WH-04864,LIVE_URL,CORPORATE,16158,8,4.39,0.59,0.85,18.32,29.9,50.1,1,1,LOW,LOW,0,0,0,1,SLOW,BEGINNER,BASIC,0,EVENING,0,0,0,2,4
WH-04865,PLANNED,API_SERVICE,105484,2701,22.14,996.67,1933.54,160.06,11.4,,0,1,LOW,VERY_HIGH,0,0,1,0,MEDIUM,INTERMEDIATE,99.9,0,BUSINESS_HOURS,0,0,0,32,32
WH-04866,PLANNED,EDUCATION,366724,402,6.22,41.67,56.68,32.52,107.4,,0,0,MEDIUM,LOW,0,0,0,1,STABLE,INTERMEDIATE,99.5,0,NORMAL,0,0,0,2,8
WH-04867,PLANNED,CORPORATE,17830,148,3.3,8.14,27.43,32.79,26.1,,0,0,LOW,MEDIUM,0,0,0,0,RAPID,INTERMEDIATE,99.9,0,EVENT_DRIVEN,0,0,0,2,4
WH-04868,LIVE_URL,BLOG,21284,9,4.65,0.7,2.73,8.0,19.1,89.9,1,0,LOW,LOW,0,0,0,0,SLOW,INTERMEDIATE,99.9,0,EVENT_DRIVEN,0,1,0,2,4
WH-04869,LIVE_URL,CORPORATE,2552,12,3.94,0.79,1.56,16.68,42.3,87.7,1,0,LOW,MEDIUM,0,0,0,0,STABLE,ADVANCED,99.9,0,BUSINESS_HOURS,0,1,1,2,4
WH-04870,NEW_IDEA,ECOMMERCE,89863,121,15.1,30.45,59.38,18.05,92.2,,0,1,HIGH,VERY_HIGH,1,53,1,0,SLOW,BEGINNER,99.95,1,SEASONAL,0,0,1,4,8
WH-04871,LIVE_URL,BLOG,2145,45,4.44,3.33,4.0,8.0,63.6,76.1,1,0,LOW,LOW,0,0,0,0,STABLE,BEGINNER,99.95,1,NORMAL,0,0,0,2,4
WH-04872,NEW_IDEA,PORTFOLIO,8813,9,3.72,0.56,1.18,18.16,116.6,,0,0,LOW,LOW,0,0,1,1,STABLE,BEGINNER,99.9,0,EVENT_DRIVEN,0,0,0,1,4
WH-04873,LIVE_URL,COMMUNITY,30370,667,14.92,165.86,228.89,43.28,44.8,82.5,1,0,HIGH,MEDIUM,1,195,0,0,STABLE,BEGINNER,99.9,0,NORMAL,0,0,0,16,32
WH-04874,LIVE_URL,SAAS,19941,47,10.96,8.59,10.82,44.68,151.0,73.8,1,1,VERY_HIGH,HIGH,0,0,0,0,MEDIUM,ADVANCED,99.9,0,NORMAL,0,0,1,1,16
WH-04875,LIVE_URL,BLOG,16531,72,4.49,5.39,9.81,18.31,18.0,64.8,1,0,LOW,LOW,0,0,1,0,RAPID,BEGINNER,99.99,1,EVENING,0,0,0,2,4
WH-04876,PLANNED,MARKETPLACE,749747,5616,6.07,568.15,1119.26,115.63,115.2,,0,1,HIGH,HIGH,1,1163,0,0,SLOW,INTERMEDIATE,99.9,0,BUSINESS_HOURS,0,1,1,32,64
WH-04877,PLANNED,MARKETPLACE,739698,3672,7.62,466.34,629.56,354.5,156.8,,0,0,VERY_HIGH,VERY_HIGH,0,0,0,0,RAPID,ADVANCED,99.95,1,NORMAL,1,0,0,32,64
WH-04878,PLANNED,SAAS,39608,186,18.2,56.42,74.47,53.37,120.6,,0,1,HIGH,HIGH,0,0,0,0,RAPID,BEGINNER,99.9,0,BUSINESS_HOURS,0,0,0,4,8
WH-04879,NEW_IDEA,SAAS,27167,180,16.68,50.04,77.56,86.35,120.5,,0,0,HIGH,HIGH,0,0,1,0,MEDIUM,INTERMEDIATE,99.9,0,BUSINESS_HOURS,0,0,1,4,8
WH-04880,NEW_IDEA,INTERNAL_BUSINESS,5391,72,6.57,7.88,11.51,12.81,26.4,,0,1,MEDIUM,MEDIUM,0,0,0,0,RAPID,INTERMEDIATE,BASIC,0,WEEKEND,0,1,1,2,4
WH-04881,PLANNED,SAAS,819725,3132,23.81,1242.88,4983.96,350.37,152.6,,0,1,VERY_HIGH,HIGH,0,0,1,0,MEDIUM,BEGINNER,99.9,0,EVENT_DRIVEN,0,1,1,32,64
WH-04882,NEW_IDEA,SAAS,6281,101,7.34,12.36,22.73,10.76,88.6,,0,1,MEDIUM,HIGH,0,0,1,0,STABLE,INTERMEDIATE,99.9,0,BUSINESS_HOURS,0,0,0,1,4
WH-04883,PLANNED,API_SERVICE,545086,2438,26.35,1070.69,1616.74,317.37,29.1,,0,0,MEDIUM,VERY_HIGH,1,986,0,0,SLOW,INTERMEDIATE,99.95,1,NORMAL,1,0,0,32,64
WH-04884,LIVE_URL,PORTFOLIO,632,10,1.66,0.28,0.56,24.59,17.8,99.0,1,0,LOW,LOW,0,0,0,0,MEDIUM,BEGINNER,99.95,1,EVENING,0,0,0,2,4
WH-04885,LIVE_URL,NEWS,35396,608,8.26,83.7,125.55,60.93,132.3,59.1,1,1,MEDIUM,MEDIUM,0,0,0,1,SLOW,INTERMEDIATE,99.5,0,NORMAL,0,0,0,4,8
WH-04886,LIVE_URL,BLOG,4450,52,3.71,3.22,13.44,19.35,38.3,81.2,1,0,LOW,MEDIUM,0,0,1,0,STABLE,INTERMEDIATE,99.9,0,EVENT_DRIVEN,0,0,0,1,4
WH-04887,LIVE_URL,BLOG,52388,57,4.68,4.45,12.09,8.68,44.3,,0,1,LOW,LOW,0,0,0,0,MEDIUM,BEGINNER,99.9,0,SEASONAL,0,0,0,2,4
WH-04888,PLANNED,NEWS,1559459,1714,5.26,150.26,332.08,211.34,81.9,,0,0,MEDIUM,LOW,0,0,0,0,RAPID,INTERMEDIATE,99.9,0,SEASONAL,1,0,0,8,16
WH-04889,PLANNED,NEWS,48371,131,4.45,9.72,25.75,59.84,538.1,,0,0,MEDIUM,MEDIUM,0,0,1,1,MEDIUM,ADVANCED,BASIC,0,EVENT_DRIVEN,0,0,1,2,8
WH-04890,PLANNED,MARKETPLACE,82517,393,16.8,110.04,151.86,23.21,17.9,,0,0,HIGH,HIGH,0,0,1,0,STABLE,INTERMEDIATE,BASIC,0,NORMAL,0,0,0,8,16
WH-04891,LIVE_URL,CORPORATE,2079,7,2.66,0.31,0.66,19.55,10.0,93.0,1,0,LOW,LOW,0,0,1,0,SLOW,BEGINNER,99.9,0,EVENT_DRIVEN,0,0,0,2,4
WH-04892,NEW_IDEA,PORTFOLIO,963,3,1.19,0.06,0.09,8.0,14.8,,0,1,LOW,LOW,0,0,1,0,RAPID,BEGINNER,BASIC,0,EVENING,0,0,0,1,4
WH-04893,PLANNED,ECOMMERCE,95274,231,7.91,30.45,41.11,22.07,18.6,,0,1,HIGH,HIGH,0,0,1,0,STABLE,BEGINNER,99.95,1,NORMAL,0,0,1,4,8
WH-04894,LIVE_URL,INTERNAL_BUSINESS,2023,2,5.98,0.2,0.43,29.99,87.7,42.5,1,0,MEDIUM,MEDIUM,0,0,0,0,RAPID,BEGINNER,BASIC,0,WEEKEND,0,0,1,1,4
WH-04895,LIVE_URL,API_SERVICE,213578,3672,30.6,1872.72,6741.79,562.4,29.3,86.4,1,0,MEDIUM,VERY_HIGH,0,0,1,0,STABLE,BEGINNER,99.9,0,EVENT_DRIVEN,0,0,1,32,64
WH-04896,LIVE_URL,SAAS,287869,4851,13.94,1127.05,4451.84,775.98,97.8,52.5,1,0,HIGH,MEDIUM,1,2374,1,0,MEDIUM,INTERMEDIATE,99.95,1,EVENT_DRIVEN,0,0,1,32,64
WH-04897,LIVE_URL,INTERNAL_BUSINESS,187,5,8.07,0.67,1.36,23.07,209.3,74.8,1,0,MEDIUM,MEDIUM,0,0,0,1,SLOW,INTERMEDIATE,BASIC,0,WEEKEND,0,1,0,2,8
WH-04898,PLANNED,EDUCATION,10492,185,10.11,31.17,43.95,78.84,43.4,,0,0,MEDIUM,MEDIUM,0,0,0,0,RAPID,INTERMEDIATE,BASIC,0,NORMAL,0,0,0,2,8
WH-04899,LIVE_URL,MARKETPLACE,481048,3798,14.01,886.83,3183.73,1422.32,309.4,57.1,1,1,VERY_HIGH,VERY_HIGH,0,0,0,1,MEDIUM,INTERMEDIATE,99.99,1,EVENT_DRIVEN,1,0,1,32,64
WH-04900,LIVE_URL,SAAS,317414,159,5.05,13.38,25.43,28.28,34.7,,0,0,VERY_HIGH,MEDIUM,0,0,0,0,MEDIUM,ADVANCED,99.5,0,BUSINESS_HOURS,0,0,0,1,16
WH-04901,PLANNED,BLOG,61830,66,3.65,4.01,5.54,15.78,36.1,,0,0,LOW,LOW,0,0,0,0,SLOW,BEGINNER,99.9,0,WEEKEND,0,0,0,2,4
WH-04902,LIVE_URL,PORTFOLIO,8801,23,2.8,1.07,1.4,15.67,23.3,71.9,1,0,LOW,LOW,0,0,0,0,STABLE,BEGINNER,99.9,0,EVENING,0,0,0,1,4
WH-04903,NEW_IDEA,SAAS,126513,2824,21.29,1002.05,1432.93,361.08,146.0,,0,0,HIGH,HIGH,1,1032,1,0,MEDIUM,INTERMEDIATE,99.9,0,NORMAL,0,1,1,32,64
WH-04904,LIVE_URL,BLOG,35522,66,4.3,4.73,9.08,15.65,41.0,,0,1,LOW,LOW,0,0,0,0,RAPID,INTERMEDIATE,99.95,1,BUSINESS_HOURS,0,0,0,2,4
WH-04905,NEW_IDEA,SAAS,36645,425,15.37,108.87,215.56,178.21,105.3,,0,1,VERY_HIGH,HIGH,0,0,0,0,MEDIUM,INTERMEDIATE,99.9,0,BUSINESS_HOURS,0,0,0,16,32
WH-04906,PLANNED,API_SERVICE,35354,95,18.08,28.63,36.36,17.42,102.4,,0,0,HIGH,VERY_HIGH,0,0,1,0,MEDIUM,INTERMEDIATE,99.9,0,NORMAL,0,0,0,4,8
WH-04907,LIVE_URL,EDUCATION,235587,244,4.84,19.68,37.79,37.56,210.8,70.6,1,1,MEDIUM,MEDIUM,1,99,0,1,STABLE,ADVANCED,99.9,0,SEASONAL,0,0,1,2,8
WH-04908,PLANNED,SAAS,1631320,134,8.5,18.98,23.54,50.31,33.9,,0,0,HIGH,HIGH,0,0,0,0,STABLE,ADVANCED,99.5,0,NORMAL,0,0,1,2,8
WH-04909,LIVE_URL,PORTFOLIO,5879,13,2.78,0.6,1.11,14.0,14.8,74.2,1,0,LOW,MEDIUM,0,0,0,0,STABLE,INTERMEDIATE,99.5,0,EVENING,0,0,1,1,4
WH-04910,PLANNED,API_SERVICE,21065,220,21.16,77.59,114.83,27.84,41.2,,0,1,LOW,VERY_HIGH,0,0,0,0,STABLE,BEGINNER,99.9,0,NORMAL,0,0,1,8,8
WH-04911,LIVE_URL,SAAS,358947,93,23.84,36.95,66.88,58.32,98.4,,0,0,HIGH,HIGH,0,0,0,0,SLOW,INTERMEDIATE,99.9,0,BUSINESS_HOURS,0,0,1,4,8
WH-04912,NEW_IDEA,NEWS,25740,97,6.35,10.27,26.28,49.14,84.4,,0,1,MEDIUM,MEDIUM,0,0,0,1,STABLE,ADVANCED,99.9,0,SEASONAL,0,1,0,2,8
WH-04913,LIVE_URL,SAAS,1411872,6227,20.54,2131.71,3240.2,681.42,109.6,63.5,1,0,MEDIUM,HIGH,1,4154,1,0,MEDIUM,BEGINNER,99.99,1,NORMAL,0,0,0,32,64
WH-04914,LIVE_URL,MARKETPLACE,248706,910,18.67,283.16,472.88,58.35,220.9,61.8,1,0,HIGH,HIGH,0,0,1,0,STABLE,BEGINNER,99.95,1,WEEKEND,0,1,1,32,64
WH-04915,PLANNED,SAAS,1388596,1746,15.38,447.56,698.19,127.57,174.9,,0,1,HIGH,HIGH,1,1432,1,0,SLOW,ADVANCED,99.99,1,BUSINESS_HOURS,1,0,0,32,64
WH-04916,LIVE_URL,INTERNAL_BUSINESS,2099,47,5.48,4.29,7.51,14.22,21.6,85.4,1,0,MEDIUM,MEDIUM,0,0,0,0,MEDIUM,INTERMEDIATE,99.9,0,BUSINESS_HOURS,0,0,1,2,4
WH-04917,PLANNED,API_SERVICE,364012,6527,11.46,1246.66,2543.18,866.58,12.0,,0,0,MEDIUM,VERY_HIGH,0,0,1,0,SLOW,BEGINNER,99.95,1,EVENING,0,0,0,32,64
WH-04918,LIVE_URL,PORTFOLIO,10950,3,1.11,0.06,0.2,22.77,47.5,,0,0,LOW,MEDIUM,0,0,0,1,MEDIUM,ADVANCED,99.9,0,EVENT_DRIVEN,0,0,0,2,4
WH-04919,LIVE_URL,MARKETPLACE,910012,5523,19.38,1783.93,5084.2,775.83,107.8,57.7,1,1,HIGH,VERY_HIGH,0,0,1,0,SLOW,BEGINNER,99.9,0,SEASONAL,1,1,1,32,64
WH-04920,PLANNED,SAAS,1339535,7048,13.2,1550.56,1798.65,458.03,34.9,,0,0,HIGH,MEDIUM,0,0,1,0,RAPID,ADVANCED,99.99,1,NORMAL,1,1,0,32,64
WH-04921,LIVE_URL,API_SERVICE,346495,3081,21.35,1096.32,4264.69,621.01,49.1,58.5,1,1,MEDIUM,VERY_HIGH,0,0,0,0,SLOW,INTERMEDIATE,99.99,1,EVENT_DRIVEN,0,0,1,32,64
WH-04922,NEW_IDEA,NEWS,46423,119,6.29,12.48,36.8,19.46,29.1,,0,0,MEDIUM,MEDIUM,0,0,0,0,MEDIUM,INTERMEDIATE,BASIC,0,SEASONAL,0,0,1,1,4
WH-04923,LIVE_URL,NEWS,20320,468,2.49,19.42,31.85,16.33,24.4,94.0,1,1,MEDIUM,MEDIUM,0,0,1,0,MEDIUM,BEGINNER,99.5,0,BUSINESS_HOURS,0,0,0,2,8
WH-04924,LIVE_URL,INTERNAL_BUSINESS,3007,34,7.26,4.11,6.34,64.74,545.4,77.2,1,0,HIGH,MEDIUM,0,0,0,1,SLOW,BEGINNER,99.95,1,WEEKEND,0,0,0,2,8
WH-04925,NEW_IDEA,ECOMMERCE,259444,802,6.1,81.54,111.71,48.03,141.1,,0,0,HIGH,HIGH,0,0,0,0,SLOW,INTERMEDIATE,99.9,0,NORMAL,0,0,1,8,16
WH-04926,LIVE_URL,BLOG,3523,20,2.72,0.91,1.32,13.35,47.1,65.2,1,0,LOW,MEDIUM,0,0,0,0,MEDIUM,INTERMEDIATE,99.5,0,NORMAL,0,0,0,2,4
WH-04927,PLANNED,SAAS,927519,7391,17.75,2186.5,6275.27,1168.14,132.9,,0,0,HIGH,VERY_HIGH,0,0,1,0,RAPID,BEGINNER,99.9,0,SEASONAL,1,1,1,32,64
WH-04928,LIVE_URL,SAAS,45929,136,20.01,45.36,67.58,53.97,51.2,66.7,1,0,HIGH,MEDIUM,1,30,0,0,STABLE,INTERMEDIATE,99.95,1,NORMAL,0,0,1,4,16
WH-04929,LIVE_URL,COMMUNITY,78673,23,4.89,1.87,2.68,11.9,16.8,94.5,1,0,MEDIUM,MEDIUM,0,0,0,0,MEDIUM,BEGINNER,99.9,0,BUSINESS_HOURS,0,0,0,2,4
WH-04930,PLANNED,SAAS,1349635,4737,16.27,1284.52,1965.31,281.15,76.8,,0,1,HIGH,HIGH,0,0,0,0,MEDIUM,INTERMEDIATE,99.95,1,NORMAL,0,0,1,32,64
WH-04931,NEW_IDEA,SAAS,461716,7111,13.92,1649.75,3134.53,382.92,115.7,,0,1,MEDIUM,VERY_HIGH,1,1587,1,0,MEDIUM,BEGINNER,99.95,1,BUSINESS_HOURS,0,0,0,32,64
WH-04932,LIVE_URL,SAAS,186360,46,6.75,5.17,6.47,16.84,41.2,61.2,1,1,HIGH,HIGH,1,11,0,0,MEDIUM,INTERMEDIATE,99.5,0,NORMAL,0,1,1,2,8
WH-04933,PLANNED,EDUCATION,76169,104,6.19,10.73,20.81,67.42,84.5,,0,1,MEDIUM,MEDIUM,0,0,0,0,MEDIUM,INTERMEDIATE,99.95,1,WEEKEND,0,0,0,2,8
WH-04934,NEW_IDEA,ECOMMERCE,83344,115,17.69,33.91,45.43,40.44,95.1,,0,1,HIGH,HIGH,0,0,0,1,STABLE,BEGINNER,99.9,0,EVENING,0,0,1,2,8
WH-04935,PLANNED,SAAS,920419,4270,17.14,1219.8,2329.81,204.08,275.0,,0,0,VERY_HIGH,MEDIUM,1,3229,1,0,RAPID,BEGINNER,99.9,0,WEEKEND,1,0,1,32,64
WH-04936,PLANNED,BLOG,2133,24,4.33,1.73,3.74,38.68,213.6,,0,1,LOW,MEDIUM,0,0,0,1,MEDIUM,BEGINNER,99.9,0,EVENT_DRIVEN,0,0,1,1,4
WH-04937,PLANNED,ECOMMERCE,415367,2547,9.04,383.75,1032.28,204.17,47.3,,0,1,VERY_HIGH,HIGH,0,0,1,0,MEDIUM,INTERMEDIATE,99.9,0,SEASONAL,0,0,1,32,64
WH-04938,NEW_IDEA,SAAS,59642,45,6.76,5.07,11.36,32.47,66.6,,0,0,HIGH,HIGH,0,0,0,0,MEDIUM,INTERMEDIATE,99.99,1,SEASONAL,0,0,1,2,8
WH-04939,PLANNED,CORPORATE,116849,7,2.65,0.31,0.65,34.59,122.6,,0,0,LOW,LOW,0,0,1,1,STABLE,INTERMEDIATE,99.95,1,SEASONAL,0,0,1,2,4
WH-04940,PLANNED,SAAS,5654,17,6.55,1.86,3.67,27.07,218.4,,0,0,HIGH,HIGH,0,0,1,0,MEDIUM,ADVANCED,99.95,1,EVENING,0,0,1,2,8
WH-04941,LIVE_URL,EDUCATION,49769,302,8.1,40.77,68.49,19.19,50.0,,0,0,HIGH,MEDIUM,0,0,1,0,STABLE,ADVANCED,99.9,0,BUSINESS_HOURS,0,0,1,2,8
WH-04942,PLANNED,CORPORATE,37513,6,3.5,0.35,0.49,25.41,32.6,,0,0,LOW,LOW,0,0,0,0,STABLE,INTERMEDIATE,99.9,0,NORMAL,0,0,1,1,4
WH-04943,NEW_IDEA,SAAS,95135,863,22.99,330.67,535.69,95.04,162.8,,0,1,VERY_HIGH,MEDIUM,0,0,1,0,SLOW,INTERMEDIATE,BASIC,0,EVENING,0,0,1,32,64
WH-04944,LIVE_URL,API_SERVICE,247454,4343,21.93,1587.37,2460.42,189.4,40.7,64.4,1,1,MEDIUM,VERY_HIGH,1,3057,0,0,MEDIUM,INTERMEDIATE,99.5,0,WEEKEND,0,1,0,32,64
WH-04945,PLANNED,ECOMMERCE,566342,97,12.46,20.14,26.39,43.08,177.0,,0,0,HIGH,HIGH,0,0,1,0,MEDIUM,BEGINNER,99.95,1,NORMAL,0,0,1,2,8
WH-04946,PLANNED,SAAS,5895,46,5.87,4.5,14.04,13.5,60.2,,0,0,MEDIUM,VERY_HIGH,1,35,1,0,RAPID,BEGINNER,99.9,0,EVENT_DRIVEN,0,0,0,1,8
WH-04947,NEW_IDEA,SAAS,8779,31,20.22,10.45,29.57,18.62,23.8,,0,0,HIGH,HIGH,1,15,1,0,STABLE,BEGINNER,99.95,1,EVENT_DRIVEN,0,1,0,4,8
WH-04948,LIVE_URL,SAAS,1403422,75,19.36,24.2,30.49,79.09,192.5,87.8,1,0,HIGH,MEDIUM,0,0,1,0,MEDIUM,BEGINNER,99.9,0,NORMAL,0,0,1,2,8
WH-04949,PLANNED,BLOG,3756,25,3.91,1.63,3.14,14.51,52.8,,0,1,LOW,LOW,0,0,0,0,RAPID,ADVANCED,99.9,0,SEASONAL,0,0,1,1,4
WH-04950,LIVE_URL,EDUCATION,18240,80,3.08,4.11,9.53,30.57,15.8,86.3,1,0,MEDIUM,MEDIUM,0,0,0,0,RAPID,INTERMEDIATE,99.99,1,SEASONAL,0,0,0,2,8
WH-04951,NEW_IDEA,PORTFOLIO,3696,18,1.54,0.46,0.72,14.27,12.0,,0,0,LOW,LOW,0,0,0,0,MEDIUM,ADVANCED,BASIC,0,EVENING,0,0,0,2,4
WH-04952,PLANNED,BLOG,2861,35,2.88,1.68,2.28,48.52,147.0,,0,0,LOW,LOW,0,0,0,1,STABLE,BEGINNER,99.9,0,NORMAL,0,0,0,2,4
WH-04953,LIVE_URL,CORPORATE,2960,56,4.27,3.99,7.57,12.89,76.1,81.9,1,0,LOW,LOW,0,0,1,0,MEDIUM,BEGINNER,99.95,1,BUSINESS_HOURS,0,0,0,2,4
WH-04954,PLANNED,MARKETPLACE,69195,1884,11.24,352.94,628.23,243.16,145.5,,0,1,HIGH,HIGH,0,0,1,0,SLOW,BEGINNER,99.9,0,EVENING,0,1,1,32,64
WH-04955,PLANNED,EDUCATION,59507,327,4.68,25.51,56.37,33.78,61.2,,0,0,MEDIUM,LOW,0,0,1,0,STABLE,INTERMEDIATE,99.9,0,SEASONAL,0,0,0,2,8
WH-04956,NEW_IDEA,BLOG,8604,32,4.11,2.19,8.57,21.57,33.1,,0,1,LOW,LOW,0,0,0,0,MEDIUM,INTERMEDIATE,99.95,1,EVENT_DRIVEN,0,0,0,2,4
WH-04957,PLANNED,SAAS,1674544,55,9.28,8.51,12.93,24.79,14.2,,0,1,MEDIUM,HIGH,0,0,0,0,SLOW,ADVANCED,BASIC,0,NORMAL,0,0,0,1,4
WH-04958,LIVE_URL,CORPORATE,24641,153,3.98,10.15,21.31,26.65,34.1,70.0,1,0,LOW,LOW,0,0,0,0,MEDIUM,INTERMEDIATE,99.5,0,SEASONAL,0,0,0,2,4
WH-04959,PLANNED,ECOMMERCE,251030,2941,16.15,791.62,1417.0,232.92,75.3,,0,1,VERY_HIGH,HIGH,0,0,1,0,STABLE,ADVANCED,99.9,0,WEEKEND,0,1,1,32,64
WH-04960,LIVE_URL,SAAS,487847,4281,18.05,1287.87,1918.92,775.53,173.1,88.4,1,0,HIGH,HIGH,1,2970,1,0,SLOW,BEGINNER,99.95,1,BUSINESS_HOURS,1,1,0,32,64
WH-04961,NEW_IDEA,PORTFOLIO,2423,12,2.35,0.47,0.7,8.99,16.7,,0,0,LOW,LOW,0,0,0,0,RAPID,INTERMEDIATE,99.9,0,BUSINESS_HOURS,0,0,0,1,4
WH-04962,PLANNED,API_SERVICE,275083,3524,28.82,1692.69,2132.8,215.08,129.2,,0,0,MEDIUM,HIGH,0,0,1,0,MEDIUM,ADVANCED,99.9,0,WEEKEND,0,0,0,32,64
WH-04963,LIVE_URL,BLOG,17585,27,3.69,1.66,1.91,13.15,64.0,79.4,1,0,LOW,LOW,0,0,0,0,SLOW,INTERMEDIATE,99.5,0,NORMAL,0,0,0,1,4
WH-04964,NEW_IDEA,ECOMMERCE,199140,61,10.16,10.33,17.46,15.86,149.7,,0,1,HIGH,MEDIUM,1,38,1,0,MEDIUM,BEGINNER,99.95,1,EVENING,0,0,1,2,8
WH-04965,LIVE_URL,SAAS,1556935,3539,20.74,1223.31,2422.16,120.91,113.7,61.5,1,1,HIGH,HIGH,0,0,1,0,SLOW,INTERMEDIATE,99.95,1,BUSINESS_HOURS,0,1,1,32,64
WH-04966,PLANNED,SAAS,195319,3474,16.87,976.77,1631.21,465.38,31.2,,0,0,HIGH,VERY_HIGH,1,1224,1,0,MEDIUM,INTERMEDIATE,99.95,1,BUSINESS_HOURS,0,1,1,32,64
WH-04967,PLANNED,MARKETPLACE,39603,227,12.9,48.8,114.69,58.64,221.8,,0,1,HIGH,HIGH,0,0,0,1,RAPID,BEGINNER,BASIC,0,EVENT_DRIVEN,0,1,0,8,16
WH-04968,PLANNED,CORPORATE,59618,8,1.67,0.22,0.59,37.94,143.6,,0,1,LOW,LOW,0,0,0,1,SLOW,ADVANCED,BASIC,0,SEASONAL,0,0,1,1,4
WH-04969,LIVE_URL,API_SERVICE,327966,2090,11.29,393.27,1042.16,261.82,64.8,74.3,1,0,MEDIUM,VERY_HIGH,1,1444,0,0,RAPID,INTERMEDIATE,99.95,1,SEASONAL,1,1,0,32,64
WH-04970,PLANNED,NEWS,1684281,6193,8.97,925.85,3064.58,477.33,46.1,,0,0,LOW,MEDIUM,0,0,0,0,SLOW,INTERMEDIATE,99.9,0,EVENT_DRIVEN,0,0,0,32,32
WH-04971,NEW_IDEA,API_SERVICE,806395,4832,34.49,2777.59,3666.42,1778.99,58.8,,0,0,MEDIUM,VERY_HIGH,0,0,1,0,STABLE,INTERMEDIATE,99.95,1,WEEKEND,1,0,0,32,64
WH-04972,PLANNED,ECOMMERCE,235031,35,14.3,8.34,9.68,14.99,68.2,,0,0,MEDIUM,VERY_HIGH,0,0,1,0,RAPID,BEGINNER,99.95,1,NORMAL,0,0,0,2,8
WH-04973,LIVE_URL,API_SERVICE,500395,279,25.93,120.57,183.27,33.14,212.9,80.6,1,1,MEDIUM,VERY_HIGH,0,0,1,1,RAPID,INTERMEDIATE,99.5,0,NORMAL,0,1,0,16,32
WH-04974,NEW_IDEA,SAAS,24431,594,7.33,72.57,103.77,44.26,71.7,,0,0,MEDIUM,HIGH,0,0,1,0,RAPID,INTERMEDIATE,99.95,1,WEEKEND,0,0,0,8,16
WH-04975,PLANNED,BLOG,8987,16,2.62,0.7,1.01,8.0,19.3,,0,0,LOW,LOW,0,0,1,0,SLOW,INTERMEDIATE,99.99,1,WEEKEND,0,0,0,2,4
WH-04976,NEW_IDEA,SAAS,322833,3990,21.36,1420.44,1647.71,169.69,133.8,,0,0,HIGH,HIGH,0,0,0,0,RAPID,INTERMEDIATE,99.9,0,NORMAL,1,0,1,32,64
WH-04977,PLANNED,EDUCATION,20560,22,6.9,2.53,3.8,23.7,205.1,,0,1,HIGH,HIGH,0,0,0,0,STABLE,INTERMEDIATE,99.95,1,NORMAL,0,0,1,2,8
WH-04978,NEW_IDEA,ECOMMERCE,14875,213,5.97,21.19,88.8,46.37,35.0,,0,0,HIGH,HIGH,0,0,0,0,MEDIUM,INTERMEDIATE,99.9,0,EVENT_DRIVEN,0,0,1,4,8
WH-04979,LIVE_URL,ECOMMERCE,596267,491,14.45,118.25,218.76,43.21,51.8,86.1,1,0,HIGH,HIGH,0,0,0,0,SLOW,INTERMEDIATE,99.95,1,WEEKEND,0,0,1,16,32
WH-04980,NEW_IDEA,API_SERVICE,309954,4227,14.41,1015.18,1756.27,172.6,22.3,,0,1,MEDIUM,VERY_HIGH,0,0,0,0,RAPID,BEGINNER,99.9,0,SEASONAL,0,1,1,32,64
WH-04981,PLANNED,PORTFOLIO,9533,9,3.57,0.54,0.73,22.39,47.4,,0,0,LOW,LOW,0,0,1,0,STABLE,BEGINNER,BASIC,0,NORMAL,0,0,1,2,4
WH-04982,NEW_IDEA,ECOMMERCE,28139,34,8.18,4.64,6.26,34.84,42.9,,0,1,MEDIUM,HIGH,0,0,1,0,MEDIUM,BEGINNER,99.5,0,NORMAL,0,0,0,1,8
WH-04983,LIVE_URL,BLOG,4628,36,2.16,1.3,2.09,13.52,50.9,93.6,1,0,LOW,LOW,0,0,1,0,STABLE,INTERMEDIATE,99.9,0,BUSINESS_HOURS,0,0,1,1,4
WH-04984,LIVE_URL,EDUCATION,3799,65,8.35,9.05,15.29,20.03,132.1,79.1,1,0,MEDIUM,LOW,0,0,1,0,MEDIUM,BEGINNER,99.9,0,EVENING,0,0,0,1,4
WH-04985,LIVE_URL,API_SERVICE,460538,2460,31.81,1304.21,2725.8,303.6,68.6,74.0,1,1,MEDIUM,VERY_HIGH,0,0,1,0,MEDIUM,INTERMEDIATE,99.5,0,EVENING,0,0,1,32,64
WH-04986,NEW_IDEA,SAAS,1569627,136,16.12,36.54,62.85,36.81,183.2,,0,0,HIGH,HIGH,0,0,1,0,RAPID,INTERMEDIATE,99.9,0,EVENING,0,0,1,4,8
WH-04987,NEW_IDEA,BLOG,7062,16,2.53,0.67,0.9,12.41,17.4,,0,0,LOW,LOW,0,0,0,0,MEDIUM,ADVANCED,99.95,1,NORMAL,0,0,0,2,4
WH-04988,PLANNED,API_SERVICE,98746,2102,32.42,1135.78,2067.12,563.3,33.8,,0,1,HIGH,VERY_HIGH,0,0,1,0,MEDIUM,INTERMEDIATE,99.9,0,EVENING,0,1,1,32,64
WH-04989,LIVE_URL,CORPORATE,17678,50,2.05,1.71,3.37,25.81,57.5,71.3,1,1,LOW,LOW,0,0,0,1,SLOW,BEGINNER,99.5,0,BUSINESS_HOURS,0,0,1,2,4
WH-04990,LIVE_URL,NEWS,371271,117,4.48,8.74,12.58,32.93,117.0,67.9,1,0,MEDIUM,MEDIUM,0,0,1,0,STABLE,INTERMEDIATE,99.9,0,NORMAL,0,0,0,2,4
WH-04991,LIVE_URL,SAAS,112955,2757,22.82,1048.58,4026.54,220.94,20.8,81.2,1,0,HIGH,HIGH,1,1762,1,0,SLOW,INTERMEDIATE,99.95,1,EVENT_DRIVEN,1,0,0,32,64
WH-04992,PLANNED,API_SERVICE,391230,2877,19.14,917.76,2377.01,338.78,40.8,,0,0,MEDIUM,VERY_HIGH,0,0,1,0,STABLE,INTERMEDIATE,99.5,0,EVENT_DRIVEN,0,0,1,32,64
WH-04993,LIVE_URL,API_SERVICE,604639,2994,32.45,1619.26,5052.08,606.78,26.0,57.5,1,0,MEDIUM,VERY_HIGH,0,0,1,0,MEDIUM,INTERMEDIATE,99.5,0,EVENT_DRIVEN,0,0,0,32,64
WH-04994,PLANNED,SAAS,774960,1205,22.32,448.26,1299.95,366.93,108.0,,0,1,HIGH,HIGH,0,0,0,0,RAPID,INTERMEDIATE,99.9,0,EVENT_DRIVEN,1,1,1,32,64
WH-04995,NEW_IDEA,API_SERVICE,61413,694,24.06,278.29,403.53,242.01,21.7,,0,0,MEDIUM,HIGH,0,0,0,0,MEDIUM,ADVANCED,99.95,1,BUSINESS_HOURS,1,0,0,32,64
WH-04996,LIVE_URL,CORPORATE,38337,97,3.07,4.96,9.48,21.42,43.0,51.4,1,1,LOW,LOW,0,0,0,0,STABLE,INTERMEDIATE,99.9,0,EVENING,0,1,1,2,4
WH-04997,PLANNED,SAAS,117986,2152,18.06,647.75,1943.26,811.23,135.4,,0,0,VERY_HIGH,HIGH,0,0,1,1,RAPID,INTERMEDIATE,99.99,1,EVENT_DRIVEN,1,0,1,32,64
WH-04998,NEW_IDEA,BLOG,21620,31,4.19,2.16,7.56,10.15,16.4,,0,1,LOW,LOW,0,0,0,0,STABLE,INTERMEDIATE,99.9,0,SEASONAL,0,0,1,2,4
WH-04999,PLANNED,CORPORATE,2804,10,1.64,0.27,0.94,13.16,11.1,,0,0,LOW,LOW,0,0,0,0,RAPID,ADVANCED,99.95,1,EVENT_DRIVEN,0,0,1,2,4
WH-05000,NEW_IDEA,SAAS,1738015,6355,18.6,1970.05,3014.18,527.65,162.7,,0,0,HIGH,HIGH,0,0,1,0,RAPID,INTERMEDIATE,99.99,1,NORMAL,0,0,1,32,64
